min_len_km,rank,ss_estimate,ss_lb,ss_ub,cms_estimate,exact_support,length_km,n_cells,subroute
1,1,84252,77876,84252,85132.0,,1.082,4,8939220f533ffff>8939220f5abffff>8939220f517ffff>8939220f513ffff
1,2,81039,74663,81039,82114.0,,1.104,4,8939220f00fffff>8939220f003ffff>8939220f013ffff>8939220f08bffff
1,3,78875,72499,78875,79845.0,,1.071,4,8939220f027ffff>8939220f023ffff>8939220f03bffff>8939220f00fffff
1,4,76064,69688,76064,76873.0,,1.082,4,8939220f023ffff>8939220f03bffff>8939220f00fffff>8939220f003ffff
1,5,73898,67522,73898,75025.0,,1.104,4,8939220f417ffff>8939220f48fffff>8939220f483ffff>8939220f493ffff
1,6,73815,67439,73815,74913.0,,1.104,4,8939220f48fffff>8939220f483ffff>8939220f493ffff>89392201a2bffff
1,7,73748,67372,73748,75515.0,,1.472,5,8939220f417ffff>8939220f48fffff>8939220f483ffff>8939220f493ffff>89392201a2bffff
1,8,73700,67324,73700,74720.0,,1.071,4,8939220f5c7ffff>8939220f5c3ffff>8939220f5dbffff>8939220f4afffff
1,9,73635,67259,73635,74866.0,,1.071,4,8939220f5c3ffff>8939220f5dbffff>8939220f4afffff>8939220f4abffff
1,10,73574,67198,73574,74511.0,,1.429,5,8939220f5c7ffff>8939220f5c3ffff>8939220f5dbffff>8939220f4afffff>8939220f4abffff
1,11,72211,65835,72211,73439.0,,1.104,4,8939220f407ffff>8939220f417ffff>8939220f48fffff>8939220f483ffff
1,12,72160,65784,72160,73820.0,,1.472,5,8939220f407ffff>8939220f417ffff>8939220f48fffff>8939220f483ffff>8939220f493ffff
1,13,72015,65639,72015,72831.0,,1.84,6,8939220f407ffff>8939220f417ffff>8939220f48fffff>8939220f483ffff>8939220f493ffff>89392201a2bffff
1,14,71771,65395,71771,73034.0,,1.071,4,8939220f5abffff>8939220f517ffff>8939220f513ffff>8939220f5c7ffff
1,15,71718,65342,71718,72669.0,,1.439,5,8939220f533ffff>8939220f5abffff>8939220f517ffff>8939220f513ffff>8939220f5c7ffff
1,16,71429,65053,71429,72475.0,,1.093,4,8939220f03bffff>8939220f00fffff>8939220f003ffff>8939220f013ffff
1,17,70298,63922,70298,71226.0,,1.45,5,8939220f023ffff>8939220f03bffff>8939220f00fffff>8939220f003ffff>8939220f013ffff
1,18,69751,63375,69751,70918.0,,1.071,4,8939220f517ffff>8939220f513ffff>8939220f5c7ffff>8939220f5c3ffff
1,19,69745,63369,69745,70793.0,,1.071,4,8939220f513ffff>8939220f5c7ffff>8939220f5c3ffff>8939220f5dbffff
1,20,69705,63329,69705,70562.0,,1.429,5,8939220f513ffff>8939220f5c7ffff>8939220f5c3ffff>8939220f5dbffff>8939220f4afffff
1,21,69698,63322,69698,70777.0,,1.428,5,8939220f517ffff>8939220f513ffff>8939220f5c7ffff>8939220f5c3ffff>8939220f5dbffff
1,22,69685,63309,69685,71055.0,,1.079,4,8939220f5dbffff>8939220f4afffff>8939220f4abffff>8939220f407ffff
1,23,69659,63283,69659,71055.0,,1.786,6,8939220f517ffff>8939220f513ffff>8939220f5c7ffff>8939220f5c3ffff>8939220f5dbffff>8939220f4afffff
1,24,69593,63217,69593,70620.0,,1.786,6,8939220f513ffff>8939220f5c7ffff>8939220f5c3ffff>8939220f5dbffff>8939220f4afffff>8939220f4abffff
1,25,69588,63212,69588,70995.0,,1.437,5,8939220f5c3ffff>8939220f5dbffff>8939220f4afffff>8939220f4abffff>8939220f407ffff
1,26,69547,63171,69547,70658.0,,2.143,7,8939220f517ffff>8939220f513ffff>8939220f5c7ffff>8939220f5c3ffff>8939220f5dbffff>8939220f4afffff>8939220f4abffff
1,27,69528,63152,69528,70424.0,,1.794,6,8939220f5c7ffff>8939220f5c3ffff>8939220f5dbffff>8939220f4afffff>8939220f4abffff>8939220f407ffff
1,28,68133,61757,68133,69220.0,,1.098,4,8939220f1cbffff>8939220f1dbffff>8939220f1d3ffff>8939220f56fffff
1,29,67825,61449,67825,68851.0,,1.079,4,8939220f00fffff>8939220f03bffff>8939220f077ffff>8939220f02bffff
1,30,67807,61431,67807,68924.0,,1.095,4,8939220f1d3ffff>8939220f56fffff>8939220f567ffff>8939220f52bffff
1,31,66730,60354,66730,67921.0,,1.082,4,8939220f537ffff>8939220f533ffff>8939220f5abffff>8939220f517ffff
1,32,66413,60037,66413,67748.0,,1.093,4,8939220f027ffff>8939220f037ffff>8939220f1cbffff>8939220f1dbffff
1,33,65681,59305,65681,66582.0,,2.151,7,8939220f513ffff>8939220f5c7ffff>8939220f5c3ffff>8939220f5dbffff>8939220f4afffff>8939220f4abffff>8939220f407ffff
1,34,65639,59263,65639,66385.0,,2.508,8,8939220f517ffff>8939220f513ffff>8939220f5c7ffff>8939220f5c3ffff>8939220f5dbffff>8939220f4afffff>8939220f4abffff>8939220f407ffff
1,35,64694,58318,64694,65757.0,,1.093,4,8939220f003ffff>8939220f013ffff>8939220f08bffff>8939220f0d7ffff
1,36,63656,57280,63656,64843.0,,1.082,4,8939220f013ffff>8939220f08bffff>8939220f0d7ffff>8939220f0d3ffff
1,37,63481,57105,63481,64487.0,,1.079,4,8939220f03bffff>8939220f077ffff>8939220f02bffff>8939220f02fffff
1,38,63238,56862,63238,64073.0,,1.428,5,8939220f5abffff>8939220f517ffff>8939220f513ffff>8939220f5c7ffff>8939220f5c3ffff
1,39,63197,56821,63197,63978.0,,1.786,6,8939220f5abffff>8939220f517ffff>8939220f513ffff>8939220f5c7ffff>8939220f5c3ffff>8939220f5dbffff
1,40,63192,56816,63192,64256.0,,1.796,6,8939220f533ffff>8939220f5abffff>8939220f517ffff>8939220f513ffff>8939220f5c7ffff>8939220f5c3ffff
1,41,63163,56787,63163,64069.0,,2.143,7,8939220f5abffff>8939220f517ffff>8939220f513ffff>8939220f5c7ffff>8939220f5c3ffff>8939220f5dbffff>8939220f4afffff
1,42,63152,56776,63152,64154.0,,2.153,7,8939220f533ffff>8939220f5abffff>8939220f517ffff>8939220f513ffff>8939220f5c7ffff>8939220f5c3ffff>8939220f5dbffff
1,43,63118,56742,63118,64161.0,,2.511,8,8939220f533ffff>8939220f5abffff>8939220f517ffff>8939220f513ffff>8939220f5c7ffff>8939220f5c3ffff>8939220f5dbffff>8939220f4afffff
1,44,63068,56692,63068,63821.0,,2.5,8,8939220f5abffff>8939220f517ffff>8939220f513ffff>8939220f5c7ffff>8939220f5c3ffff>8939220f5dbffff>8939220f4afffff>8939220f4abffff
1,45,63025,56649,63025,63768.0,,2.868,9,8939220f533ffff>8939220f5abffff>8939220f517ffff>8939220f513ffff>8939220f5c7ffff>8939220f5c3ffff>8939220f5dbffff>8939220f4afffff>8939220f4abffff
1,46,62616,56240,62616,64160.0,,1.461,5,8939220f00fffff>8939220f003ffff>8939220f013ffff>8939220f08bffff>8939220f0d7ffff
1,47,61951,55575,61951,62780.0,,1.09,4,8939220f037ffff>8939220f1cbffff>8939220f1dbffff>8939220f1d3ffff
1,48,61460,55084,61460,62271.0,,1.098,4,89392201ca7ffff>8939220036bffff>89392200363ffff>89392200373ffff
1,49,61011,54635,61011,62179.0,,1.095,4,8939220f1dbffff>8939220f1d3ffff>8939220f56fffff>8939220f567ffff
1,50,59861,53485,59861,60654.0,,1.101,4,89392201dcbffff>89392201ddbffff>89392201ca7ffff>8939220036bffff
1,51,59855,53479,59855,61018.0,,1.098,4,89392201ddbffff>89392201ca7ffff>8939220036bffff>89392200363ffff
1,52,59820,53444,59820,61885.0,,1.466,5,89392201dcbffff>89392201ddbffff>89392201ca7ffff>8939220036bffff>89392200363ffff
1,53,59791,53415,59791,61111.0,,1.466,5,89392201ddbffff>89392201ca7ffff>8939220036bffff>89392200363ffff>89392200373ffff
1,54,59757,53381,59757,60827.0,,1.834,6,89392201dcbffff>89392201ddbffff>89392201ca7ffff>8939220036bffff>89392200363ffff>89392200373ffff
1,55,59713,53337,59713,60956.0,,1.087,4,89392201d4bffff>89392201d43ffff>89392201d5bffff>89392201d53ffff
1,56,59711,53335,59711,60433.0,,1.09,4,89392201d43ffff>89392201d5bffff>89392201d53ffff>89392201dcbffff
1,57,59703,53327,59703,61351.0,,1.455,5,89392201d4bffff>89392201d43ffff>89392201d5bffff>89392201d53ffff>89392201dcbffff
1,58,59683,53307,59683,61020.0,,1.101,4,89392201833ffff>893922018abffff>893922018a3ffff>893922018b3ffff
1,59,59663,53287,59663,61110.0,,1.098,4,8939220183bffff>89392201833ffff>893922018abffff>893922018a3ffff
1,60,59647,53271,59647,60529.0,,1.466,5,8939220183bffff>89392201833ffff>893922018abffff>893922018a3ffff>893922018b3ffff
1,61,59581,53205,59581,60794.0,,1.439,5,8939220f537ffff>8939220f533ffff>8939220f5abffff>8939220f517ffff>8939220f513ffff
1,62,59532,53156,59532,60605.0,,2.865,9,8939220f5abffff>8939220f517ffff>8939220f513ffff>8939220f5c7ffff>8939220f5c3ffff>8939220f5dbffff>8939220f4afffff>8939220f4abffff>8939220f407ffff
1,63,59492,53116,59492,60592.0,,3.233,10,8939220f533ffff>8939220f5abffff>8939220f517ffff>8939220f513ffff>8939220f5c7ffff>8939220f5c3ffff>8939220f5dbffff>8939220f4afffff>8939220f4abffff>8939220f407ffff
1,64,59449,53073,59449,60388.0,,1.101,4,89392201d5bffff>89392201d53ffff>89392201dcbffff>89392201ddbffff
1,65,59443,53067,59443,60507.0,,1.458,5,89392201d43ffff>89392201d5bffff>89392201d53ffff>89392201dcbffff>89392201ddbffff
1,66,59435,53059,59435,60610.0,,1.823,6,89392201d4bffff>89392201d43ffff>89392201d5bffff>89392201d53ffff>89392201dcbffff>89392201ddbffff
1,67,59349,52973,59349,60629.0,,1.104,4,89392201d53ffff>89392201dcbffff>89392201ddbffff>89392201ca7ffff
1,68,59329,52953,59329,60172.0,,1.469,5,89392201d5bffff>89392201d53ffff>89392201dcbffff>89392201ddbffff>89392201ca7ffff
1,69,59323,52947,59323,60411.0,,1.826,6,89392201d43ffff>89392201d5bffff>89392201d53ffff>89392201dcbffff>89392201ddbffff>89392201ca7ffff
1,70,59316,52940,59316,60424.0,,2.191,7,89392201d4bffff>89392201d43ffff>89392201d5bffff>89392201d53ffff>89392201dcbffff>89392201ddbffff>89392201ca7ffff
1,71,59291,52915,59291,60108.0,,1.469,5,89392201d53ffff>89392201dcbffff>89392201ddbffff>89392201ca7ffff>8939220036bffff
1,72,59273,52897,59273,60405.0,,1.834,6,89392201d5bffff>89392201d53ffff>89392201dcbffff>89392201ddbffff>89392201ca7ffff>8939220036bffff
1,73,59267,52891,59267,60152.0,,2.191,7,89392201d43ffff>89392201d5bffff>89392201d53ffff>89392201dcbffff>89392201ddbffff>89392201ca7ffff>8939220036bffff
1,74,59261,52885,59261,60137.0,,2.556,8,89392201d4bffff>89392201d43ffff>89392201d5bffff>89392201d53ffff>89392201dcbffff>89392201ddbffff>89392201ca7ffff>8939220036bffff
1,75,59251,52875,59251,60151.0,,1.834,6,89392201d53ffff>89392201dcbffff>89392201ddbffff>89392201ca7ffff>8939220036bffff>89392200363ffff
1,76,59233,52857,59233,60243.0,,2.199,7,89392201d5bffff>89392201d53ffff>89392201dcbffff>89392201ddbffff>89392201ca7ffff>8939220036bffff>89392200363ffff
1,77,59227,52851,59227,60300.0,,2.556,8,89392201d43ffff>89392201d5bffff>89392201d53ffff>89392201dcbffff>89392201ddbffff>89392201ca7ffff>8939220036bffff>89392200363ffff
1,78,59221,52845,59221,60102.0,,2.921,9,89392201d4bffff>89392201d43ffff>89392201d5bffff>89392201d53ffff>89392201dcbffff>89392201ddbffff>89392201ca7ffff>8939220036bffff>89392200363ffff
1,79,59189,52813,59189,59911.0,,2.202,7,89392201d53ffff>89392201dcbffff>89392201ddbffff>89392201ca7ffff>8939220036bffff>89392200363ffff>89392200373ffff
1,80,59171,52795,59171,60099.0,,2.567,8,89392201d5bffff>89392201d53ffff>89392201dcbffff>89392201ddbffff>89392201ca7ffff>8939220036bffff>89392200363ffff>89392200373ffff
1,81,59165,52789,59165,60180.0,,2.924,9,89392201d43ffff>89392201d5bffff>89392201d53ffff>89392201dcbffff>89392201ddbffff>89392201ca7ffff>8939220036bffff>89392200363ffff>89392200373ffff
1,82,59159,52783,59159,60515.0,,3.289,10,89392201d4bffff>89392201d43ffff>89392201d5bffff>89392201d53ffff>89392201dcbffff>89392201ddbffff>89392201ca7ffff>8939220036bffff>89392200363ffff>89392200373ffff
1,83,58871,52495,58871,59818.0,,1.09,4,893922018b3ffff>89392201d4bffff>89392201d43ffff>89392201d5bffff
1,84,58864,52488,58864,59807.0,,1.455,5,893922018b3ffff>89392201d4bffff>89392201d43ffff>89392201d5bffff>89392201d53ffff
1,85,58863,52487,58863,60166.0,,1.101,4,893922018a3ffff>893922018b3ffff>89392201d4bffff>89392201d43ffff
1,86,58861,52485,58861,59815.0,,1.458,5,893922018a3ffff>893922018b3ffff>89392201d4bffff>89392201d43ffff>89392201d5bffff
1,87,58858,52482,58858,59742.0,,1.101,4,893922018abffff>893922018a3ffff>893922018b3ffff>89392201d4bffff
1,88,58854,52478,58854,59832.0,,1.823,6,893922018a3ffff>893922018b3ffff>89392201d4bffff>89392201d43ffff>89392201d5bffff>89392201d53ffff
1,89,58853,52477,58853,60063.0,,1.823,6,893922018b3ffff>89392201d4bffff>89392201d43ffff>89392201d5bffff>89392201d53ffff>89392201dcbffff
1,90,58852,52476,58852,59794.0,,1.466,5,893922018abffff>893922018a3ffff>893922018b3ffff>89392201d4bffff>89392201d43ffff
1,91,58850,52474,58850,59861.0,,1.823,6,893922018abffff>893922018a3ffff>893922018b3ffff>89392201d4bffff>89392201d43ffff>89392201d5bffff
1,92,58843,52467,58843,60139.0,,2.188,7,893922018abffff>893922018a3ffff>893922018b3ffff>89392201d4bffff>89392201d43ffff>89392201d5bffff>89392201d53ffff
1,93,58843,52467,58843,59685.0,,2.191,7,893922018a3ffff>893922018b3ffff>89392201d4bffff>89392201d43ffff>89392201d5bffff>89392201d53ffff>89392201dcbffff
1,94,58838,52462,58838,59666.0,,1.469,5,89392201833ffff>893922018abffff>893922018a3ffff>893922018b3ffff>89392201d4bffff
1,95,58833,52457,58833,60042.0,,1.834,6,89392201833ffff>893922018abffff>893922018a3ffff>893922018b3ffff>89392201d4bffff>89392201d43ffff
1,96,58832,52456,58832,59998.0,,2.556,8,893922018abffff>893922018a3ffff>893922018b3ffff>89392201d4bffff>89392201d43ffff>89392201d5bffff>89392201d53ffff>89392201dcbffff
1,97,58831,52455,58831,59989.0,,2.191,7,89392201833ffff>893922018abffff>893922018a3ffff>893922018b3ffff>89392201d4bffff>89392201d43ffff>89392201d5bffff
1,98,58824,52448,58824,59961.0,,2.556,8,89392201833ffff>893922018abffff>893922018a3ffff>893922018b3ffff>89392201d4bffff>89392201d43ffff>89392201d5bffff>89392201d53ffff
1,99,58813,52437,58813,60031.0,,2.924,9,89392201833ffff>893922018abffff>893922018a3ffff>893922018b3ffff>89392201d4bffff>89392201d43ffff>89392201d5bffff>89392201d53ffff>89392201dcbffff
1,100,58802,52426,58802,59793.0,,1.834,6,8939220183bffff>89392201833ffff>893922018abffff>893922018a3ffff>893922018b3ffff>89392201d4bffff
3,1,59492,55146,59492,60592.0,,3.233,10,8939220f533ffff>8939220f5abffff>8939220f517ffff>8939220f513ffff>8939220f5c7ffff>8939220f5c3ffff>8939220f5dbffff>8939220f4afffff>8939220f4abffff>8939220f407ffff
3,2,59159,54813,59159,60515.0,,3.289,10,89392201d4bffff>89392201d43ffff>89392201d5bffff>89392201d53ffff>89392201dcbffff>89392201ddbffff>89392201ca7ffff>8939220036bffff>89392200363ffff>89392200373ffff
3,3,58779,54433,58779,59615.0,,3.289,10,8939220183bffff>89392201833ffff>893922018abffff>893922018a3ffff>893922018b3ffff>89392201d4bffff>89392201d43ffff>89392201d5bffff>89392201d53ffff>89392201dcbffff
3,4,58563,54217,58563,59402.0,,3.292,10,89392201833ffff>893922018abffff>893922018a3ffff>893922018b3ffff>89392201d4bffff>89392201d43ffff>89392201d5bffff>89392201d53ffff>89392201dcbffff>89392201ddbffff
3,5,58529,54183,58529,60042.0,,3.657,11,8939220183bffff>89392201833ffff>893922018abffff>893922018a3ffff>893922018b3ffff>89392201d4bffff>89392201d43ffff>89392201d5bffff>89392201d53ffff>89392201dcbffff>89392201ddbffff
3,6,58465,54119,58465,59493.0,,3.292,10,893922018abffff>893922018a3ffff>893922018b3ffff>89392201d4bffff>89392201d43ffff>89392201d5bffff>89392201d53ffff>89392201dcbffff>89392201ddbffff>89392201ca7ffff
3,7,58448,54102,58448,59536.0,,3.66,11,89392201833ffff>893922018abffff>893922018a3ffff>893922018b3ffff>89392201d4bffff>89392201d43ffff>89392201d5bffff>89392201d53ffff>89392201dcbffff>89392201ddbffff>89392201ca7ffff
3,8,58422,54076,58422,60045.0,,3.292,10,893922018a3ffff>893922018b3ffff>89392201d4bffff>89392201d43ffff>89392201d5bffff>89392201d53ffff>89392201dcbffff>89392201ddbffff>89392201ca7ffff>8939220036bffff
3,9,58414,54068,58414,59461.0,,4.025,12,8939220183bffff>89392201833ffff>893922018abffff>893922018a3ffff>893922018b3ffff>89392201d4bffff>89392201d43ffff>89392201d5bffff>89392201d53ffff>89392201dcbffff>89392201ddbffff>89392201ca7ffff
3,10,58411,54065,58411,59148.0,,3.657,11,893922018abffff>893922018a3ffff>893922018b3ffff>89392201d4bffff>89392201d43ffff>89392201d5bffff>89392201d53ffff>89392201dcbffff>89392201ddbffff>89392201ca7ffff>8939220036bffff
3,11,58394,54048,58394,59487.0,,4.025,12,89392201833ffff>893922018abffff>893922018a3ffff>893922018b3ffff>89392201d4bffff>89392201d43ffff>89392201d5bffff>89392201d53ffff>89392201dcbffff>89392201ddbffff>89392201ca7ffff>8939220036bffff
3,12,58390,54044,58390,59752.0,,3.289,10,893922018b3ffff>89392201d4bffff>89392201d43ffff>89392201d5bffff>89392201d53ffff>89392201dcbffff>89392201ddbffff>89392201ca7ffff>8939220036bffff>89392200363ffff
3,13,58382,54036,58382,59362.0,,3.657,11,893922018a3ffff>893922018b3ffff>89392201d4bffff>89392201d43ffff>89392201d5bffff>89392201d53ffff>89392201dcbffff>89392201ddbffff>89392201ca7ffff>8939220036bffff>89392200363ffff
3,14,58371,54025,58371,59253.0,,4.022,12,893922018abffff>893922018a3ffff>893922018b3ffff>89392201d4bffff>89392201d43ffff>89392201d5bffff>89392201d53ffff>89392201dcbffff>89392201ddbffff>89392201ca7ffff>8939220036bffff>89392200363ffff
3,15,58361,54015,58361,59905.0,,4.39,13,8939220183bffff>89392201833ffff>893922018abffff>893922018a3ffff>893922018b3ffff>89392201d4bffff>89392201d43ffff>89392201d5bffff>89392201d53ffff>89392201dcbffff>89392201ddbffff>89392201ca7ffff>8939220036bffff
3,16,58354,54008,58354,59677.0,,4.39,13,89392201833ffff>893922018abffff>893922018a3ffff>893922018b3ffff>89392201d4bffff>89392201d43ffff>89392201d5bffff>89392201d53ffff>89392201dcbffff>89392201ddbffff>89392201ca7ffff>8939220036bffff>89392200363ffff
3,17,58331,53985,58331,59516.0,,3.657,11,893922018b3ffff>89392201d4bffff>89392201d43ffff>89392201d5bffff>89392201d53ffff>89392201dcbffff>89392201ddbffff>89392201ca7ffff>8939220036bffff>89392200363ffff>89392200373ffff
3,18,58324,53978,58324,60135.0,,4.025,12,893922018a3ffff>893922018b3ffff>89392201d4bffff>89392201d43ffff>89392201d5bffff>89392201d53ffff>89392201dcbffff>89392201ddbffff>89392201ca7ffff>8939220036bffff>89392200363ffff>89392200373ffff
3,19,58321,53975,58321,59311.0,,4.755,14,8939220183bffff>89392201833ffff>893922018abffff>893922018a3ffff>893922018b3ffff>89392201d4bffff>89392201d43ffff>89392201d5bffff>89392201d53ffff>89392201dcbffff>89392201ddbffff>89392201ca7ffff>8939220036bffff>89392200363ffff
3,20,58313,53967,58313,59544.0,,4.39,13,893922018abffff>893922018a3ffff>893922018b3ffff>89392201d4bffff>89392201d43ffff>89392201d5bffff>89392201d53ffff>89392201dcbffff>89392201ddbffff>89392201ca7ffff>8939220036bffff>89392200363ffff>89392200373ffff
3,21,58296,53950,58296,59172.0,,4.758,14,89392201833ffff>893922018abffff>893922018a3ffff>893922018b3ffff>89392201d4bffff>89392201d43ffff>89392201d5bffff>89392201d53ffff>89392201dcbffff>89392201ddbffff>89392201ca7ffff>8939220036bffff>89392200363ffff>89392200373ffff
3,22,58263,53917,58263,59339.0,,5.123,15,8939220183bffff>89392201833ffff>893922018abffff>893922018a3ffff>893922018b3ffff>89392201d4bffff>89392201d43ffff>89392201d5bffff>89392201d53ffff>89392201dcbffff>89392201ddbffff>89392201ca7ffff>8939220036bffff>89392200363ffff>89392200373ffff
3,23,43492,39146,43492,44226.0,,3.225,10,8939220f537ffff>8939220f533ffff>8939220f5abffff>8939220f517ffff>8939220f513ffff>8939220f5c7ffff>8939220f5c3ffff>8939220f5dbffff>8939220f4afffff>8939220f4abffff
3,24,40696,36350,40696,41571.0,,3.59,11,8939220f537ffff>8939220f533ffff>8939220f5abffff>8939220f517ffff>8939220f513ffff>8939220f5c7ffff>8939220f5c3ffff>8939220f5dbffff>8939220f4afffff>8939220f4abffff>8939220f407ffff
3,25,40174,35828,40174,41686.0,,3.311,10,8939220f407ffff>8939220f417ffff>8939220f48fffff>8939220f483ffff>8939220f493ffff>89392201a2bffff>89392201a3bffff>89392201a07ffff>89392201a17ffff>89392201a8fffff
3,26,33279,28933,33279,34222.0,,3.233,10,8939220f407ffff>8939220f4abffff>8939220f4afffff>8939220f5dbffff>8939220f5c3ffff>8939220f5c7ffff>8939220f513ffff>8939220f517ffff>8939220f5abffff>8939220f533ffff
3,27,31464,27118,31464,32700.0,,3.252,10,8939220190bffff>89392201957ffff>89392201953ffff>89392201827ffff>89392201823ffff>8939220183bffff>89392201833ffff>893922018abffff>893922018a3ffff>893922018b3ffff
3,28,31144,26798,31144,32262.0,,3.278,10,89392201823ffff>8939220183bffff>89392201833ffff>893922018abffff>893922018a3ffff>893922018b3ffff>89392201d4bffff>89392201d43ffff>89392201d5bffff>89392201d53ffff
3,29,31138,26792,31138,32282.0,,3.646,11,89392201823ffff>8939220183bffff>89392201833ffff>893922018abffff>893922018a3ffff>893922018b3ffff>89392201d4bffff>89392201d43ffff>89392201d5bffff>89392201d53ffff>89392201dcbffff
3,30,31128,26782,31128,32398.0,,3.27,10,89392201827ffff>89392201823ffff>8939220183bffff>89392201833ffff>893922018abffff>893922018a3ffff>893922018b3ffff>89392201d4bffff>89392201d43ffff>89392201d5bffff
3,31,31124,26778,31124,32093.0,,3.636,11,89392201827ffff>89392201823ffff>8939220183bffff>89392201833ffff>893922018abffff>893922018a3ffff>893922018b3ffff>89392201d4bffff>89392201d43ffff>89392201d5bffff>89392201d53ffff
3,32,31118,26772,31118,32193.0,,4.003,12,89392201827ffff>89392201823ffff>8939220183bffff>89392201833ffff>893922018abffff>893922018a3ffff>893922018b3ffff>89392201d4bffff>89392201d43ffff>89392201d5bffff>89392201d53ffff>89392201dcbffff
3,33,31103,26757,31103,32076.0,,3.27,10,89392201953ffff>89392201827ffff>89392201823ffff>8939220183bffff>89392201833ffff>893922018abffff>893922018a3ffff>893922018b3ffff>89392201d4bffff>89392201d43ffff
3,34,31102,26756,31102,31931.0,,3.628,11,89392201953ffff>89392201827ffff>89392201823ffff>8939220183bffff>89392201833ffff>893922018abffff>893922018a3ffff>893922018b3ffff>89392201d4bffff>89392201d43ffff>89392201d5bffff
3,35,31098,26752,31098,32302.0,,3.993,12,89392201953ffff>89392201827ffff>89392201823ffff>8939220183bffff>89392201833ffff>893922018abffff>893922018a3ffff>893922018b3ffff>89392201d4bffff>89392201d43ffff>89392201d5bffff>89392201d53ffff
3,36,31092,26746,31092,32023.0,,4.361,13,89392201953ffff>89392201827ffff>89392201823ffff>8939220183bffff>89392201833ffff>893922018abffff>893922018a3ffff>893922018b3ffff>89392201d4bffff>89392201d43ffff>89392201d5bffff>89392201d53ffff>89392201dcbffff
3,37,31080,26734,31080,32103.0,,3.241,10,8939220190fffff>8939220190bffff>89392201957ffff>89392201953ffff>89392201827ffff>89392201823ffff>8939220183bffff>89392201833ffff>893922018abffff>893922018a3ffff
3,38,31078,26732,31078,32580.0,,3.262,10,89392201957ffff>89392201953ffff>89392201827ffff>89392201823ffff>8939220183bffff>89392201833ffff>893922018abffff>893922018a3ffff>893922018b3ffff>89392201d4bffff
3,39,31076,26730,31076,32195.0,,3.628,11,89392201957ffff>89392201953ffff>89392201827ffff>89392201823ffff>8939220183bffff>89392201833ffff>893922018abffff>893922018a3ffff>893922018b3ffff>89392201d4bffff>89392201d43ffff
3,40,31075,26729,31075,32395.0,,3.609,11,8939220190fffff>8939220190bffff>89392201957ffff>89392201953ffff>89392201827ffff>89392201823ffff>8939220183bffff>89392201833ffff>893922018abffff>893922018a3ffff>893922018b3ffff
3,41,31075,26729,31075,31924.0,,3.985,12,89392201957ffff>89392201953ffff>89392201827ffff>89392201823ffff>8939220183bffff>89392201833ffff>893922018abffff>893922018a3ffff>893922018b3ffff>89392201d4bffff>89392201d43ffff>89392201d5bffff
3,42,31071,26725,31071,32043.0,,4.35,13,89392201957ffff>89392201953ffff>89392201827ffff>89392201823ffff>8939220183bffff>89392201833ffff>893922018abffff>893922018a3ffff>893922018b3ffff>89392201d4bffff>89392201d43ffff>89392201d5bffff>89392201d53ffff
3,43,31065,26719,31065,32196.0,,4.718,14,89392201957ffff>89392201953ffff>89392201827ffff>89392201823ffff>8939220183bffff>89392201833ffff>893922018abffff>893922018a3ffff>893922018b3ffff>89392201d4bffff>89392201d43ffff>89392201d5bffff>89392201d53ffff>89392201dcbffff
3,44,31045,26699,31045,32099.0,,3.62,11,8939220190bffff>89392201957ffff>89392201953ffff>89392201827ffff>89392201823ffff>8939220183bffff>89392201833ffff>893922018abffff>893922018a3ffff>893922018b3ffff>89392201d4bffff
3,45,31043,26697,31043,32215.0,,3.985,12,8939220190bffff>89392201957ffff>89392201953ffff>89392201827ffff>89392201823ffff>8939220183bffff>89392201833ffff>893922018abffff>893922018a3ffff>893922018b3ffff>89392201d4bffff>89392201d43ffff
3,46,31042,26696,31042,32222.0,,4.342,13,8939220190bffff>89392201957ffff>89392201953ffff>89392201827ffff>89392201823ffff>8939220183bffff>89392201833ffff>893922018abffff>893922018a3ffff>893922018b3ffff>89392201d4bffff>89392201d43ffff>89392201d5bffff
3,47,31038,26692,31038,33972.0,,4.707,14,8939220190bffff>89392201957ffff>89392201953ffff>89392201827ffff>89392201823ffff>8939220183bffff>89392201833ffff>893922018abffff>893922018a3ffff>893922018b3ffff>89392201d4bffff>89392201d43ffff>89392201d5bffff>89392201d53ffff
3,48,31032,26686,31032,31827.0,,5.075,15,8939220190bffff>89392201957ffff>89392201953ffff>89392201827ffff>89392201823ffff>8939220183bffff>89392201833ffff>893922018abffff>893922018a3ffff>893922018b3ffff>89392201d4bffff>89392201d43ffff>89392201d5bffff>89392201d53ffff>89392201dcbffff
3,49,31028,26682,31028,32105.0,,4.014,12,89392201823ffff>8939220183bffff>89392201833ffff>893922018abffff>893922018a3ffff>893922018b3ffff>89392201d4bffff>89392201d43ffff>89392201d5bffff>89392201d53ffff>89392201dcbffff>89392201ddbffff
3,50,31008,26662,31008,32116.0,,4.371,13,89392201827ffff>89392201823ffff>8939220183bffff>89392201833ffff>893922018abffff>893922018a3ffff>893922018b3ffff>89392201d4bffff>89392201d43ffff>89392201d5bffff>89392201d53ffff>89392201dcbffff>89392201ddbffff
3,51,30982,26636,30982,31844.0,,4.728,14,89392201953ffff>89392201827ffff>89392201823ffff>8939220183bffff>89392201833ffff>893922018abffff>893922018a3ffff>893922018b3ffff>89392201d4bffff>89392201d43ffff>89392201d5bffff>89392201d53ffff>89392201dcbffff>89392201ddbffff
3,52,30957,26611,30957,32094.0,,5.086,15,89392201957ffff>89392201953ffff>89392201827ffff>89392201823ffff>8939220183bffff>89392201833ffff>893922018abffff>893922018a3ffff>893922018b3ffff>89392201d4bffff>89392201d43ffff>89392201d5bffff>89392201d53ffff>89392201dcbffff>89392201ddbffff
3,53,30941,26595,30941,32231.0,,4.382,13,89392201823ffff>8939220183bffff>89392201833ffff>893922018abffff>893922018a3ffff>893922018b3ffff>89392201d4bffff>89392201d43ffff>89392201d5bffff>89392201d53ffff>89392201dcbffff>89392201ddbffff>89392201ca7ffff
3,54,30925,26579,30925,31730.0,,5.443,16,8939220190bffff>89392201957ffff>89392201953ffff>89392201827ffff>89392201823ffff>8939220183bffff>89392201833ffff>893922018abffff>893922018a3ffff>893922018b3ffff>89392201d4bffff>89392201d43ffff>89392201d5bffff>89392201d53ffff>89392201dcbffff>89392201ddbffff
3,55,30921,26575,30921,31939.0,,4.739,14,89392201827ffff>89392201823ffff>8939220183bffff>89392201833ffff>893922018abffff>893922018a3ffff>893922018b3ffff>89392201d4bffff>89392201d43ffff>89392201d5bffff>89392201d53ffff>89392201dcbffff>89392201ddbffff>89392201ca7ffff
3,56,30908,26562,30908,32425.0,,4.747,14,89392201823ffff>8939220183bffff>89392201833ffff>893922018abffff>893922018a3ffff>893922018b3ffff>89392201d4bffff>89392201d43ffff>89392201d5bffff>89392201d53ffff>89392201dcbffff>89392201ddbffff>89392201ca7ffff>8939220036bffff
3,57,30895,26549,30895,31664.0,,5.096,15,89392201953ffff>89392201827ffff>89392201823ffff>8939220183bffff>89392201833ffff>893922018abffff>893922018a3ffff>893922018b3ffff>89392201d4bffff>89392201d43ffff>89392201d5bffff>89392201d53ffff>89392201dcbffff>89392201ddbffff>89392201ca7ffff
3,58,30888,26542,30888,32286.0,,5.104,15,89392201827ffff>89392201823ffff>8939220183bffff>89392201833ffff>893922018abffff>893922018a3ffff>893922018b3ffff>89392201d4bffff>89392201d43ffff>89392201d5bffff>89392201d53ffff>89392201dcbffff>89392201ddbffff>89392201ca7ffff>8939220036bffff
3,59,30884,26538,30884,31991.0,,5.112,15,89392201823ffff>8939220183bffff>89392201833ffff>893922018abffff>893922018a3ffff>893922018b3ffff>89392201d4bffff>89392201d43ffff>89392201d5bffff>89392201d53ffff>89392201dcbffff>89392201ddbffff>89392201ca7ffff>8939220036bffff>89392200363ffff
3,60,30870,26524,30870,31874.0,,5.454,16,89392201957ffff>89392201953ffff>89392201827ffff>89392201823ffff>8939220183bffff>89392201833ffff>893922018abffff>893922018a3ffff>893922018b3ffff>89392201d4bffff>89392201d43ffff>89392201d5bffff>89392201d53ffff>89392201dcbffff>89392201ddbffff>89392201ca7ffff
3,61,30865,26519,30865,32307.0,,5.469,16,89392201827ffff>89392201823ffff>8939220183bffff>89392201833ffff>893922018abffff>893922018a3ffff>893922018b3ffff>89392201d4bffff>89392201d43ffff>89392201d5bffff>89392201d53ffff>89392201dcbffff>89392201ddbffff>89392201ca7ffff>8939220036bffff>89392200363ffff
3,62,30862,26516,30862,31731.0,,5.462,16,89392201953ffff>89392201827ffff>89392201823ffff>8939220183bffff>89392201833ffff>893922018abffff>893922018a3ffff>893922018b3ffff>89392201d4bffff>89392201d43ffff>89392201d5bffff>89392201d53ffff>89392201dcbffff>89392201ddbffff>89392201ca7ffff>8939220036bffff
3,63,30860,26514,30860,31723.0,,5.48,16,89392201823ffff>8939220183bffff>89392201833ffff>893922018abffff>893922018a3ffff>893922018b3ffff>89392201d4bffff>89392201d43ffff>89392201d5bffff>89392201d53ffff>89392201dcbffff>89392201ddbffff>89392201ca7ffff>8939220036bffff>89392200363ffff>89392200373ffff
3,64,30841,26495,30841,31660.0,,5.837,17,89392201827ffff>89392201823ffff>8939220183bffff>89392201833ffff>893922018abffff>893922018a3ffff>893922018b3ffff>89392201d4bffff>89392201d43ffff>89392201d5bffff>89392201d53ffff>89392201dcbffff>89392201ddbffff>89392201ca7ffff>8939220036bffff>89392200363ffff>89392200373ffff
3,65,30839,26493,30839,31900.0,,5.827,17,89392201953ffff>89392201827ffff>89392201823ffff>8939220183bffff>89392201833ffff>893922018abffff>893922018a3ffff>893922018b3ffff>89392201d4bffff>89392201d43ffff>89392201d5bffff>89392201d53ffff>89392201dcbffff>89392201ddbffff>89392201ca7ffff>8939220036bffff>89392200363ffff
3,66,30838,26492,30838,31952.0,,5.811,17,8939220190bffff>89392201957ffff>89392201953ffff>89392201827ffff>89392201823ffff>8939220183bffff>89392201833ffff>893922018abffff>893922018a3ffff>893922018b3ffff>89392201d4bffff>89392201d43ffff>89392201d5bffff>89392201d53ffff>89392201dcbffff>89392201ddbffff>89392201ca7ffff
3,67,30837,26491,30837,31799.0,,5.819,17,89392201957ffff>89392201953ffff>89392201827ffff>89392201823ffff>8939220183bffff>89392201833ffff>893922018abffff>893922018a3ffff>893922018b3ffff>89392201d4bffff>89392201d43ffff>89392201d5bffff>89392201d53ffff>89392201dcbffff>89392201ddbffff>89392201ca7ffff>8939220036bffff
3,68,30815,26469,30815,31839.0,,6.195,18,89392201953ffff>89392201827ffff>89392201823ffff>8939220183bffff>89392201833ffff>893922018abffff>893922018a3ffff>893922018b3ffff>89392201d4bffff>89392201d43ffff>89392201d5bffff>89392201d53ffff>89392201dcbffff>89392201ddbffff>89392201ca7ffff>8939220036bffff>89392200363ffff>89392200373ffff
3,69,30814,26468,30814,31945.0,,6.184,18,89392201957ffff>89392201953ffff>89392201827ffff>89392201823ffff>8939220183bffff>89392201833ffff>893922018abffff>893922018a3ffff>893922018b3ffff>89392201d4bffff>89392201d43ffff>89392201d5bffff>89392201d53ffff>89392201dcbffff>89392201ddbffff>89392201ca7ffff>8939220036bffff>89392200363ffff
3,70,30805,26459,30805,31641.0,,6.176,18,8939220190bffff>89392201957ffff>89392201953ffff>89392201827ffff>89392201823ffff>8939220183bffff>89392201833ffff>893922018abffff>893922018a3ffff>893922018b3ffff>89392201d4bffff>89392201d43ffff>89392201d5bffff>89392201d53ffff>89392201dcbffff>89392201ddbffff>89392201ca7ffff>8939220036bffff
3,71,30790,26444,30790,31879.0,,6.552,19,89392201957ffff>89392201953ffff>89392201827ffff>89392201823ffff>8939220183bffff>89392201833ffff>893922018abffff>893922018a3ffff>893922018b3ffff>89392201d4bffff>89392201d43ffff>89392201d5bffff>89392201d53ffff>89392201dcbffff>89392201ddbffff>89392201ca7ffff>8939220036bffff>89392200363ffff>89392200373ffff
3,72,30782,26436,30782,31978.0,,6.541,19,8939220190bffff>89392201957ffff>89392201953ffff>89392201827ffff>89392201823ffff>8939220183bffff>89392201833ffff>893922018abffff>893922018a3ffff>893922018b3ffff>89392201d4bffff>89392201d43ffff>89392201d5bffff>89392201d53ffff>89392201dcbffff>89392201ddbffff>89392201ca7ffff>8939220036bffff>89392200363ffff
3,73,30758,26412,30758,31811.0,,6.909,20,8939220190bffff>89392201957ffff>89392201953ffff>89392201827ffff>89392201823ffff>8939220183bffff>89392201833ffff>893922018abffff>893922018a3ffff>893922018b3ffff>89392201d4bffff>89392201d43ffff>89392201d5bffff>89392201d53ffff>89392201dcbffff>89392201ddbffff>89392201ca7ffff>8939220036bffff>89392200363ffff>89392200373ffff
3,74,30657,26311,30657,31654.0,,3.977,12,8939220190fffff>8939220190bffff>89392201957ffff>89392201953ffff>89392201827ffff>89392201823ffff>8939220183bffff>89392201833ffff>893922018abffff>893922018a3ffff>893922018b3ffff>89392201d4bffff
3,75,30655,26309,30655,31572.0,,4.342,13,8939220190fffff>8939220190bffff>89392201957ffff>89392201953ffff>89392201827ffff>89392201823ffff>8939220183bffff>89392201833ffff>893922018abffff>893922018a3ffff>893922018b3ffff>89392201d4bffff>89392201d43ffff
3,76,30654,26308,30654,31562.0,,4.699,14,8939220190fffff>8939220190bffff>89392201957ffff>89392201953ffff>89392201827ffff>89392201823ffff>8939220183bffff>89392201833ffff>893922018abffff>893922018a3ffff>893922018b3ffff>89392201d4bffff>89392201d43ffff>89392201d5bffff
3,77,30650,26304,30650,32545.0,,5.064,15,8939220190fffff>8939220190bffff>89392201957ffff>89392201953ffff>89392201827ffff>89392201823ffff>8939220183bffff>89392201833ffff>893922018abffff>893922018a3ffff>893922018b3ffff>89392201d4bffff>89392201d43ffff>89392201d5bffff>89392201d53ffff
3,78,30644,26298,30644,31508.0,,5.432,16,8939220190fffff>8939220190bffff>89392201957ffff>89392201953ffff>89392201827ffff>89392201823ffff>8939220183bffff>89392201833ffff>893922018abffff>893922018a3ffff>893922018b3ffff>89392201d4bffff>89392201d43ffff>89392201d5bffff>89392201d53ffff>89392201dcbffff
3,79,30537,26191,30537,31587.0,,5.8,17,8939220190fffff>8939220190bffff>89392201957ffff>89392201953ffff>89392201827ffff>89392201823ffff>8939220183bffff>89392201833ffff>893922018abffff>893922018a3ffff>893922018b3ffff>89392201d4bffff>89392201d43ffff>89392201d5bffff>89392201d53ffff>89392201dcbffff>89392201ddbffff
3,80,30450,26104,30450,31461.0,,6.168,18,8939220190fffff>8939220190bffff>89392201957ffff>89392201953ffff>89392201827ffff>89392201823ffff>8939220183bffff>89392201833ffff>893922018abffff>893922018a3ffff>893922018b3ffff>89392201d4bffff>89392201d43ffff>89392201d5bffff>89392201d53ffff>89392201dcbffff>89392201ddbffff>89392201ca7ffff
3,81,30417,26071,30417,31409.0,,6.533,19,8939220190fffff>8939220190bffff>89392201957ffff>89392201953ffff>89392201827ffff>89392201823ffff>8939220183bffff>89392201833ffff>893922018abffff>893922018a3ffff>893922018b3ffff>89392201d4bffff>89392201d43ffff>89392201d5bffff>89392201d53ffff>89392201dcbffff>89392201ddbffff>89392201ca7ffff>8939220036bffff
3,82,30394,26048,30394,31443.0,,6.898,20,8939220190fffff>8939220190bffff>89392201957ffff>89392201953ffff>89392201827ffff>89392201823ffff>8939220183bffff>89392201833ffff>893922018abffff>893922018a3ffff>893922018b3ffff>89392201d4bffff>89392201d43ffff>89392201d5bffff>89392201d53ffff>89392201dcbffff>89392201ddbffff>89392201ca7ffff>8939220036bffff>89392200363ffff
3,83,30370,26024,30370,31153.0,,7.266,21,8939220190fffff>8939220190bffff>89392201957ffff>89392201953ffff>89392201827ffff>89392201823ffff>8939220183bffff>89392201833ffff>893922018abffff>893922018a3ffff>893922018b3ffff>89392201d4bffff>89392201d43ffff>89392201d5bffff>89392201d53ffff>89392201dcbffff>89392201ddbffff>89392201ca7ffff>8939220036bffff>89392200363ffff>89392200373ffff
3,84,30085,25739,30085,31195.0,,3.233,10,8939220f523ffff>8939220f537ffff>8939220f533ffff>8939220f5abffff>8939220f517ffff>8939220f513ffff>8939220f5c7ffff>8939220f5c3ffff>8939220f5dbffff>8939220f4afffff
3,85,30037,25691,30037,30936.0,,3.59,11,8939220f523ffff>8939220f537ffff>8939220f533ffff>8939220f5abffff>8939220f517ffff>8939220f513ffff>8939220f5c7ffff>8939220f5c3ffff>8939220f5dbffff>8939220f4afffff>8939220f4abffff
3,86,29789,25443,29789,30629.0,,3.233,10,8939220f5abffff>8939220f517ffff>8939220f513ffff>8939220f5c7ffff>8939220f5c3ffff>8939220f5dbffff>8939220f4afffff>8939220f4abffff>8939220f407ffff>8939220f417ffff
3,87,29769,25423,29769,30712.0,,3.601,11,8939220f533ffff>8939220f5abffff>8939220f517ffff>8939220f513ffff>8939220f5c7ffff>8939220f5c3ffff>8939220f5dbffff>8939220f4afffff>8939220f4abffff>8939220f407ffff>8939220f417ffff
3,88,28674,24328,28674,29709.0,,3.244,10,89392201977ffff>8939220190fffff>8939220190bffff>89392201957ffff>89392201953ffff>89392201827ffff>89392201823ffff>8939220183bffff>89392201833ffff>893922018abffff
3,89,28671,24325,28671,29411.0,,3.609,11,89392201977ffff>8939220190fffff>8939220190bffff>89392201957ffff>89392201953ffff>89392201827ffff>89392201823ffff>8939220183bffff>89392201833ffff>893922018abffff>893922018a3ffff
3,90,28666,24320,28666,29503.0,,3.977,12,89392201977ffff>8939220190fffff>8939220190bffff>89392201957ffff>89392201953ffff>89392201827ffff>89392201823ffff>8939220183bffff>89392201833ffff>893922018abffff>893922018a3ffff>893922018b3ffff
3,91,28629,24283,28629,29420.0,,3.244,10,89392201967ffff>89392201977ffff>8939220190fffff>8939220190bffff>89392201957ffff>89392201953ffff>89392201827ffff>89392201823ffff>8939220183bffff>89392201833ffff
3,92,28623,24277,28623,29909.0,,3.611,11,89392201967ffff>89392201977ffff>8939220190fffff>8939220190bffff>89392201957ffff>89392201953ffff>89392201827ffff>89392201823ffff>8939220183bffff>89392201833ffff>893922018abffff
3,93,28620,24274,28620,29420.0,,3.977,12,89392201967ffff>89392201977ffff>8939220190fffff>8939220190bffff>89392201957ffff>89392201953ffff>89392201827ffff>89392201823ffff>8939220183bffff>89392201833ffff>893922018abffff>893922018a3ffff
3,94,28616,24270,28616,29699.0,,4.344,13,89392201967ffff>89392201977ffff>8939220190fffff>8939220190bffff>89392201957ffff>89392201953ffff>89392201827ffff>89392201823ffff>8939220183bffff>89392201833ffff>893922018abffff>893922018a3ffff>893922018b3ffff
3,95,28486,24140,28486,29358.0,,3.278,10,8939220e257ffff>8939220e2cfffff>8939220e21bffff>8939220e2c7ffff>8939220e28bffff>8939220e283ffff>8939220e293ffff>8939220e62fffff>8939220e627ffff>8939220e053ffff
3,96,28267,23921,28267,29137.0,,4.344,13,89392201977ffff>8939220190fffff>8939220190bffff>89392201957ffff>89392201953ffff>89392201827ffff>89392201823ffff>8939220183bffff>89392201833ffff>893922018abffff>893922018a3ffff>893922018b3ffff>89392201d4bffff
3,97,28266,23920,28266,29303.0,,4.71,14,89392201977ffff>8939220190fffff>8939220190bffff>89392201957ffff>89392201953ffff>89392201827ffff>89392201823ffff>8939220183bffff>89392201833ffff>893922018abffff>893922018a3ffff>893922018b3ffff>89392201d4bffff>89392201d43ffff
3,98,28265,23919,28265,29076.0,,5.067,15,89392201977ffff>8939220190fffff>8939220190bffff>89392201957ffff>89392201953ffff>89392201827ffff>89392201823ffff>8939220183bffff>89392201833ffff>893922018abffff>893922018a3ffff>893922018b3ffff>89392201d4bffff>89392201d43ffff>89392201d5bffff
3,99,28261,23915,28261,29406.0,,5.432,16,89392201977ffff>8939220190fffff>8939220190bffff>89392201957ffff>89392201953ffff>89392201827ffff>89392201823ffff>8939220183bffff>89392201833ffff>893922018abffff>893922018a3ffff>893922018b3ffff>89392201d4bffff>89392201d43ffff>89392201d5bffff>89392201d53ffff
3,100,28255,23909,28255,29280.0,,5.8,17,89392201977ffff>8939220190fffff>8939220190bffff>89392201957ffff>89392201953ffff>89392201827ffff>89392201823ffff>8939220183bffff>89392201833ffff>893922018abffff>893922018a3ffff>893922018b3ffff>89392201d4bffff>89392201d43ffff>89392201d5bffff>89392201d53ffff>89392201dcbffff
5,1,58263,55188,58263,59339.0,,5.123,15,8939220183bffff>89392201833ffff>893922018abffff>893922018a3ffff>893922018b3ffff>89392201d4bffff>89392201d43ffff>89392201d5bffff>89392201d53ffff>89392201dcbffff>89392201ddbffff>89392201ca7ffff>8939220036bffff>89392200363ffff>89392200373ffff
5,2,31032,27957,31032,31827.0,,5.075,15,8939220190bffff>89392201957ffff>89392201953ffff>89392201827ffff>89392201823ffff>8939220183bffff>89392201833ffff>893922018abffff>893922018a3ffff>893922018b3ffff>89392201d4bffff>89392201d43ffff>89392201d5bffff>89392201d53ffff>89392201dcbffff
5,3,30957,27882,30957,32094.0,,5.086,15,89392201957ffff>89392201953ffff>89392201827ffff>89392201823ffff>8939220183bffff>89392201833ffff>893922018abffff>893922018a3ffff>893922018b3ffff>89392201d4bffff>89392201d43ffff>89392201d5bffff>89392201d53ffff>89392201dcbffff>89392201ddbffff
5,4,30925,27850,30925,31730.0,,5.443,16,8939220190bffff>89392201957ffff>89392201953ffff>89392201827ffff>89392201823ffff>8939220183bffff>89392201833ffff>893922018abffff>893922018a3ffff>893922018b3ffff>89392201d4bffff>89392201d43ffff>89392201d5bffff>89392201d53ffff>89392201dcbffff>89392201ddbffff
5,5,30895,27820,30895,31664.0,,5.096,15,89392201953ffff>89392201827ffff>89392201823ffff>8939220183bffff>89392201833ffff>893922018abffff>893922018a3ffff>893922018b3ffff>89392201d4bffff>89392201d43ffff>89392201d5bffff>89392201d53ffff>89392201dcbffff>89392201ddbffff>89392201ca7ffff
5,6,30888,27813,30888,32286.0,,5.104,15,89392201827ffff>89392201823ffff>8939220183bffff>89392201833ffff>893922018abffff>893922018a3ffff>893922018b3ffff>89392201d4bffff>89392201d43ffff>89392201d5bffff>89392201d53ffff>89392201dcbffff>89392201ddbffff>89392201ca7ffff>8939220036bffff
5,7,30884,27809,30884,31991.0,,5.112,15,89392201823ffff>8939220183bffff>89392201833ffff>893922018abffff>893922018a3ffff>893922018b3ffff>89392201d4bffff>89392201d43ffff>89392201d5bffff>89392201d53ffff>89392201dcbffff>89392201ddbffff>89392201ca7ffff>8939220036bffff>89392200363ffff
5,8,30870,27795,30870,31874.0,,5.454,16,89392201957ffff>89392201953ffff>89392201827ffff>89392201823ffff>8939220183bffff>89392201833ffff>893922018abffff>893922018a3ffff>893922018b3ffff>89392201d4bffff>89392201d43ffff>89392201d5bffff>89392201d53ffff>89392201dcbffff>89392201ddbffff>89392201ca7ffff
5,9,30865,27790,30865,32307.0,,5.469,16,89392201827ffff>89392201823ffff>8939220183bffff>89392201833ffff>893922018abffff>893922018a3ffff>893922018b3ffff>89392201d4bffff>89392201d43ffff>89392201d5bffff>89392201d53ffff>89392201dcbffff>89392201ddbffff>89392201ca7ffff>8939220036bffff>89392200363ffff
5,10,30862,27787,30862,31731.0,,5.462,16,89392201953ffff>89392201827ffff>89392201823ffff>8939220183bffff>89392201833ffff>893922018abffff>893922018a3ffff>893922018b3ffff>89392201d4bffff>89392201d43ffff>89392201d5bffff>89392201d53ffff>89392201dcbffff>89392201ddbffff>89392201ca7ffff>8939220036bffff
5,11,30860,27785,30860,31723.0,,5.48,16,89392201823ffff>8939220183bffff>89392201833ffff>893922018abffff>893922018a3ffff>893922018b3ffff>89392201d4bffff>89392201d43ffff>89392201d5bffff>89392201d53ffff>89392201dcbffff>89392201ddbffff>89392201ca7ffff>8939220036bffff>89392200363ffff>89392200373ffff
5,12,30841,27766,30841,31660.0,,5.837,17,89392201827ffff>89392201823ffff>8939220183bffff>89392201833ffff>893922018abffff>893922018a3ffff>893922018b3ffff>89392201d4bffff>89392201d43ffff>89392201d5bffff>89392201d53ffff>89392201dcbffff>89392201ddbffff>89392201ca7ffff>8939220036bffff>89392200363ffff>89392200373ffff
5,13,30839,27764,30839,31900.0,,5.827,17,89392201953ffff>89392201827ffff>89392201823ffff>8939220183bffff>89392201833ffff>893922018abffff>893922018a3ffff>893922018b3ffff>89392201d4bffff>89392201d43ffff>89392201d5bffff>89392201d53ffff>89392201dcbffff>89392201ddbffff>89392201ca7ffff>8939220036bffff>89392200363ffff
5,14,30838,27763,30838,31952.0,,5.811,17,8939220190bffff>89392201957ffff>89392201953ffff>89392201827ffff>89392201823ffff>8939220183bffff>89392201833ffff>893922018abffff>893922018a3ffff>893922018b3ffff>89392201d4bffff>89392201d43ffff>89392201d5bffff>89392201d53ffff>89392201dcbffff>89392201ddbffff>89392201ca7ffff
5,15,30837,27762,30837,31799.0,,5.819,17,89392201957ffff>89392201953ffff>89392201827ffff>89392201823ffff>8939220183bffff>89392201833ffff>893922018abffff>893922018a3ffff>893922018b3ffff>89392201d4bffff>89392201d43ffff>89392201d5bffff>89392201d53ffff>89392201dcbffff>89392201ddbffff>89392201ca7ffff>8939220036bffff
5,16,30815,27740,30815,31839.0,,6.195,18,89392201953ffff>89392201827ffff>89392201823ffff>8939220183bffff>89392201833ffff>893922018abffff>893922018a3ffff>893922018b3ffff>89392201d4bffff>89392201d43ffff>89392201d5bffff>89392201d53ffff>89392201dcbffff>89392201ddbffff>89392201ca7ffff>8939220036bffff>89392200363ffff>89392200373ffff
5,17,30814,27739,30814,31945.0,,6.184,18,89392201957ffff>89392201953ffff>89392201827ffff>89392201823ffff>8939220183bffff>89392201833ffff>893922018abffff>893922018a3ffff>893922018b3ffff>89392201d4bffff>89392201d43ffff>89392201d5bffff>89392201d53ffff>89392201dcbffff>89392201ddbffff>89392201ca7ffff>8939220036bffff>89392200363ffff
5,18,30805,27730,30805,31641.0,,6.176,18,8939220190bffff>89392201957ffff>89392201953ffff>89392201827ffff>89392201823ffff>8939220183bffff>89392201833ffff>893922018abffff>893922018a3ffff>893922018b3ffff>89392201d4bffff>89392201d43ffff>89392201d5bffff>89392201d53ffff>89392201dcbffff>89392201ddbffff>89392201ca7ffff>8939220036bffff
5,19,30790,27715,30790,31879.0,,6.552,19,89392201957ffff>89392201953ffff>89392201827ffff>89392201823ffff>8939220183bffff>89392201833ffff>893922018abffff>893922018a3ffff>893922018b3ffff>89392201d4bffff>89392201d43ffff>89392201d5bffff>89392201d53ffff>89392201dcbffff>89392201ddbffff>89392201ca7ffff>8939220036bffff>89392200363ffff>89392200373ffff
5,20,30782,27707,30782,31978.0,,6.541,19,8939220190bffff>89392201957ffff>89392201953ffff>89392201827ffff>89392201823ffff>8939220183bffff>89392201833ffff>893922018abffff>893922018a3ffff>893922018b3ffff>89392201d4bffff>89392201d43ffff>89392201d5bffff>89392201d53ffff>89392201dcbffff>89392201ddbffff>89392201ca7ffff>8939220036bffff>89392200363ffff
5,21,30758,27683,30758,31811.0,,6.909,20,8939220190bffff>89392201957ffff>89392201953ffff>89392201827ffff>89392201823ffff>8939220183bffff>89392201833ffff>893922018abffff>893922018a3ffff>893922018b3ffff>89392201d4bffff>89392201d43ffff>89392201d5bffff>89392201d53ffff>89392201dcbffff>89392201ddbffff>89392201ca7ffff>8939220036bffff>89392200363ffff>89392200373ffff
5,22,30650,27575,30650,32545.0,,5.064,15,8939220190fffff>8939220190bffff>89392201957ffff>89392201953ffff>89392201827ffff>89392201823ffff>8939220183bffff>89392201833ffff>893922018abffff>893922018a3ffff>893922018b3ffff>89392201d4bffff>89392201d43ffff>89392201d5bffff>89392201d53ffff
5,23,30644,27569,30644,31508.0,,5.432,16,8939220190fffff>8939220190bffff>89392201957ffff>89392201953ffff>89392201827ffff>89392201823ffff>8939220183bffff>89392201833ffff>893922018abffff>893922018a3ffff>893922018b3ffff>89392201d4bffff>89392201d43ffff>89392201d5bffff>89392201d53ffff>89392201dcbffff
5,24,30537,27462,30537,31587.0,,5.8,17,8939220190fffff>8939220190bffff>89392201957ffff>89392201953ffff>89392201827ffff>89392201823ffff>8939220183bffff>89392201833ffff>893922018abffff>893922018a3ffff>893922018b3ffff>89392201d4bffff>89392201d43ffff>89392201d5bffff>89392201d53ffff>89392201dcbffff>89392201ddbffff
5,25,30450,27375,30450,31461.0,,6.168,18,8939220190fffff>8939220190bffff>89392201957ffff>89392201953ffff>89392201827ffff>89392201823ffff>8939220183bffff>89392201833ffff>893922018abffff>893922018a3ffff>893922018b3ffff>89392201d4bffff>89392201d43ffff>89392201d5bffff>89392201d53ffff>89392201dcbffff>89392201ddbffff>89392201ca7ffff
5,26,30417,27342,30417,31409.0,,6.533,19,8939220190fffff>8939220190bffff>89392201957ffff>89392201953ffff>89392201827ffff>89392201823ffff>8939220183bffff>89392201833ffff>893922018abffff>893922018a3ffff>893922018b3ffff>89392201d4bffff>89392201d43ffff>89392201d5bffff>89392201d53ffff>89392201dcbffff>89392201ddbffff>89392201ca7ffff>8939220036bffff
5,27,30394,27319,30394,31443.0,,6.898,20,8939220190fffff>8939220190bffff>89392201957ffff>89392201953ffff>89392201827ffff>89392201823ffff>8939220183bffff>89392201833ffff>893922018abffff>893922018a3ffff>893922018b3ffff>89392201d4bffff>89392201d43ffff>89392201d5bffff>89392201d53ffff>89392201dcbffff>89392201ddbffff>89392201ca7ffff>8939220036bffff>89392200363ffff
5,28,30370,27295,30370,31153.0,,7.266,21,8939220190fffff>8939220190bffff>89392201957ffff>89392201953ffff>89392201827ffff>89392201823ffff>8939220183bffff>89392201833ffff>893922018abffff>893922018a3ffff>893922018b3ffff>89392201d4bffff>89392201d43ffff>89392201d5bffff>89392201d53ffff>89392201dcbffff>89392201ddbffff>89392201ca7ffff>8939220036bffff>89392200363ffff>89392200373ffff
5,29,28265,25190,28265,29076.0,,5.067,15,89392201977ffff>8939220190fffff>8939220190bffff>89392201957ffff>89392201953ffff>89392201827ffff>89392201823ffff>8939220183bffff>89392201833ffff>893922018abffff>893922018a3ffff>893922018b3ffff>89392201d4bffff>89392201d43ffff>89392201d5bffff
5,30,28261,25186,28261,29406.0,,5.432,16,89392201977ffff>8939220190fffff>8939220190bffff>89392201957ffff>89392201953ffff>89392201827ffff>89392201823ffff>8939220183bffff>89392201833ffff>893922018abffff>893922018a3ffff>893922018b3ffff>89392201d4bffff>89392201d43ffff>89392201d5bffff>89392201d53ffff
5,31,28255,25180,28255,29280.0,,5.8,17,89392201977ffff>8939220190fffff>8939220190bffff>89392201957ffff>89392201953ffff>89392201827ffff>89392201823ffff>8939220183bffff>89392201833ffff>893922018abffff>893922018a3ffff>893922018b3ffff>89392201d4bffff>89392201d43ffff>89392201d5bffff>89392201d53ffff>89392201dcbffff
5,32,28216,25141,28216,29590.0,,5.077,15,89392201967ffff>89392201977ffff>8939220190fffff>8939220190bffff>89392201957ffff>89392201953ffff>89392201827ffff>89392201823ffff>8939220183bffff>89392201833ffff>893922018abffff>893922018a3ffff>893922018b3ffff>89392201d4bffff>89392201d43ffff
5,33,28215,25140,28215,29226.0,,5.435,16,89392201967ffff>89392201977ffff>8939220190fffff>8939220190bffff>89392201957ffff>89392201953ffff>89392201827ffff>89392201823ffff>8939220183bffff>89392201833ffff>893922018abffff>893922018a3ffff>893922018b3ffff>89392201d4bffff>89392201d43ffff>89392201d5bffff
5,34,28211,25136,28211,29073.0,,5.8,17,89392201967ffff>89392201977ffff>8939220190fffff>8939220190bffff>89392201957ffff>89392201953ffff>89392201827ffff>89392201823ffff>8939220183bffff>89392201833ffff>893922018abffff>893922018a3ffff>893922018b3ffff>89392201d4bffff>89392201d43ffff>89392201d5bffff>89392201d53ffff
5,35,28205,25130,28205,29115.0,,6.168,18,89392201967ffff>89392201977ffff>8939220190fffff>8939220190bffff>89392201957ffff>89392201953ffff>89392201827ffff>89392201823ffff>8939220183bffff>89392201833ffff>893922018abffff>893922018a3ffff>893922018b3ffff>89392201d4bffff>89392201d43ffff>89392201d5bffff>89392201d53ffff>89392201dcbffff
5,36,28154,25079,28154,29231.0,,6.168,18,89392201977ffff>8939220190fffff>8939220190bffff>89392201957ffff>89392201953ffff>89392201827ffff>89392201823ffff>8939220183bffff>89392201833ffff>893922018abffff>893922018a3ffff>893922018b3ffff>89392201d4bffff>89392201d43ffff>89392201d5bffff>89392201d53ffff>89392201dcbffff>89392201ddbffff
5,37,28104,25029,28104,29074.0,,6.536,19,89392201967ffff>89392201977ffff>8939220190fffff>8939220190bffff>89392201957ffff>89392201953ffff>89392201827ffff>89392201823ffff>8939220183bffff>89392201833ffff>893922018abffff>893922018a3ffff>893922018b3ffff>89392201d4bffff>89392201d43ffff>89392201d5bffff>89392201d53ffff>89392201dcbffff>89392201ddbffff
5,38,28085,25010,28085,29011.0,,6.536,19,89392201977ffff>8939220190fffff>8939220190bffff>89392201957ffff>89392201953ffff>89392201827ffff>89392201823ffff>8939220183bffff>89392201833ffff>893922018abffff>893922018a3ffff>893922018b3ffff>89392201d4bffff>89392201d43ffff>89392201d5bffff>89392201d53ffff>89392201dcbffff>89392201ddbffff>89392201ca7ffff
5,39,28057,24982,28057,29326.0,,6.901,20,89392201977ffff>8939220190fffff>8939220190bffff>89392201957ffff>89392201953ffff>89392201827ffff>89392201823ffff>8939220183bffff>89392201833ffff>893922018abffff>893922018a3ffff>893922018b3ffff>89392201d4bffff>89392201d43ffff>89392201d5bffff>89392201d53ffff>89392201dcbffff>89392201ddbffff>89392201ca7ffff>8939220036bffff
5,40,28035,24960,28035,28945.0,,6.903,20,89392201967ffff>89392201977ffff>8939220190fffff>8939220190bffff>89392201957ffff>89392201953ffff>89392201827ffff>89392201823ffff>8939220183bffff>89392201833ffff>893922018abffff>893922018a3ffff>893922018b3ffff>89392201d4bffff>89392201d43ffff>89392201d5bffff>89392201d53ffff>89392201dcbffff>89392201ddbffff>89392201ca7ffff
5,41,28035,24960,28035,29337.0,,7.266,21,89392201977ffff>8939220190fffff>8939220190bffff>89392201957ffff>89392201953ffff>89392201827ffff>89392201823ffff>8939220183bffff>89392201833ffff>893922018abffff>893922018a3ffff>893922018b3ffff>89392201d4bffff>89392201d43ffff>89392201d5bffff>89392201d53ffff>89392201dcbffff>89392201ddbffff>89392201ca7ffff>8939220036bffff>89392200363ffff
5,42,28014,24939,28014,28961.0,,7.634,22,89392201977ffff>8939220190fffff>8939220190bffff>89392201957ffff>89392201953ffff>89392201827ffff>89392201823ffff>8939220183bffff>89392201833ffff>893922018abffff>893922018a3ffff>893922018b3ffff>89392201d4bffff>89392201d43ffff>89392201d5bffff>89392201d53ffff>89392201dcbffff>89392201ddbffff>89392201ca7ffff>8939220036bffff>89392200363ffff>89392200373ffff
5,43,28008,24933,28008,29188.0,,7.269,21,89392201967ffff>89392201977ffff>8939220190fffff>8939220190bffff>89392201957ffff>89392201953ffff>89392201827ffff>89392201823ffff>8939220183bffff>89392201833ffff>893922018abffff>893922018a3ffff>893922018b3ffff>89392201d4bffff>89392201d43ffff>89392201d5bffff>89392201d53ffff>89392201dcbffff>89392201ddbffff>89392201ca7ffff>8939220036bffff
5,44,27986,24911,27986,29030.0,,7.634,22,89392201967ffff>89392201977ffff>8939220190fffff>8939220190bffff>89392201957ffff>89392201953ffff>89392201827ffff>89392201823ffff>8939220183bffff>89392201833ffff>893922018abffff>893922018a3ffff>893922018b3ffff>89392201d4bffff>89392201d43ffff>89392201d5bffff>89392201d53ffff>89392201dcbffff>89392201ddbffff>89392201ca7ffff>8939220036bffff>89392200363ffff
5,45,27965,24890,27965,28886.0,,8.002,23,89392201967ffff>89392201977ffff>8939220190fffff>8939220190bffff>89392201957ffff>89392201953ffff>89392201827ffff>89392201823ffff>8939220183bffff>89392201833ffff>893922018abffff>893922018a3ffff>893922018b3ffff>89392201d4bffff>89392201d43ffff>89392201d5bffff>89392201d53ffff>89392201dcbffff>89392201ddbffff>89392201ca7ffff>8939220036bffff>89392200363ffff>89392200373ffff
5,46,23287,20212,23287,24321.0,,5.069,15,8939220e693ffff>89392201967ffff>89392201977ffff>8939220190fffff>8939220190bffff>89392201957ffff>89392201953ffff>89392201827ffff>89392201823ffff>8939220183bffff>89392201833ffff>893922018abffff>893922018a3ffff>893922018b3ffff>89392201d4bffff
5,47,23286,20211,23286,24014.0,,5.792,17,8939220e693ffff>89392201967ffff>89392201977ffff>8939220190fffff>8939220190bffff>89392201957ffff>89392201953ffff>89392201827ffff>89392201823ffff>8939220183bffff>89392201833ffff>893922018abffff>893922018a3ffff>893922018b3ffff>89392201d4bffff>89392201d43ffff>89392201d5bffff
5,48,23286,20211,23286,24134.0,,5.435,16,8939220e693ffff>89392201967ffff>89392201977ffff>8939220190fffff>8939220190bffff>89392201957ffff>89392201953ffff>89392201827ffff>89392201823ffff>8939220183bffff>89392201833ffff>893922018abffff>893922018a3ffff>893922018b3ffff>89392201d4bffff>89392201d43ffff
5,49,23282,20207,23282,24167.0,,6.157,18,8939220e693ffff>89392201967ffff>89392201977ffff>8939220190fffff>8939220190bffff>89392201957ffff>89392201953ffff>89392201827ffff>89392201823ffff>8939220183bffff>89392201833ffff>893922018abffff>893922018a3ffff>893922018b3ffff>89392201d4bffff>89392201d43ffff>89392201d5bffff>89392201d53ffff
5,50,23277,20202,23277,24669.0,,6.525,19,8939220e693ffff>89392201967ffff>89392201977ffff>8939220190fffff>8939220190bffff>89392201957ffff>89392201953ffff>89392201827ffff>89392201823ffff>8939220183bffff>89392201833ffff>893922018abffff>893922018a3ffff>893922018b3ffff>89392201d4bffff>89392201d43ffff>89392201d5bffff>89392201d53ffff>89392201dcbffff
5,51,23229,20154,23229,24152.0,,6.893,20,8939220e693ffff>89392201967ffff>89392201977ffff>8939220190fffff>8939220190bffff>89392201957ffff>89392201953ffff>89392201827ffff>89392201823ffff>8939220183bffff>89392201833ffff>893922018abffff>893922018a3ffff>893922018b3ffff>89392201d4bffff>89392201d43ffff>89392201d5bffff>89392201d53ffff>89392201dcbffff>89392201ddbffff
5,52,23168,20093,23168,24178.0,,7.261,21,8939220e693ffff>89392201967ffff>89392201977ffff>8939220190fffff>8939220190bffff>89392201957ffff>89392201953ffff>89392201827ffff>89392201823ffff>8939220183bffff>89392201833ffff>893922018abffff>893922018a3ffff>893922018b3ffff>89392201d4bffff>89392201d43ffff>89392201d5bffff>89392201d53ffff>89392201dcbffff>89392201ddbffff>89392201ca7ffff
5,53,23147,20072,23147,24141.0,,7.626,22,8939220e693ffff>89392201967ffff>89392201977ffff>8939220190fffff>8939220190bffff>89392201957ffff>89392201953ffff>89392201827ffff>89392201823ffff>8939220183bffff>89392201833ffff>893922018abffff>893922018a3ffff>893922018b3ffff>89392201d4bffff>89392201d43ffff>89392201d5bffff>89392201d53ffff>89392201dcbffff>89392201ddbffff>89392201ca7ffff>8939220036bffff
5,54,23128,20053,23128,24097.0,,7.991,23,8939220e693ffff>89392201967ffff>89392201977ffff>8939220190fffff>8939220190bffff>89392201957ffff>89392201953ffff>89392201827ffff>89392201823ffff>8939220183bffff>89392201833ffff>893922018abffff>893922018a3ffff>893922018b3ffff>89392201d4bffff>89392201d43ffff>89392201d5bffff>89392201d53ffff>89392201dcbffff>89392201ddbffff>89392201ca7ffff>8939220036bffff>89392200363ffff
5,55,23110,20035,23110,24233.0,,8.359,24,8939220e693ffff>89392201967ffff>89392201977ffff>8939220190fffff>8939220190bffff>89392201957ffff>89392201953ffff>89392201827ffff>89392201823ffff>8939220183bffff>89392201833ffff>893922018abffff>893922018a3ffff>893922018b3ffff>89392201d4bffff>89392201d43ffff>89392201d5bffff>89392201d53ffff>89392201dcbffff>89392201ddbffff>89392201ca7ffff>8939220036bffff>89392200363ffff>89392200373ffff
5,56,22015,18940,22015,23264.0,,5.123,15,89392201833ffff>893922018abffff>893922018a3ffff>893922018b3ffff>89392201d4bffff>89392201d43ffff>89392201d5bffff>89392201d53ffff>89392201dcbffff>89392201ddbffff>89392201ca7ffff>8939220036bffff>89392200363ffff>89392200373ffff>8939220037bffff
5,57,22007,18932,22007,23481.0,,5.488,16,8939220183bffff>89392201833ffff>893922018abffff>893922018a3ffff>893922018b3ffff>89392201d4bffff>89392201d43ffff>89392201d5bffff>89392201d53ffff>89392201dcbffff>89392201ddbffff>89392201ca7ffff>8939220036bffff>89392200363ffff>89392200373ffff>8939220037bffff
5,58,21931,18856,21931,23481.0,,5.098,15,8939220e2cfffff>8939220e21bffff>8939220e2c7ffff>8939220e28bffff>8939220e283ffff>8939220e293ffff>8939220e62fffff>8939220e627ffff>8939220e053ffff>8939220e0cbffff>8939220e0cfffff>8939220e0c7ffff>8939220e0cfffff>8939220e0c3ffff>8939220e0cbffff
5,59,21767,18692,21767,22598.0,,5.465,16,8939220e257ffff>8939220e2cfffff>8939220e21bffff>8939220e2c7ffff>8939220e28bffff>8939220e283ffff>8939220e293ffff>8939220e62fffff>8939220e627ffff>8939220e053ffff>8939220e0cbffff>8939220e0cfffff>8939220e0c7ffff>8939220e0cfffff>8939220e0c3ffff>8939220e0cbffff
5,60,21767,18692,21767,22664.0,,5.1,15,8939220e257ffff>8939220e2cfffff>8939220e21bffff>8939220e2c7ffff>8939220e28bffff>8939220e283ffff>8939220e293ffff>8939220e62fffff>8939220e627ffff>8939220e053ffff>8939220e0cbffff>8939220e0cfffff>8939220e0c7ffff>8939220e0cfffff>8939220e0c3ffff
5,61,20884,17809,20884,22477.0,,5.072,15,8939220f533ffff>8939220f5abffff>8939220f517ffff>8939220f513ffff>8939220f5c7ffff>8939220f5c3ffff>8939220f5dbffff>8939220f4afffff>8939220f4abffff>8939220f407ffff>8939220f417ffff>8939220f48fffff>8939220f483ffff>8939220f493ffff>89392201a2bffff
5,62,20309,17234,20309,21567.0,,5.053,15,8939220e6afffff>8939220e6a3ffff>8939220e6bbffff>8939220e687ffff>8939220e683ffff>8939220e693ffff>89392201967ffff>89392201977ffff>8939220190fffff>8939220190bffff>89392201957ffff>89392201953ffff>89392201827ffff>89392201823ffff>8939220183bffff
5,63,20159,17084,20159,21387.0,,5.069,15,8939220e683ffff>8939220e693ffff>89392201967ffff>89392201977ffff>8939220190fffff>8939220190bffff>89392201957ffff>89392201953ffff>89392201827ffff>89392201823ffff>8939220183bffff>89392201833ffff>893922018abffff>893922018a3ffff>893922018b3ffff
5,64,20119,17044,20119,21327.0,,5.059,15,8939220e687ffff>8939220e683ffff>8939220e693ffff>89392201967ffff>89392201977ffff>8939220190fffff>8939220190bffff>89392201957ffff>89392201953ffff>89392201827ffff>89392201823ffff>8939220183bffff>89392201833ffff>893922018abffff>893922018a3ffff
5,65,20118,17043,20118,21130.0,,5.426,16,8939220e687ffff>8939220e683ffff>8939220e693ffff>89392201967ffff>89392201977ffff>8939220190fffff>8939220190bffff>89392201957ffff>89392201953ffff>89392201827ffff>89392201823ffff>8939220183bffff>89392201833ffff>893922018abffff>893922018a3ffff>893922018b3ffff
5,66,20114,17039,20114,21075.0,,5.061,15,8939220e6bbffff>8939220e687ffff>8939220e683ffff>8939220e693ffff>89392201967ffff>89392201977ffff>8939220190fffff>8939220190bffff>89392201957ffff>89392201953ffff>89392201827ffff>89392201823ffff>8939220183bffff>89392201833ffff>893922018abffff
5,67,20113,17038,20113,21606.0,,5.426,16,8939220e6bbffff>8939220e687ffff>8939220e683ffff>8939220e693ffff>89392201967ffff>89392201977ffff>8939220190fffff>8939220190bffff>89392201957ffff>89392201953ffff>89392201827ffff>89392201823ffff>8939220183bffff>89392201833ffff>893922018abffff>893922018a3ffff
5,68,20112,17037,20112,20986.0,,5.794,17,8939220e6bbffff>8939220e687ffff>8939220e683ffff>8939220e693ffff>89392201967ffff>89392201977ffff>8939220190fffff>8939220190bffff>89392201957ffff>89392201953ffff>89392201827ffff>89392201823ffff>8939220183bffff>89392201833ffff>893922018abffff>893922018a3ffff>893922018b3ffff
5,69,19943,16868,19943,20974.0,,5.05,15,8939220e6a3ffff>8939220e6bbffff>8939220e687ffff>8939220e683ffff>8939220e693ffff>89392201967ffff>89392201977ffff>8939220190fffff>8939220190bffff>89392201957ffff>89392201953ffff>89392201827ffff>89392201823ffff>8939220183bffff>89392201833ffff
5,70,19938,16863,19938,20926.0,,5.418,16,8939220e6a3ffff>8939220e6bbffff>8939220e687ffff>8939220e683ffff>8939220e693ffff>89392201967ffff>89392201977ffff>8939220190fffff>8939220190bffff>89392201957ffff>89392201953ffff>89392201827ffff>89392201823ffff>8939220183bffff>89392201833ffff>893922018abffff
5,71,19937,16862,19937,20848.0,,5.783,17,8939220e6a3ffff>8939220e6bbffff>8939220e687ffff>8939220e683ffff>8939220e693ffff>89392201967ffff>89392201977ffff>8939220190fffff>8939220190bffff>89392201957ffff>89392201953ffff>89392201827ffff>89392201823ffff>8939220183bffff>89392201833ffff>893922018abffff>893922018a3ffff
5,72,19936,16861,19936,21291.0,,6.151,18,8939220e6a3ffff>8939220e6bbffff>8939220e687ffff>8939220e683ffff>8939220e693ffff>89392201967ffff>89392201977ffff>8939220190fffff>8939220190bffff>89392201957ffff>89392201953ffff>89392201827ffff>89392201823ffff>8939220183bffff>89392201833ffff>893922018abffff>893922018a3ffff>893922018b3ffff
5,73,19925,16850,19925,21210.0,,5.108,15,8939220e21bffff>8939220e2c7ffff>8939220e28bffff>8939220e283ffff>8939220e293ffff>8939220e62fffff>8939220e627ffff>8939220e053ffff>8939220e0cbffff>8939220e0cfffff>8939220e0c7ffff>8939220e0cfffff>8939220e0c3ffff>8939220e0cbffff>8939220e0dbffff
5,74,19924,16849,19924,20938.0,,5.418,16,8939220e6afffff>8939220e6a3ffff>8939220e6bbffff>8939220e687ffff>8939220e683ffff>8939220e693ffff>89392201967ffff>89392201977ffff>8939220190fffff>8939220190bffff>89392201957ffff>89392201953ffff>89392201827ffff>89392201823ffff>8939220183bffff>89392201833ffff
5,75,19923,16848,19923,21004.0,,5.465,16,8939220e2cfffff>8939220e21bffff>8939220e2c7ffff>8939220e28bffff>8939220e283ffff>8939220e293ffff>8939220e62fffff>8939220e627ffff>8939220e053ffff>8939220e0cbffff>8939220e0cfffff>8939220e0c7ffff>8939220e0cfffff>8939220e0c3ffff>8939220e0cbffff>8939220e0dbffff
5,76,19919,16844,19919,21059.0,,5.786,17,8939220e6afffff>8939220e6a3ffff>8939220e6bbffff>8939220e687ffff>8939220e683ffff>8939220e693ffff>89392201967ffff>89392201977ffff>8939220190fffff>8939220190bffff>89392201957ffff>89392201953ffff>89392201827ffff>89392201823ffff>8939220183bffff>89392201833ffff>893922018abffff
5,77,19918,16843,19918,21015.0,,6.151,18,8939220e6afffff>8939220e6a3ffff>8939220e6bbffff>8939220e687ffff>8939220e683ffff>8939220e693ffff>89392201967ffff>89392201977ffff>8939220190fffff>8939220190bffff>89392201957ffff>89392201953ffff>89392201827ffff>89392201823ffff>8939220183bffff>89392201833ffff>893922018abffff>893922018a3ffff
5,78,19917,16842,19917,20660.0,,6.519,19,8939220e6afffff>8939220e6a3ffff>8939220e6bbffff>8939220e687ffff>8939220e683ffff>8939220e693ffff>89392201967ffff>89392201977ffff>8939220190fffff>8939220190bffff>89392201957ffff>89392201953ffff>89392201827ffff>89392201823ffff>8939220183bffff>89392201833ffff>893922018abffff>893922018a3ffff>893922018b3ffff
5,79,19868,16793,19868,21158.0,,5.437,16,8939220e683ffff>8939220e693ffff>89392201967ffff>89392201977ffff>8939220190fffff>8939220190bffff>89392201957ffff>89392201953ffff>89392201827ffff>89392201823ffff>8939220183bffff>89392201833ffff>893922018abffff>893922018a3ffff>893922018b3ffff>89392201d4bffff
5,80,19867,16792,19867,20726.0,,6.16,18,8939220e683ffff>8939220e693ffff>89392201967ffff>89392201977ffff>8939220190fffff>8939220190bffff>89392201957ffff>89392201953ffff>89392201827ffff>89392201823ffff>8939220183bffff>89392201833ffff>893922018abffff>893922018a3ffff>893922018b3ffff>89392201d4bffff>89392201d43ffff>89392201d5bffff
5,81,19867,16792,19867,20610.0,,5.802,17,8939220e683ffff>8939220e693ffff>89392201967ffff>89392201977ffff>8939220190fffff>8939220190bffff>89392201957ffff>89392201953ffff>89392201827ffff>89392201823ffff>8939220183bffff>89392201833ffff>893922018abffff>893922018a3ffff>893922018b3ffff>89392201d4bffff>89392201d43ffff
5,82,19863,16788,19863,20820.0,,6.525,19,8939220e683ffff>8939220e693ffff>89392201967ffff>89392201977ffff>8939220190fffff>8939220190bffff>89392201957ffff>89392201953ffff>89392201827ffff>89392201823ffff>8939220183bffff>89392201833ffff>893922018abffff>893922018a3ffff>893922018b3ffff>89392201d4bffff>89392201d43ffff>89392201d5bffff>89392201d53ffff
5,83,19859,16784,19859,20844.0,,6.893,20,8939220e683ffff>8939220e693ffff>89392201967ffff>89392201977ffff>8939220190fffff>8939220190bffff>89392201957ffff>89392201953ffff>89392201827ffff>89392201823ffff>8939220183bffff>89392201833ffff>893922018abffff>893922018a3ffff>893922018b3ffff>89392201d4bffff>89392201d43ffff>89392201d5bffff>89392201d53ffff>89392201dcbffff
5,84,19828,16753,19828,21203.0,,5.794,17,8939220e687ffff>8939220e683ffff>8939220e693ffff>89392201967ffff>89392201977ffff>8939220190fffff>8939220190bffff>89392201957ffff>89392201953ffff>89392201827ffff>89392201823ffff>8939220183bffff>89392201833ffff>893922018abffff>893922018a3ffff>893922018b3ffff>89392201d4bffff
5,85,19827,16752,19827,20859.0,,6.517,19,8939220e687ffff>8939220e683ffff>8939220e693ffff>89392201967ffff>89392201977ffff>8939220190fffff>8939220190bffff>89392201957ffff>89392201953ffff>89392201827ffff>89392201823ffff>8939220183bffff>89392201833ffff>893922018abffff>893922018a3ffff>893922018b3ffff>89392201d4bffff>89392201d43ffff>89392201d5bffff
5,86,19827,16752,19827,20983.0,,6.159,18,8939220e687ffff>8939220e683ffff>8939220e693ffff>89392201967ffff>89392201977ffff>8939220190fffff>8939220190bffff>89392201957ffff>89392201953ffff>89392201827ffff>89392201823ffff>8939220183bffff>89392201833ffff>893922018abffff>893922018a3ffff>893922018b3ffff>89392201d4bffff>89392201d43ffff
5,87,19823,16748,19823,21055.0,,6.882,20,8939220e687ffff>8939220e683ffff>8939220e693ffff>89392201967ffff>89392201977ffff>8939220190fffff>8939220190bffff>89392201957ffff>89392201953ffff>89392201827ffff>89392201823ffff>8939220183bffff>89392201833ffff>893922018abffff>893922018a3ffff>893922018b3ffff>89392201d4bffff>89392201d43ffff>89392201d5bffff>89392201d53ffff
5,88,19823,16748,19823,20998.0,,6.162,18,8939220e6bbffff>8939220e687ffff>8939220e683ffff>8939220e693ffff>89392201967ffff>89392201977ffff>8939220190fffff>8939220190bffff>89392201957ffff>89392201953ffff>89392201827ffff>89392201823ffff>8939220183bffff>89392201833ffff>893922018abffff>893922018a3ffff>893922018b3ffff>89392201d4bffff
5,89,19822,16747,19822,21133.0,,6.884,20,8939220e6bbffff>8939220e687ffff>8939220e683ffff>8939220e693ffff>89392201967ffff>89392201977ffff>8939220190fffff>8939220190bffff>89392201957ffff>89392201953ffff>89392201827ffff>89392201823ffff>8939220183bffff>89392201833ffff>893922018abffff>893922018a3ffff>893922018b3ffff>89392201d4bffff>89392201d43ffff>89392201d5bffff
5,90,19822,16747,19822,20875.0,,6.527,19,8939220e6bbffff>8939220e687ffff>8939220e683ffff>8939220e693ffff>89392201967ffff>89392201977ffff>8939220190fffff>8939220190bffff>89392201957ffff>89392201953ffff>89392201827ffff>89392201823ffff>8939220183bffff>89392201833ffff>893922018abffff>893922018a3ffff>893922018b3ffff>89392201d4bffff>89392201d43ffff
5,91,19819,16744,19819,21164.0,,7.25,21,8939220e687ffff>8939220e683ffff>8939220e693ffff>89392201967ffff>89392201977ffff>8939220190fffff>8939220190bffff>89392201957ffff>89392201953ffff>89392201827ffff>89392201823ffff>8939220183bffff>89392201833ffff>893922018abffff>893922018a3ffff>893922018b3ffff>89392201d4bffff>89392201d43ffff>89392201d5bffff>89392201d53ffff>89392201dcbffff
5,92,19818,16743,19818,20790.0,,7.249,21,8939220e6bbffff>8939220e687ffff>8939220e683ffff>8939220e693ffff>89392201967ffff>89392201977ffff>8939220190fffff>8939220190bffff>89392201957ffff>89392201953ffff>89392201827ffff>89392201823ffff>8939220183bffff>89392201833ffff>893922018abffff>893922018a3ffff>893922018b3ffff>89392201d4bffff>89392201d43ffff>89392201d5bffff>89392201d53ffff
5,93,19818,16743,19818,20735.0,,7.26,21,8939220e683ffff>8939220e693ffff>89392201967ffff>89392201977ffff>8939220190fffff>8939220190bffff>89392201957ffff>89392201953ffff>89392201827ffff>89392201823ffff>8939220183bffff>89392201833ffff>893922018abffff>893922018a3ffff>893922018b3ffff>89392201d4bffff>89392201d43ffff>89392201d5bffff>89392201d53ffff>89392201dcbffff>89392201ddbffff
5,94,19814,16739,19814,20851.0,,7.617,22,8939220e6bbffff>8939220e687ffff>8939220e683ffff>8939220e693ffff>89392201967ffff>89392201977ffff>8939220190fffff>8939220190bffff>89392201957ffff>89392201953ffff>89392201827ffff>89392201823ffff>8939220183bffff>89392201833ffff>893922018abffff>893922018a3ffff>893922018b3ffff>89392201d4bffff>89392201d43ffff>89392201d5bffff>89392201d53ffff>89392201dcbffff
5,95,19778,16703,19778,20801.0,,7.617,22,8939220e687ffff>8939220e683ffff>8939220e693ffff>89392201967ffff>89392201977ffff>8939220190fffff>8939220190bffff>89392201957ffff>89392201953ffff>89392201827ffff>89392201823ffff>8939220183bffff>89392201833ffff>893922018abffff>893922018a3ffff>893922018b3ffff>89392201d4bffff>89392201d43ffff>89392201d5bffff>89392201d53ffff>89392201dcbffff>89392201ddbffff
5,96,19776,16701,19776,20757.0,,5.833,17,8939220e257ffff>8939220e2cfffff>8939220e21bffff>8939220e2c7ffff>8939220e28bffff>8939220e283ffff>8939220e293ffff>8939220e62fffff>8939220e627ffff>8939220e053ffff>8939220e0cbffff>8939220e0cfffff>8939220e0c7ffff>8939220e0cfffff>8939220e0c3ffff>8939220e0cbffff>8939220e0dbffff
5,97,19773,16698,19773,20845.0,,7.985,23,8939220e6bbffff>8939220e687ffff>8939220e683ffff>8939220e693ffff>89392201967ffff>89392201977ffff>8939220190fffff>8939220190bffff>89392201957ffff>89392201953ffff>89392201827ffff>89392201823ffff>8939220183bffff>89392201833ffff>893922018abffff>893922018a3ffff>893922018b3ffff>89392201d4bffff>89392201d43ffff>89392201d5bffff>89392201d53ffff>89392201dcbffff>89392201ddbffff
5,98,19770,16695,19770,20767.0,,7.628,22,8939220e683ffff>8939220e693ffff>89392201967ffff>89392201977ffff>8939220190fffff>8939220190bffff>89392201957ffff>89392201953ffff>89392201827ffff>89392201823ffff>8939220183bffff>89392201833ffff>893922018abffff>893922018a3ffff>893922018b3ffff>89392201d4bffff>89392201d43ffff>89392201d5bffff>89392201d53ffff>89392201dcbffff>89392201ddbffff>89392201ca7ffff
5,99,19754,16679,19754,20779.0,,7.993,23,8939220e683ffff>8939220e693ffff>89392201967ffff>89392201977ffff>8939220190fffff>8939220190bffff>89392201957ffff>89392201953ffff>89392201827ffff>89392201823ffff>8939220183bffff>89392201833ffff>893922018abffff>893922018a3ffff>893922018b3ffff>89392201d4bffff>89392201d43ffff>89392201d5bffff>89392201d53ffff>89392201dcbffff>89392201ddbffff>89392201ca7ffff>8939220036bffff
5,100,19738,16663,19738,20842.0,,8.359,24,8939220e683ffff>8939220e693ffff>89392201967ffff>89392201977ffff>8939220190fffff>8939220190bffff>89392201957ffff>89392201953ffff>89392201827ffff>89392201823ffff>8939220183bffff>89392201833ffff>893922018abffff>893922018a3ffff>893922018b3ffff>89392201d4bffff>89392201d43ffff>89392201d5bffff>89392201d53ffff>89392201dcbffff>89392201ddbffff>89392201ca7ffff>8939220036bffff>89392200363ffff
10,1,19490,18342,19490,20602.0,,10.176,29,8939220e6afffff>8939220e6a3ffff>8939220e6bbffff>8939220e687ffff>8939220e683ffff>8939220e693ffff>89392201967ffff>89392201977ffff>8939220190fffff>8939220190bffff>89392201957ffff>89392201953ffff>89392201827ffff>89392201823ffff>8939220183bffff>89392201833ffff>893922018abffff>893922018a3ffff>893922018b3ffff>89392201d4bffff>89392201d43ffff>89392201d5bffff>89392201d53ffff>89392201dcbffff>89392201ddbffff>89392201ca7ffff>8939220036bffff>89392200363ffff>89392200373ffff
10,2,14607,13459,14607,16878.0,,10.165,29,8939220e0dbffff>8939220e6afffff>8939220e6a3ffff>8939220e6bbffff>8939220e687ffff>8939220e683ffff>8939220e693ffff>89392201967ffff>89392201977ffff>8939220190fffff>8939220190bffff>89392201957ffff>89392201953ffff>89392201827ffff>89392201823ffff>8939220183bffff>89392201833ffff>893922018abffff>893922018a3ffff>893922018b3ffff>89392201d4bffff>89392201d43ffff>89392201d5bffff>89392201d53ffff>89392201dcbffff>89392201ddbffff>89392201ca7ffff>8939220036bffff>89392200363ffff
10,3,14596,13448,14596,15653.0,,10.533,30,8939220e0dbffff>8939220e6afffff>8939220e6a3ffff>8939220e6bbffff>8939220e687ffff>8939220e683ffff>8939220e693ffff>89392201967ffff>89392201977ffff>8939220190fffff>8939220190bffff>89392201957ffff>89392201953ffff>89392201827ffff>89392201823ffff>8939220183bffff>89392201833ffff>893922018abffff>893922018a3ffff>893922018b3ffff>89392201d4bffff>89392201d43ffff>89392201d5bffff>89392201d53ffff>89392201dcbffff>89392201ddbffff>89392201ca7ffff>8939220036bffff>89392200363ffff>89392200373ffff
10,4,9120,7972,9120,10118.0,,10.168,29,8939220e0cbffff>8939220e0dbffff>8939220e6afffff>8939220e6a3ffff>8939220e6bbffff>8939220e687ffff>8939220e683ffff>8939220e693ffff>89392201967ffff>89392201977ffff>8939220190fffff>8939220190bffff>89392201957ffff>89392201953ffff>89392201827ffff>89392201823ffff>8939220183bffff>89392201833ffff>893922018abffff>893922018a3ffff>893922018b3ffff>89392201d4bffff>89392201d43ffff>89392201d5bffff>89392201d53ffff>89392201dcbffff>89392201ddbffff>89392201ca7ffff>8939220036bffff
10,5,9112,7964,9112,9926.0,,10.533,30,8939220e0cbffff>8939220e0dbffff>8939220e6afffff>8939220e6a3ffff>8939220e6bbffff>8939220e687ffff>8939220e683ffff>8939220e693ffff>89392201967ffff>89392201977ffff>8939220190fffff>8939220190bffff>89392201957ffff>89392201953ffff>89392201827ffff>89392201823ffff>8939220183bffff>89392201833ffff>893922018abffff>893922018a3ffff>893922018b3ffff>89392201d4bffff>89392201d43ffff>89392201d5bffff>89392201d53ffff>89392201dcbffff>89392201ddbffff>89392201ca7ffff>8939220036bffff>89392200363ffff
10,6,9104,7956,9104,9944.0,,10.901,31,8939220e0cbffff>8939220e0dbffff>8939220e6afffff>8939220e6a3ffff>8939220e6bbffff>8939220e687ffff>8939220e683ffff>8939220e693ffff>89392201967ffff>89392201977ffff>8939220190fffff>8939220190bffff>89392201957ffff>89392201953ffff>89392201827ffff>89392201823ffff>8939220183bffff>89392201833ffff>893922018abffff>893922018a3ffff>893922018b3ffff>89392201d4bffff>89392201d43ffff>89392201d5bffff>89392201d53ffff>89392201dcbffff>89392201ddbffff>89392201ca7ffff>8939220036bffff>89392200363ffff>89392200373ffff
10,7,9092,7944,9092,10179.0,,10.154,29,8939220e62fffff>8939220e627ffff>8939220e053ffff>8939220e0cbffff>8939220e0cfffff>8939220e0c7ffff>8939220e0cfffff>8939220e0c3ffff>8939220e0cbffff>8939220e0dbffff>8939220e6afffff>8939220e6a3ffff>8939220e6bbffff>8939220e687ffff>8939220e683ffff>8939220e693ffff>89392201967ffff>89392201977ffff>8939220190fffff>8939220190bffff>89392201957ffff>89392201953ffff>89392201827ffff>89392201823ffff>8939220183bffff>89392201833ffff>893922018abffff>893922018a3ffff>893922018b3ffff
10,8,9092,7944,9092,10042.0,,10.151,29,8939220e293ffff>8939220e62fffff>8939220e627ffff>8939220e053ffff>8939220e0cbffff>8939220e0cfffff>8939220e0c7ffff>8939220e0cfffff>8939220e0c3ffff>8939220e0cbffff>8939220e0dbffff>8939220e6afffff>8939220e6a3ffff>8939220e6bbffff>8939220e687ffff>8939220e683ffff>8939220e693ffff>89392201967ffff>89392201977ffff>8939220190fffff>8939220190bffff>89392201957ffff>89392201953ffff>89392201827ffff>89392201823ffff>8939220183bffff>89392201833ffff>893922018abffff>893922018a3ffff
10,9,9092,7944,9092,10449.0,,10.519,30,8939220e293ffff>8939220e62fffff>8939220e627ffff>8939220e053ffff>8939220e0cbffff>8939220e0cfffff>8939220e0c7ffff>8939220e0cfffff>8939220e0c3ffff>8939220e0cbffff>8939220e0dbffff>8939220e6afffff>8939220e6a3ffff>8939220e6bbffff>8939220e687ffff>8939220e683ffff>8939220e693ffff>89392201967ffff>89392201977ffff>8939220190fffff>8939220190bffff>89392201957ffff>89392201953ffff>89392201827ffff>89392201823ffff>8939220183bffff>89392201833ffff>893922018abffff>893922018a3ffff>893922018b3ffff
10,10,9091,7943,9091,9988.0,,10.887,31,8939220e283ffff>8939220e293ffff>8939220e62fffff>8939220e627ffff>8939220e053ffff>8939220e0cbffff>8939220e0cfffff>8939220e0c7ffff>8939220e0cfffff>8939220e0c3ffff>8939220e0cbffff>8939220e0dbffff>8939220e6afffff>8939220e6a3ffff>8939220e6bbffff>8939220e687ffff>8939220e683ffff>8939220e693ffff>89392201967ffff>89392201977ffff>8939220190fffff>8939220190bffff>89392201957ffff>89392201953ffff>89392201827ffff>89392201823ffff>8939220183bffff>89392201833ffff>893922018abffff>893922018a3ffff>893922018b3ffff
10,11,9091,7943,9091,10386.0,,10.519,30,8939220e283ffff>8939220e293ffff>8939220e62fffff>8939220e627ffff>8939220e053ffff>8939220e0cbffff>8939220e0cfffff>8939220e0c7ffff>8939220e0cfffff>8939220e0c3ffff>8939220e0cbffff>8939220e0dbffff>8939220e6afffff>8939220e6a3ffff>8939220e6bbffff>8939220e687ffff>8939220e683ffff>8939220e693ffff>89392201967ffff>89392201977ffff>8939220190fffff>8939220190bffff>89392201957ffff>89392201953ffff>89392201827ffff>89392201823ffff>8939220183bffff>89392201833ffff>893922018abffff>893922018a3ffff
10,12,9091,7943,9091,9991.0,,10.154,29,8939220e283ffff>8939220e293ffff>8939220e62fffff>8939220e627ffff>8939220e053ffff>8939220e0cbffff>8939220e0cfffff>8939220e0c7ffff>8939220e0cfffff>8939220e0c3ffff>8939220e0cbffff>8939220e0dbffff>8939220e6afffff>8939220e6a3ffff>8939220e6bbffff>8939220e687ffff>8939220e683ffff>8939220e693ffff>89392201967ffff>89392201977ffff>8939220190fffff>8939220190bffff>89392201957ffff>89392201953ffff>89392201827ffff>89392201823ffff>8939220183bffff>89392201833ffff>893922018abffff
10,13,9089,7941,9089,10119.0,,10.151,29,8939220e28bffff>8939220e283ffff>8939220e293ffff>8939220e62fffff>8939220e627ffff>8939220e053ffff>8939220e0cbffff>8939220e0cfffff>8939220e0c7ffff>8939220e0cfffff>8939220e0c3ffff>8939220e0cbffff>8939220e0dbffff>8939220e6afffff>8939220e6a3ffff>8939220e6bbffff>8939220e687ffff>8939220e683ffff>8939220e693ffff>89392201967ffff>89392201977ffff>8939220190fffff>8939220190bffff>89392201957ffff>89392201953ffff>89392201827ffff>89392201823ffff>8939220183bffff>89392201833ffff
10,14,9088,7940,9088,10095.0,,10.519,30,8939220e28bffff>8939220e283ffff>8939220e293ffff>8939220e62fffff>8939220e627ffff>8939220e053ffff>8939220e0cbffff>8939220e0cfffff>8939220e0c7ffff>8939220e0cfffff>8939220e0c3ffff>8939220e0cbffff>8939220e0dbffff>8939220e6afffff>8939220e6a3ffff>8939220e6bbffff>8939220e687ffff>8939220e683ffff>8939220e693ffff>89392201967ffff>89392201977ffff>8939220190fffff>8939220190bffff>89392201957ffff>89392201953ffff>89392201827ffff>89392201823ffff>8939220183bffff>89392201833ffff>893922018abffff
10,15,9088,7940,9088,10199.0,,10.884,31,8939220e28bffff>8939220e283ffff>8939220e293ffff>8939220e62fffff>8939220e627ffff>8939220e053ffff>8939220e0cbffff>8939220e0cfffff>8939220e0c7ffff>8939220e0cfffff>8939220e0c3ffff>8939220e0cbffff>8939220e0dbffff>8939220e6afffff>8939220e6a3ffff>8939220e6bbffff>8939220e687ffff>8939220e683ffff>8939220e693ffff>89392201967ffff>89392201977ffff>8939220190fffff>8939220190bffff>89392201957ffff>89392201953ffff>89392201827ffff>89392201823ffff>8939220183bffff>89392201833ffff>893922018abffff>893922018a3ffff
10,16,9088,7940,9088,10172.0,,11.252,32,8939220e28bffff>8939220e283ffff>8939220e293ffff>8939220e62fffff>8939220e627ffff>8939220e053ffff>8939220e0cbffff>8939220e0cfffff>8939220e0c7ffff>8939220e0cfffff>8939220e0c3ffff>8939220e0cbffff>8939220e0dbffff>8939220e6afffff>8939220e6a3ffff>8939220e6bbffff>8939220e687ffff>8939220e683ffff>8939220e693ffff>89392201967ffff>89392201977ffff>8939220190fffff>8939220190bffff>89392201957ffff>89392201953ffff>89392201827ffff>89392201823ffff>8939220183bffff>89392201833ffff>893922018abffff>893922018a3ffff>893922018b3ffff
10,17,9037,7889,9037,9832.0,,10.168,29,8939220e0c3ffff>8939220e0cbffff>8939220e0dbffff>8939220e6afffff>8939220e6a3ffff>8939220e6bbffff>8939220e687ffff>8939220e683ffff>8939220e693ffff>89392201967ffff>89392201977ffff>8939220190fffff>8939220190bffff>89392201957ffff>89392201953ffff>89392201827ffff>89392201823ffff>8939220183bffff>89392201833ffff>893922018abffff>893922018a3ffff>893922018b3ffff>89392201d4bffff>89392201d43ffff>89392201d5bffff>89392201d53ffff>89392201dcbffff>89392201ddbffff>89392201ca7ffff
10,18,9031,7883,9031,9903.0,,10.533,30,8939220e0c3ffff>8939220e0cbffff>8939220e0dbffff>8939220e6afffff>8939220e6a3ffff>8939220e6bbffff>8939220e687ffff>8939220e683ffff>8939220e693ffff>89392201967ffff>89392201977ffff>8939220190fffff>8939220190bffff>89392201957ffff>89392201953ffff>89392201827ffff>89392201823ffff>8939220183bffff>89392201833ffff>893922018abffff>893922018a3ffff>893922018b3ffff>89392201d4bffff>89392201d43ffff>89392201d5bffff>89392201d53ffff>89392201dcbffff>89392201ddbffff>89392201ca7ffff>8939220036bffff
10,19,9030,7882,9030,10379.0,,10.168,29,8939220e0cfffff>8939220e0c3ffff>8939220e0cbffff>8939220e0dbffff>8939220e6afffff>8939220e6a3ffff>8939220e6bbffff>8939220e687ffff>8939220e683ffff>8939220e693ffff>89392201967ffff>89392201977ffff>8939220190fffff>8939220190bffff>89392201957ffff>89392201953ffff>89392201827ffff>89392201823ffff>8939220183bffff>89392201833ffff>893922018abffff>893922018a3ffff>893922018b3ffff>89392201d4bffff>89392201d43ffff>89392201d5bffff>89392201d53ffff>89392201dcbffff>89392201ddbffff
10,20,9024,7876,9024,9988.0,,10.898,31,8939220e0c3ffff>8939220e0cbffff>8939220e0dbffff>8939220e6afffff>8939220e6a3ffff>8939220e6bbffff>8939220e687ffff>8939220e683ffff>8939220e693ffff>89392201967ffff>89392201977ffff>8939220190fffff>8939220190bffff>89392201957ffff>89392201953ffff>89392201827ffff>89392201823ffff>8939220183bffff>89392201833ffff>893922018abffff>893922018a3ffff>893922018b3ffff>89392201d4bffff>89392201d43ffff>89392201d5bffff>89392201d53ffff>89392201dcbffff>89392201ddbffff>89392201ca7ffff>8939220036bffff>89392200363ffff
10,21,9016,7868,9016,10115.0,,11.266,32,8939220e0c3ffff>8939220e0cbffff>8939220e0dbffff>8939220e6afffff>8939220e6a3ffff>8939220e6bbffff>8939220e687ffff>8939220e683ffff>8939220e693ffff>89392201967ffff>89392201977ffff>8939220190fffff>8939220190bffff>89392201957ffff>89392201953ffff>89392201827ffff>89392201823ffff>8939220183bffff>89392201833ffff>893922018abffff>893922018a3ffff>893922018b3ffff>89392201d4bffff>89392201d43ffff>89392201d5bffff>89392201d53ffff>89392201dcbffff>89392201ddbffff>89392201ca7ffff>8939220036bffff>89392200363ffff>89392200373ffff
10,22,9014,7866,9014,9883.0,,10.536,30,8939220e0cfffff>8939220e0c3ffff>8939220e0cbffff>8939220e0dbffff>8939220e6afffff>8939220e6a3ffff>8939220e6bbffff>8939220e687ffff>8939220e683ffff>8939220e693ffff>89392201967ffff>89392201977ffff>8939220190fffff>8939220190bffff>89392201957ffff>89392201953ffff>89392201827ffff>89392201823ffff>8939220183bffff>89392201833ffff>893922018abffff>893922018a3ffff>893922018b3ffff>89392201d4bffff>89392201d43ffff>89392201d5bffff>89392201d53ffff>89392201dcbffff>89392201ddbffff>89392201ca7ffff
10,23,9008,7860,9008,10046.0,,10.901,31,8939220e0cfffff>8939220e0c3ffff>8939220e0cbffff>8939220e0dbffff>8939220e6afffff>8939220e6a3ffff>8939220e6bbffff>8939220e687ffff>8939220e683ffff>8939220e693ffff>89392201967ffff>89392201977ffff>8939220190fffff>8939220190bffff>89392201957ffff>89392201953ffff>89392201827ffff>89392201823ffff>8939220183bffff>89392201833ffff>893922018abffff>893922018a3ffff>893922018b3ffff>89392201d4bffff>89392201d43ffff>89392201d5bffff>89392201d53ffff>89392201dcbffff>89392201ddbffff>89392201ca7ffff>8939220036bffff
10,24,9001,7853,9001,9747.0,,11.266,32,8939220e0cfffff>8939220e0c3ffff>8939220e0cbffff>8939220e0dbffff>8939220e6afffff>8939220e6a3ffff>8939220e6bbffff>8939220e687ffff>8939220e683ffff>8939220e693ffff>89392201967ffff>89392201977ffff>8939220190fffff>8939220190bffff>89392201957ffff>89392201953ffff>89392201827ffff>89392201823ffff>8939220183bffff>89392201833ffff>893922018abffff>893922018a3ffff>893922018b3ffff>89392201d4bffff>89392201d43ffff>89392201d5bffff>89392201d53ffff>89392201dcbffff>89392201ddbffff>89392201ca7ffff>8939220036bffff>89392200363ffff
10,25,8993,7845,8993,10032.0,,11.634,33,8939220e0cfffff>8939220e0c3ffff>8939220e0cbffff>8939220e0dbffff>8939220e6afffff>8939220e6a3ffff>8939220e6bbffff>8939220e687ffff>8939220e683ffff>8939220e693ffff>89392201967ffff>89392201977ffff>8939220190fffff>8939220190bffff>89392201957ffff>89392201953ffff>89392201827ffff>89392201823ffff>8939220183bffff>89392201833ffff>893922018abffff>893922018a3ffff>893922018b3ffff>89392201d4bffff>89392201d43ffff>89392201d5bffff>89392201d53ffff>89392201dcbffff>89392201ddbffff>89392201ca7ffff>8939220036bffff>89392200363ffff>89392200373ffff
10,26,8987,7839,8987,9862.0,,10.165,29,8939220e0c7ffff>8939220e0cfffff>8939220e0c3ffff>8939220e0cbffff>8939220e0dbffff>8939220e6afffff>8939220e6a3ffff>8939220e6bbffff>8939220e687ffff>8939220e683ffff>8939220e693ffff>89392201967ffff>89392201977ffff>8939220190fffff>8939220190bffff>89392201957ffff>89392201953ffff>89392201827ffff>89392201823ffff>8939220183bffff>89392201833ffff>893922018abffff>893922018a3ffff>893922018b3ffff>89392201d4bffff>89392201d43ffff>89392201d5bffff>89392201d53ffff>89392201dcbffff
10,27,8986,7838,8986,10231.0,,10.162,29,8939220e0cfffff>8939220e0c7ffff>8939220e0cfffff>8939220e0c3ffff>8939220e0cbffff>8939220e0dbffff>8939220e6afffff>8939220e6a3ffff>8939220e6bbffff>8939220e687ffff>8939220e683ffff>8939220e693ffff>89392201967ffff>89392201977ffff>8939220190fffff>8939220190bffff>89392201957ffff>89392201953ffff>89392201827ffff>89392201823ffff>8939220183bffff>89392201833ffff>893922018abffff>893922018a3ffff>893922018b3ffff>89392201d4bffff>89392201d43ffff>89392201d5bffff>89392201d53ffff
10,28,8985,7837,8985,10146.0,,10.53,30,8939220e0cfffff>8939220e0c7ffff>8939220e0cfffff>8939220e0c3ffff>8939220e0cbffff>8939220e0dbffff>8939220e6afffff>8939220e6a3ffff>8939220e6bbffff>8939220e687ffff>8939220e683ffff>8939220e693ffff>89392201967ffff>89392201977ffff>8939220190fffff>8939220190bffff>89392201957ffff>89392201953ffff>89392201827ffff>89392201823ffff>8939220183bffff>89392201833ffff>893922018abffff>893922018a3ffff>893922018b3ffff>89392201d4bffff>89392201d43ffff>89392201d5bffff>89392201d53ffff>89392201dcbffff
10,29,8974,7826,8974,9725.0,,10.519,30,8939220e0cbffff>8939220e0cfffff>8939220e0c7ffff>8939220e0cfffff>8939220e0c3ffff>8939220e0cbffff>8939220e0dbffff>8939220e6afffff>8939220e6a3ffff>8939220e6bbffff>8939220e687ffff>8939220e683ffff>8939220e693ffff>89392201967ffff>89392201977ffff>8939220190fffff>8939220190bffff>89392201957ffff>89392201953ffff>89392201827ffff>89392201823ffff>8939220183bffff>89392201833ffff>893922018abffff>893922018a3ffff>893922018b3ffff>89392201d4bffff>89392201d43ffff>89392201d5bffff>89392201d53ffff
10,30,8974,7826,8974,10179.0,,10.154,29,8939220e0cbffff>8939220e0cfffff>8939220e0c7ffff>8939220e0cfffff>8939220e0c3ffff>8939220e0cbffff>8939220e0dbffff>8939220e6afffff>8939220e6a3ffff>8939220e6bbffff>8939220e687ffff>8939220e683ffff>8939220e693ffff>89392201967ffff>89392201977ffff>8939220190fffff>8939220190bffff>89392201957ffff>89392201953ffff>89392201827ffff>89392201823ffff>8939220183bffff>89392201833ffff>893922018abffff>893922018a3ffff>893922018b3ffff>89392201d4bffff>89392201d43ffff>89392201d5bffff
10,31,8973,7825,8973,9773.0,,10.887,31,8939220e0cbffff>8939220e0cfffff>8939220e0c7ffff>8939220e0cfffff>8939220e0c3ffff>8939220e0cbffff>8939220e0dbffff>8939220e6afffff>8939220e6a3ffff>8939220e6bbffff>8939220e687ffff>8939220e683ffff>8939220e693ffff>89392201967ffff>89392201977ffff>8939220190fffff>8939220190bffff>89392201957ffff>89392201953ffff>89392201827ffff>89392201823ffff>8939220183bffff>89392201833ffff>893922018abffff>893922018a3ffff>893922018b3ffff>89392201d4bffff>89392201d43ffff>89392201d5bffff>89392201d53ffff>89392201dcbffff
10,32,8971,7823,8971,9972.0,,10.157,29,8939220e627ffff>8939220e053ffff>8939220e0cbffff>8939220e0cfffff>8939220e0c7ffff>8939220e0cfffff>8939220e0c3ffff>8939220e0cbffff>8939220e0dbffff>8939220e6afffff>8939220e6a3ffff>8939220e6bbffff>8939220e687ffff>8939220e683ffff>8939220e693ffff>89392201967ffff>89392201977ffff>8939220190fffff>8939220190bffff>89392201957ffff>89392201953ffff>89392201827ffff>89392201823ffff>8939220183bffff>89392201833ffff>893922018abffff>893922018a3ffff>893922018b3ffff>89392201d4bffff
10,33,8970,7822,8970,10712.0,,10.522,30,8939220e627ffff>8939220e053ffff>8939220e0cbffff>8939220e0cfffff>8939220e0c7ffff>8939220e0cfffff>8939220e0c3ffff>8939220e0cbffff>8939220e0dbffff>8939220e6afffff>8939220e6a3ffff>8939220e6bbffff>8939220e687ffff>8939220e683ffff>8939220e693ffff>89392201967ffff>89392201977ffff>8939220190fffff>8939220190bffff>89392201957ffff>89392201953ffff>89392201827ffff>89392201823ffff>8939220183bffff>89392201833ffff>893922018abffff>893922018a3ffff>893922018b3ffff>89392201d4bffff>89392201d43ffff
10,34,8970,7822,8970,9854.0,,11.244,32,8939220e627ffff>8939220e053ffff>8939220e0cbffff>8939220e0cfffff>8939220e0c7ffff>8939220e0cfffff>8939220e0c3ffff>8939220e0cbffff>8939220e0dbffff>8939220e6afffff>8939220e6a3ffff>8939220e6bbffff>8939220e687ffff>8939220e683ffff>8939220e693ffff>89392201967ffff>89392201977ffff>8939220190fffff>8939220190bffff>89392201957ffff>89392201953ffff>89392201827ffff>89392201823ffff>8939220183bffff>89392201833ffff>893922018abffff>893922018a3ffff>893922018b3ffff>89392201d4bffff>89392201d43ffff>89392201d5bffff>89392201d53ffff
10,35,8970,7822,8970,9886.0,,10.522,30,8939220e053ffff>8939220e0cbffff>8939220e0cfffff>8939220e0c7ffff>8939220e0cfffff>8939220e0c3ffff>8939220e0cbffff>8939220e0dbffff>8939220e6afffff>8939220e6a3ffff>8939220e6bbffff>8939220e687ffff>8939220e683ffff>8939220e693ffff>89392201967ffff>89392201977ffff>8939220190fffff>8939220190bffff>89392201957ffff>89392201953ffff>89392201827ffff>89392201823ffff>8939220183bffff>89392201833ffff>893922018abffff>893922018a3ffff>893922018b3ffff>89392201d4bffff>89392201d43ffff>89392201d5bffff
10,36,8970,7822,8970,10085.0,,10.887,31,8939220e053ffff>8939220e0cbffff>8939220e0cfffff>8939220e0c7ffff>8939220e0cfffff>8939220e0c3ffff>8939220e0cbffff>8939220e0dbffff>8939220e6afffff>8939220e6a3ffff>8939220e6bbffff>8939220e687ffff>8939220e683ffff>8939220e693ffff>89392201967ffff>89392201977ffff>8939220190fffff>8939220190bffff>89392201957ffff>89392201953ffff>89392201827ffff>89392201823ffff>8939220183bffff>89392201833ffff>893922018abffff>893922018a3ffff>893922018b3ffff>89392201d4bffff>89392201d43ffff>89392201d5bffff>89392201d53ffff
10,37,8970,7822,8970,9922.0,,10.879,31,8939220e627ffff>8939220e053ffff>8939220e0cbffff>8939220e0cfffff>8939220e0c7ffff>8939220e0cfffff>8939220e0c3ffff>8939220e0cbffff>8939220e0dbffff>8939220e6afffff>8939220e6a3ffff>8939220e6bbffff>8939220e687ffff>8939220e683ffff>8939220e693ffff>89392201967ffff>89392201977ffff>8939220190fffff>8939220190bffff>89392201957ffff>89392201953ffff>89392201827ffff>89392201823ffff>8939220183bffff>89392201833ffff>893922018abffff>893922018a3ffff>893922018b3ffff>89392201d4bffff>89392201d43ffff>89392201d5bffff
10,38,8970,7822,8970,9951.0,,10.165,29,8939220e053ffff>8939220e0cbffff>8939220e0cfffff>8939220e0c7ffff>8939220e0cfffff>8939220e0c3ffff>8939220e0cbffff>8939220e0dbffff>8939220e6afffff>8939220e6a3ffff>8939220e6bbffff>8939220e687ffff>8939220e683ffff>8939220e693ffff>89392201967ffff>89392201977ffff>8939220190fffff>8939220190bffff>89392201957ffff>89392201953ffff>89392201827ffff>89392201823ffff>8939220183bffff>89392201833ffff>893922018abffff>893922018a3ffff>893922018b3ffff>89392201d4bffff>89392201d43ffff
10,39,8969,7821,8969,10336.0,,11.255,32,8939220e053ffff>8939220e0cbffff>8939220e0cfffff>8939220e0c7ffff>8939220e0cfffff>8939220e0c3ffff>8939220e0cbffff>8939220e0dbffff>8939220e6afffff>8939220e6a3ffff>8939220e6bbffff>8939220e687ffff>8939220e683ffff>8939220e693ffff>89392201967ffff>89392201977ffff>8939220190fffff>8939220190bffff>89392201957ffff>89392201953ffff>89392201827ffff>89392201823ffff>8939220183bffff>89392201833ffff>893922018abffff>893922018a3ffff>893922018b3ffff>89392201d4bffff>89392201d43ffff>89392201d5bffff>89392201d53ffff>89392201dcbffff
10,40,8969,7821,8969,10000.0,,11.612,33,8939220e627ffff>8939220e053ffff>8939220e0cbffff>8939220e0cfffff>8939220e0c7ffff>8939220e0cfffff>8939220e0c3ffff>8939220e0cbffff>8939220e0dbffff>8939220e6afffff>8939220e6a3ffff>8939220e6bbffff>8939220e687ffff>8939220e683ffff>8939220e693ffff>89392201967ffff>89392201977ffff>8939220190fffff>8939220190bffff>89392201957ffff>89392201953ffff>89392201827ffff>89392201823ffff>8939220183bffff>89392201833ffff>893922018abffff>893922018a3ffff>893922018b3ffff>89392201d4bffff>89392201d43ffff>89392201d5bffff>89392201d53ffff>89392201dcbffff
10,41,8968,7820,8968,9986.0,,10.522,30,8939220e62fffff>8939220e627ffff>8939220e053ffff>8939220e0cbffff>8939220e0cfffff>8939220e0c7ffff>8939220e0cfffff>8939220e0c3ffff>8939220e0cbffff>8939220e0dbffff>8939220e6afffff>8939220e6a3ffff>8939220e6bbffff>8939220e687ffff>8939220e683ffff>8939220e693ffff>89392201967ffff>89392201977ffff>8939220190fffff>8939220190bffff>89392201957ffff>89392201953ffff>89392201827ffff>89392201823ffff>8939220183bffff>89392201833ffff>893922018abffff>893922018a3ffff>893922018b3ffff>89392201d4bffff
10,42,8968,7820,8968,9816.0,,10.887,31,8939220e293ffff>8939220e62fffff>8939220e627ffff>8939220e053ffff>8939220e0cbffff>8939220e0cfffff>8939220e0c7ffff>8939220e0cfffff>8939220e0c3ffff>8939220e0cbffff>8939220e0dbffff>8939220e6afffff>8939220e6a3ffff>8939220e6bbffff>8939220e687ffff>8939220e683ffff>8939220e693ffff>89392201967ffff>89392201977ffff>8939220190fffff>8939220190bffff>89392201957ffff>89392201953ffff>89392201827ffff>89392201823ffff>8939220183bffff>89392201833ffff>893922018abffff>893922018a3ffff>893922018b3ffff>89392201d4bffff
10,43,8967,7819,8967,9936.0,,11.609,33,8939220e293ffff>8939220e62fffff>8939220e627ffff>8939220e053ffff>8939220e0cbffff>8939220e0cfffff>8939220e0c7ffff>8939220e0cfffff>8939220e0c3ffff>8939220e0cbffff>8939220e0dbffff>8939220e6afffff>8939220e6a3ffff>8939220e6bbffff>8939220e687ffff>8939220e683ffff>8939220e693ffff>89392201967ffff>89392201977ffff>8939220190fffff>8939220190bffff>89392201957ffff>89392201953ffff>89392201827ffff>89392201823ffff>8939220183bffff>89392201833ffff>893922018abffff>893922018a3ffff>893922018b3ffff>89392201d4bffff>89392201d43ffff>89392201d5bffff
10,44,8967,7819,8967,9865.0,,11.244,32,8939220e62fffff>8939220e627ffff>8939220e053ffff>8939220e0cbffff>8939220e0cfffff>8939220e0c7ffff>8939220e0cfffff>8939220e0c3ffff>8939220e0cbffff>8939220e0dbffff>8939220e6afffff>8939220e6a3ffff>8939220e6bbffff>8939220e687ffff>8939220e683ffff>8939220e693ffff>89392201967ffff>89392201977ffff>8939220190fffff>8939220190bffff>89392201957ffff>89392201953ffff>89392201827ffff>89392201823ffff>8939220183bffff>89392201833ffff>893922018abffff>893922018a3ffff>893922018b3ffff>89392201d4bffff>89392201d43ffff>89392201d5bffff
10,45,8967,7819,8967,10238.0,,11.609,33,8939220e62fffff>8939220e627ffff>8939220e053ffff>8939220e0cbffff>8939220e0cfffff>8939220e0c7ffff>8939220e0cfffff>8939220e0c3ffff>8939220e0cbffff>8939220e0dbffff>8939220e6afffff>8939220e6a3ffff>8939220e6bbffff>8939220e687ffff>8939220e683ffff>8939220e693ffff>89392201967ffff>89392201977ffff>8939220190fffff>8939220190bffff>89392201957ffff>89392201953ffff>89392201827ffff>89392201823ffff>8939220183bffff>89392201833ffff>893922018abffff>893922018a3ffff>893922018b3ffff>89392201d4bffff>89392201d43ffff>89392201d5bffff>89392201d53ffff
10,46,8967,7819,8967,9744.0,,11.252,32,8939220e293ffff>8939220e62fffff>8939220e627ffff>8939220e053ffff>8939220e0cbffff>8939220e0cfffff>8939220e0c7ffff>8939220e0cfffff>8939220e0c3ffff>8939220e0cbffff>8939220e0dbffff>8939220e6afffff>8939220e6a3ffff>8939220e6bbffff>8939220e687ffff>8939220e683ffff>8939220e693ffff>89392201967ffff>89392201977ffff>8939220190fffff>8939220190bffff>89392201957ffff>89392201953ffff>89392201827ffff>89392201823ffff>8939220183bffff>89392201833ffff>893922018abffff>893922018a3ffff>893922018b3ffff>89392201d4bffff>89392201d43ffff
10,47,8967,7819,8967,9912.0,,11.974,34,8939220e293ffff>8939220e62fffff>8939220e627ffff>8939220e053ffff>8939220e0cbffff>8939220e0cfffff>8939220e0c7ffff>8939220e0cfffff>8939220e0c3ffff>8939220e0cbffff>8939220e0dbffff>8939220e6afffff>8939220e6a3ffff>8939220e6bbffff>8939220e687ffff>8939220e683ffff>8939220e693ffff>89392201967ffff>89392201977ffff>8939220190fffff>8939220190bffff>89392201957ffff>89392201953ffff>89392201827ffff>89392201823ffff>8939220183bffff>89392201833ffff>893922018abffff>893922018a3ffff>893922018b3ffff>89392201d4bffff>89392201d43ffff>89392201d5bffff>89392201d53ffff
10,48,8967,7819,8967,9678.0,,11.254,32,8939220e283ffff>8939220e293ffff>8939220e62fffff>8939220e627ffff>8939220e053ffff>8939220e0cbffff>8939220e0cfffff>8939220e0c7ffff>8939220e0cfffff>8939220e0c3ffff>8939220e0cbffff>8939220e0dbffff>8939220e6afffff>8939220e6a3ffff>8939220e6bbffff>8939220e687ffff>8939220e683ffff>8939220e693ffff>89392201967ffff>89392201977ffff>8939220190fffff>8939220190bffff>89392201957ffff>89392201953ffff>89392201827ffff>89392201823ffff>8939220183bffff>89392201833ffff>893922018abffff>893922018a3ffff>893922018b3ffff>89392201d4bffff
10,49,8967,7819,8967,9946.0,,10.887,31,8939220e62fffff>8939220e627ffff>8939220e053ffff>8939220e0cbffff>8939220e0cfffff>8939220e0c7ffff>8939220e0cfffff>8939220e0c3ffff>8939220e0cbffff>8939220e0dbffff>8939220e6afffff>8939220e6a3ffff>8939220e6bbffff>8939220e687ffff>8939220e683ffff>8939220e693ffff>89392201967ffff>89392201977ffff>8939220190fffff>8939220190bffff>89392201957ffff>89392201953ffff>89392201827ffff>89392201823ffff>8939220183bffff>89392201833ffff>893922018abffff>893922018a3ffff>893922018b3ffff>89392201d4bffff>89392201d43ffff
10,50,8966,7818,8966,9957.0,,11.977,34,8939220e283ffff>8939220e293ffff>8939220e62fffff>8939220e627ffff>8939220e053ffff>8939220e0cbffff>8939220e0cfffff>8939220e0c7ffff>8939220e0cfffff>8939220e0c3ffff>8939220e0cbffff>8939220e0dbffff>8939220e6afffff>8939220e6a3ffff>8939220e6bbffff>8939220e687ffff>8939220e683ffff>8939220e693ffff>89392201967ffff>89392201977ffff>8939220190fffff>8939220190bffff>89392201957ffff>89392201953ffff>89392201827ffff>89392201823ffff>8939220183bffff>89392201833ffff>893922018abffff>893922018a3ffff>893922018b3ffff>89392201d4bffff>89392201d43ffff>89392201d5bffff
10,51,8966,7818,8966,9822.0,,12.342,35,8939220e283ffff>8939220e293ffff>8939220e62fffff>8939220e627ffff>8939220e053ffff>8939220e0cbffff>8939220e0cfffff>8939220e0c7ffff>8939220e0cfffff>8939220e0c3ffff>8939220e0cbffff>8939220e0dbffff>8939220e6afffff>8939220e6a3ffff>8939220e6bbffff>8939220e687ffff>8939220e683ffff>8939220e693ffff>89392201967ffff>89392201977ffff>8939220190fffff>8939220190bffff>89392201957ffff>89392201953ffff>89392201827ffff>89392201823ffff>8939220183bffff>89392201833ffff>893922018abffff>893922018a3ffff>893922018b3ffff>89392201d4bffff>89392201d43ffff>89392201d5bffff>89392201d53ffff
10,52,8966,7818,8966,10054.0,,11.62,33,8939220e283ffff>8939220e293ffff>8939220e62fffff>8939220e627ffff>8939220e053ffff>8939220e0cbffff>8939220e0cfffff>8939220e0c7ffff>8939220e0cfffff>8939220e0c3ffff>8939220e0cbffff>8939220e0dbffff>8939220e6afffff>8939220e6a3ffff>8939220e6bbffff>8939220e687ffff>8939220e683ffff>8939220e693ffff>89392201967ffff>89392201977ffff>8939220190fffff>8939220190bffff>89392201957ffff>89392201953ffff>89392201827ffff>89392201823ffff>8939220183bffff>89392201833ffff>893922018abffff>893922018a3ffff>893922018b3ffff>89392201d4bffff>89392201d43ffff
10,53,8966,7818,8966,10050.0,,11.977,34,8939220e62fffff>8939220e627ffff>8939220e053ffff>8939220e0cbffff>8939220e0cfffff>8939220e0c7ffff>8939220e0cfffff>8939220e0c3ffff>8939220e0cbffff>8939220e0dbffff>8939220e6afffff>8939220e6a3ffff>8939220e6bbffff>8939220e687ffff>8939220e683ffff>8939220e693ffff>89392201967ffff>89392201977ffff>8939220190fffff>8939220190bffff>89392201957ffff>89392201953ffff>89392201827ffff>89392201823ffff>8939220183bffff>89392201833ffff>893922018abffff>893922018a3ffff>893922018b3ffff>89392201d4bffff>89392201d43ffff>89392201d5bffff>89392201d53ffff>89392201dcbffff
10,54,8966,7818,8966,9880.0,,12.342,35,8939220e293ffff>8939220e62fffff>8939220e627ffff>8939220e053ffff>8939220e0cbffff>8939220e0cfffff>8939220e0c7ffff>8939220e0cfffff>8939220e0c3ffff>8939220e0cbffff>8939220e0dbffff>8939220e6afffff>8939220e6a3ffff>8939220e6bbffff>8939220e687ffff>8939220e683ffff>8939220e693ffff>89392201967ffff>89392201977ffff>8939220190fffff>8939220190bffff>89392201957ffff>89392201953ffff>89392201827ffff>89392201823ffff>8939220183bffff>89392201833ffff>893922018abffff>893922018a3ffff>893922018b3ffff>89392201d4bffff>89392201d43ffff>89392201d5bffff>89392201d53ffff>89392201dcbffff
10,55,8965,7817,8965,10225.0,,10.533,30,8939220e0c7ffff>8939220e0cfffff>8939220e0c3ffff>8939220e0cbffff>8939220e0dbffff>8939220e6afffff>8939220e6a3ffff>8939220e6bbffff>8939220e687ffff>8939220e683ffff>8939220e693ffff>89392201967ffff>89392201977ffff>8939220190fffff>8939220190bffff>89392201957ffff>89392201953ffff>89392201827ffff>89392201823ffff>8939220183bffff>89392201833ffff>893922018abffff>893922018a3ffff>893922018b3ffff>89392201d4bffff>89392201d43ffff>89392201d5bffff>89392201d53ffff>89392201dcbffff>89392201ddbffff
10,56,8965,7817,8965,9913.0,,12.71,36,8939220e283ffff>8939220e293ffff>8939220e62fffff>8939220e627ffff>8939220e053ffff>8939220e0cbffff>8939220e0cfffff>8939220e0c7ffff>8939220e0cfffff>8939220e0c3ffff>8939220e0cbffff>8939220e0dbffff>8939220e6afffff>8939220e6a3ffff>8939220e6bbffff>8939220e687ffff>8939220e683ffff>8939220e693ffff>89392201967ffff>89392201977ffff>8939220190fffff>8939220190bffff>89392201957ffff>89392201953ffff>89392201827ffff>89392201823ffff>8939220183bffff>89392201833ffff>893922018abffff>893922018a3ffff>893922018b3ffff>89392201d4bffff>89392201d43ffff>89392201d5bffff>89392201d53ffff>89392201dcbffff
10,57,8964,7816,8964,9843.0,,11.62,33,8939220e28bffff>8939220e283ffff>8939220e293ffff>8939220e62fffff>8939220e627ffff>8939220e053ffff>8939220e0cbffff>8939220e0cfffff>8939220e0c7ffff>8939220e0cfffff>8939220e0c3ffff>8939220e0cbffff>8939220e0dbffff>8939220e6afffff>8939220e6a3ffff>8939220e6bbffff>8939220e687ffff>8939220e683ffff>8939220e693ffff>89392201967ffff>89392201977ffff>8939220190fffff>8939220190bffff>89392201957ffff>89392201953ffff>89392201827ffff>89392201823ffff>8939220183bffff>89392201833ffff>893922018abffff>893922018a3ffff>893922018b3ffff>89392201d4bffff
10,58,8963,7815,8963,10263.0,,10.898,31,8939220e0cfffff>8939220e0c7ffff>8939220e0cfffff>8939220e0c3ffff>8939220e0cbffff>8939220e0dbffff>8939220e6afffff>8939220e6a3ffff>8939220e6bbffff>8939220e687ffff>8939220e683ffff>8939220e693ffff>89392201967ffff>89392201977ffff>8939220190fffff>8939220190bffff>89392201957ffff>89392201953ffff>89392201827ffff>89392201823ffff>8939220183bffff>89392201833ffff>893922018abffff>893922018a3ffff>893922018b3ffff>89392201d4bffff>89392201d43ffff>89392201d5bffff>89392201d53ffff>89392201dcbffff>89392201ddbffff
10,59,8963,7815,8963,10387.0,,12.342,35,8939220e28bffff>8939220e283ffff>8939220e293ffff>8939220e62fffff>8939220e627ffff>8939220e053ffff>8939220e0cbffff>8939220e0cfffff>8939220e0c7ffff>8939220e0cfffff>8939220e0c3ffff>8939220e0cbffff>8939220e0dbffff>8939220e6afffff>8939220e6a3ffff>8939220e6bbffff>8939220e687ffff>8939220e683ffff>8939220e693ffff>89392201967ffff>89392201977ffff>8939220190fffff>8939220190bffff>89392201957ffff>89392201953ffff>89392201827ffff>89392201823ffff>8939220183bffff>89392201833ffff>893922018abffff>893922018a3ffff>893922018b3ffff>89392201d4bffff>89392201d43ffff>89392201d5bffff
10,60,8963,7815,8963,9923.0,,12.707,36,8939220e28bffff>8939220e283ffff>8939220e293ffff>8939220e62fffff>8939220e627ffff>8939220e053ffff>8939220e0cbffff>8939220e0cfffff>8939220e0c7ffff>8939220e0cfffff>8939220e0c3ffff>8939220e0cbffff>8939220e0dbffff>8939220e6afffff>8939220e6a3ffff>8939220e6bbffff>8939220e687ffff>8939220e683ffff>8939220e693ffff>89392201967ffff>89392201977ffff>8939220190fffff>8939220190bffff>89392201957ffff>89392201953ffff>89392201827ffff>89392201823ffff>8939220183bffff>89392201833ffff>893922018abffff>893922018a3ffff>893922018b3ffff>89392201d4bffff>89392201d43ffff>89392201d5bffff>89392201d53ffff
10,61,8963,7815,8963,9853.0,,11.985,34,8939220e28bffff>8939220e283ffff>8939220e293ffff>8939220e62fffff>8939220e627ffff>8939220e053ffff>8939220e0cbffff>8939220e0cfffff>8939220e0c7ffff>8939220e0cfffff>8939220e0c3ffff>8939220e0cbffff>8939220e0dbffff>8939220e6afffff>8939220e6a3ffff>8939220e6bbffff>8939220e687ffff>8939220e683ffff>8939220e693ffff>89392201967ffff>89392201977ffff>8939220190fffff>8939220190bffff>89392201957ffff>89392201953ffff>89392201827ffff>89392201823ffff>8939220183bffff>89392201833ffff>893922018abffff>893922018a3ffff>893922018b3ffff>89392201d4bffff>89392201d43ffff
10,62,8962,7814,8962,10913.0,,13.075,37,8939220e28bffff>8939220e283ffff>8939220e293ffff>8939220e62fffff>8939220e627ffff>8939220e053ffff>8939220e0cbffff>8939220e0cfffff>8939220e0c7ffff>8939220e0cfffff>8939220e0c3ffff>8939220e0cbffff>8939220e0dbffff>8939220e6afffff>8939220e6a3ffff>8939220e6bbffff>8939220e687ffff>8939220e683ffff>8939220e693ffff>89392201967ffff>89392201977ffff>8939220190fffff>8939220190bffff>89392201957ffff>89392201953ffff>89392201827ffff>89392201823ffff>8939220183bffff>89392201833ffff>893922018abffff>893922018a3ffff>893922018b3ffff>89392201d4bffff>89392201d43ffff>89392201d5bffff>89392201d53ffff>89392201dcbffff
10,63,8951,7803,8951,9937.0,,11.255,32,8939220e0cbffff>8939220e0cfffff>8939220e0c7ffff>8939220e0cfffff>8939220e0c3ffff>8939220e0cbffff>8939220e0dbffff>8939220e6afffff>8939220e6a3ffff>8939220e6bbffff>8939220e687ffff>8939220e683ffff>8939220e693ffff>89392201967ffff>89392201977ffff>8939220190fffff>8939220190bffff>89392201957ffff>89392201953ffff>89392201827ffff>89392201823ffff>8939220183bffff>89392201833ffff>893922018abffff>893922018a3ffff>893922018b3ffff>89392201d4bffff>89392201d43ffff>89392201d5bffff>89392201d53ffff>89392201dcbffff>89392201ddbffff
10,64,8950,7802,8950,9993.0,,10.901,31,8939220e0c7ffff>8939220e0cfffff>8939220e0c3ffff>8939220e0cbffff>8939220e0dbffff>8939220e6afffff>8939220e6a3ffff>8939220e6bbffff>8939220e687ffff>8939220e683ffff>8939220e693ffff>89392201967ffff>89392201977ffff>8939220190fffff>8939220190bffff>89392201957ffff>89392201953ffff>89392201827ffff>89392201823ffff>8939220183bffff>89392201833ffff>893922018abffff>893922018a3ffff>893922018b3ffff>89392201d4bffff>89392201d43ffff>89392201d5bffff>89392201d53ffff>89392201dcbffff>89392201ddbffff>89392201ca7ffff
10,65,8948,7800,8948,9940.0,,11.266,32,8939220e0cfffff>8939220e0c7ffff>8939220e0cfffff>8939220e0c3ffff>8939220e0cbffff>8939220e0dbffff>8939220e6afffff>8939220e6a3ffff>8939220e6bbffff>8939220e687ffff>8939220e683ffff>8939220e693ffff>89392201967ffff>89392201977ffff>8939220190fffff>8939220190bffff>89392201957ffff>89392201953ffff>89392201827ffff>89392201823ffff>8939220183bffff>89392201833ffff>893922018abffff>893922018a3ffff>893922018b3ffff>89392201d4bffff>89392201d43ffff>89392201d5bffff>89392201d53ffff>89392201dcbffff>89392201ddbffff>89392201ca7ffff
10,66,8947,7799,8947,10054.0,,11.98,34,8939220e627ffff>8939220e053ffff>8939220e0cbffff>8939220e0cfffff>8939220e0c7ffff>8939220e0cfffff>8939220e0c3ffff>8939220e0cbffff>8939220e0dbffff>8939220e6afffff>8939220e6a3ffff>8939220e6bbffff>8939220e687ffff>8939220e683ffff>8939220e693ffff>89392201967ffff>89392201977ffff>8939220190fffff>8939220190bffff>89392201957ffff>89392201953ffff>89392201827ffff>89392201823ffff>8939220183bffff>89392201833ffff>893922018abffff>893922018a3ffff>893922018b3ffff>89392201d4bffff>89392201d43ffff>89392201d5bffff>89392201d53ffff>89392201dcbffff>89392201ddbffff
10,67,8947,7799,8947,10564.0,,11.623,33,8939220e053ffff>8939220e0cbffff>8939220e0cfffff>8939220e0c7ffff>8939220e0cfffff>8939220e0c3ffff>8939220e0cbffff>8939220e0dbffff>8939220e6afffff>8939220e6a3ffff>8939220e6bbffff>8939220e687ffff>8939220e683ffff>8939220e693ffff>89392201967ffff>89392201977ffff>8939220190fffff>8939220190bffff>89392201957ffff>89392201953ffff>89392201827ffff>89392201823ffff>8939220183bffff>89392201833ffff>893922018abffff>893922018a3ffff>893922018b3ffff>89392201d4bffff>89392201d43ffff>89392201d5bffff>89392201d53ffff>89392201dcbffff>89392201ddbffff
10,68,8944,7796,8944,9790.0,,12.345,35,8939220e62fffff>8939220e627ffff>8939220e053ffff>8939220e0cbffff>8939220e0cfffff>8939220e0c7ffff>8939220e0cfffff>8939220e0c3ffff>8939220e0cbffff>8939220e0dbffff>8939220e6afffff>8939220e6a3ffff>8939220e6bbffff>8939220e687ffff>8939220e683ffff>8939220e693ffff>89392201967ffff>89392201977ffff>8939220190fffff>8939220190bffff>89392201957ffff>89392201953ffff>89392201827ffff>89392201823ffff>8939220183bffff>89392201833ffff>893922018abffff>893922018a3ffff>893922018b3ffff>89392201d4bffff>89392201d43ffff>89392201d5bffff>89392201d53ffff>89392201dcbffff>89392201ddbffff
10,69,8944,7796,8944,10365.0,,11.266,32,8939220e0c7ffff>8939220e0cfffff>8939220e0c3ffff>8939220e0cbffff>8939220e0dbffff>8939220e6afffff>8939220e6a3ffff>8939220e6bbffff>8939220e687ffff>8939220e683ffff>8939220e693ffff>89392201967ffff>89392201977ffff>8939220190fffff>8939220190bffff>89392201957ffff>89392201953ffff>89392201827ffff>89392201823ffff>8939220183bffff>89392201833ffff>893922018abffff>893922018a3ffff>893922018b3ffff>89392201d4bffff>89392201d43ffff>89392201d5bffff>89392201d53ffff>89392201dcbffff>89392201ddbffff>89392201ca7ffff>8939220036bffff
10,70,8944,7796,8944,10160.0,,12.71,36,8939220e293ffff>8939220e62fffff>8939220e627ffff>8939220e053ffff>8939220e0cbffff>8939220e0cfffff>8939220e0c7ffff>8939220e0cfffff>8939220e0c3ffff>8939220e0cbffff>8939220e0dbffff>8939220e6afffff>8939220e6a3ffff>8939220e6bbffff>8939220e687ffff>8939220e683ffff>8939220e693ffff>89392201967ffff>89392201977ffff>8939220190fffff>8939220190bffff>89392201957ffff>89392201953ffff>89392201827ffff>89392201823ffff>8939220183bffff>89392201833ffff>893922018abffff>893922018a3ffff>893922018b3ffff>89392201d4bffff>89392201d43ffff>89392201d5bffff>89392201d53ffff>89392201dcbffff>89392201ddbffff
10,71,8943,7795,8943,9767.0,,13.078,37,8939220e283ffff>8939220e293ffff>8939220e62fffff>8939220e627ffff>8939220e053ffff>8939220e0cbffff>8939220e0cfffff>8939220e0c7ffff>8939220e0cfffff>8939220e0c3ffff>8939220e0cbffff>8939220e0dbffff>8939220e6afffff>8939220e6a3ffff>8939220e6bbffff>8939220e687ffff>8939220e683ffff>8939220e693ffff>89392201967ffff>89392201977ffff>8939220190fffff>8939220190bffff>89392201957ffff>89392201953ffff>89392201827ffff>89392201823ffff>8939220183bffff>89392201833ffff>893922018abffff>893922018a3ffff>893922018b3ffff>89392201d4bffff>89392201d43ffff>89392201d5bffff>89392201d53ffff>89392201dcbffff>89392201ddbffff
10,72,8942,7794,8942,10030.0,,11.631,33,8939220e0cfffff>8939220e0c7ffff>8939220e0cfffff>8939220e0c3ffff>8939220e0cbffff>8939220e0dbffff>8939220e6afffff>8939220e6a3ffff>8939220e6bbffff>8939220e687ffff>8939220e683ffff>8939220e693ffff>89392201967ffff>89392201977ffff>8939220190fffff>8939220190bffff>89392201957ffff>89392201953ffff>89392201827ffff>89392201823ffff>8939220183bffff>89392201833ffff>893922018abffff>893922018a3ffff>893922018b3ffff>89392201d4bffff>89392201d43ffff>89392201d5bffff>89392201d53ffff>89392201dcbffff>89392201ddbffff>89392201ca7ffff>8939220036bffff
10,73,8940,7792,8940,9945.0,,13.443,38,8939220e28bffff>8939220e283ffff>8939220e293ffff>8939220e62fffff>8939220e627ffff>8939220e053ffff>8939220e0cbffff>8939220e0cfffff>8939220e0c7ffff>8939220e0cfffff>8939220e0c3ffff>8939220e0cbffff>8939220e0dbffff>8939220e6afffff>8939220e6a3ffff>8939220e6bbffff>8939220e687ffff>8939220e683ffff>8939220e693ffff>89392201967ffff>89392201977ffff>8939220190fffff>8939220190bffff>89392201957ffff>89392201953ffff>89392201827ffff>89392201823ffff>8939220183bffff>89392201833ffff>893922018abffff>893922018a3ffff>893922018b3ffff>89392201d4bffff>89392201d43ffff>89392201d5bffff>89392201d53ffff>89392201dcbffff>89392201ddbffff
10,74,8937,7789,8937,10077.0,,11.631,33,8939220e0c7ffff>8939220e0cfffff>8939220e0c3ffff>8939220e0cbffff>8939220e0dbffff>8939220e6afffff>8939220e6a3ffff>8939220e6bbffff>8939220e687ffff>8939220e683ffff>8939220e693ffff>89392201967ffff>89392201977ffff>8939220190fffff>8939220190bffff>89392201957ffff>89392201953ffff>89392201827ffff>89392201823ffff>8939220183bffff>89392201833ffff>893922018abffff>893922018a3ffff>893922018b3ffff>89392201d4bffff>89392201d43ffff>89392201d5bffff>89392201d53ffff>89392201dcbffff>89392201ddbffff>89392201ca7ffff>8939220036bffff>89392200363ffff
10,75,8936,7788,8936,9738.0,,11.623,33,8939220e0cbffff>8939220e0cfffff>8939220e0c7ffff>8939220e0cfffff>8939220e0c3ffff>8939220e0cbffff>8939220e0dbffff>8939220e6afffff>8939220e6a3ffff>8939220e6bbffff>8939220e687ffff>8939220e683ffff>8939220e693ffff>89392201967ffff>89392201977ffff>8939220190fffff>8939220190bffff>89392201957ffff>89392201953ffff>89392201827ffff>89392201823ffff>8939220183bffff>89392201833ffff>893922018abffff>893922018a3ffff>893922018b3ffff>89392201d4bffff>89392201d43ffff>89392201d5bffff>89392201d53ffff>89392201dcbffff>89392201ddbffff>89392201ca7ffff
10,76,8935,7787,8935,9849.0,,11.996,34,8939220e0cfffff>8939220e0c7ffff>8939220e0cfffff>8939220e0c3ffff>8939220e0cbffff>8939220e0dbffff>8939220e6afffff>8939220e6a3ffff>8939220e6bbffff>8939220e687ffff>8939220e683ffff>8939220e693ffff>89392201967ffff>89392201977ffff>8939220190fffff>8939220190bffff>89392201957ffff>89392201953ffff>89392201827ffff>89392201823ffff>8939220183bffff>89392201833ffff>893922018abffff>893922018a3ffff>893922018b3ffff>89392201d4bffff>89392201d43ffff>89392201d5bffff>89392201d53ffff>89392201dcbffff>89392201ddbffff>89392201ca7ffff>8939220036bffff>89392200363ffff
10,77,8932,7784,8932,10674.0,,11.991,34,8939220e053ffff>8939220e0cbffff>8939220e0cfffff>8939220e0c7ffff>8939220e0cfffff>8939220e0c3ffff>8939220e0cbffff>8939220e0dbffff>8939220e6afffff>8939220e6a3ffff>8939220e6bbffff>8939220e687ffff>8939220e683ffff>8939220e693ffff>89392201967ffff>89392201977ffff>8939220190fffff>8939220190bffff>89392201957ffff>89392201953ffff>89392201827ffff>89392201823ffff>8939220183bffff>89392201833ffff>893922018abffff>893922018a3ffff>893922018b3ffff>89392201d4bffff>89392201d43ffff>89392201d5bffff>89392201d53ffff>89392201dcbffff>89392201ddbffff>89392201ca7ffff
10,78,8932,7784,8932,10334.0,,12.348,35,8939220e627ffff>8939220e053ffff>8939220e0cbffff>8939220e0cfffff>8939220e0c7ffff>8939220e0cfffff>8939220e0c3ffff>8939220e0cbffff>8939220e0dbffff>8939220e6afffff>8939220e6a3ffff>8939220e6bbffff>8939220e687ffff>8939220e683ffff>8939220e693ffff>89392201967ffff>89392201977ffff>8939220190fffff>8939220190bffff>89392201957ffff>89392201953ffff>89392201827ffff>89392201823ffff>8939220183bffff>89392201833ffff>893922018abffff>893922018a3ffff>893922018b3ffff>89392201d4bffff>89392201d43ffff>89392201d5bffff>89392201d53ffff>89392201dcbffff>89392201ddbffff>89392201ca7ffff
10,79,8930,7782,8930,9783.0,,11.988,34,8939220e0cbffff>8939220e0cfffff>8939220e0c7ffff>8939220e0cfffff>8939220e0c3ffff>8939220e0cbffff>8939220e0dbffff>8939220e6afffff>8939220e6a3ffff>8939220e6bbffff>8939220e687ffff>8939220e683ffff>8939220e693ffff>89392201967ffff>89392201977ffff>8939220190fffff>8939220190bffff>89392201957ffff>89392201953ffff>89392201827ffff>89392201823ffff>8939220183bffff>89392201833ffff>893922018abffff>893922018a3ffff>893922018b3ffff>89392201d4bffff>89392201d43ffff>89392201d5bffff>89392201d53ffff>89392201dcbffff>89392201ddbffff>89392201ca7ffff>8939220036bffff
10,80,8929,7781,8929,10027.0,,12.713,36,8939220e62fffff>8939220e627ffff>8939220e053ffff>8939220e0cbffff>8939220e0cfffff>8939220e0c7ffff>8939220e0cfffff>8939220e0c3ffff>8939220e0cbffff>8939220e0dbffff>8939220e6afffff>8939220e6a3ffff>8939220e6bbffff>8939220e687ffff>8939220e683ffff>8939220e693ffff>89392201967ffff>89392201977ffff>8939220190fffff>8939220190bffff>89392201957ffff>89392201953ffff>89392201827ffff>89392201823ffff>8939220183bffff>89392201833ffff>893922018abffff>893922018a3ffff>893922018b3ffff>89392201d4bffff>89392201d43ffff>89392201d5bffff>89392201d53ffff>89392201dcbffff>89392201ddbffff>89392201ca7ffff
10,81,8929,7781,8929,10287.0,,11.999,34,8939220e0c7ffff>8939220e0cfffff>8939220e0c3ffff>8939220e0cbffff>8939220e0dbffff>8939220e6afffff>8939220e6a3ffff>8939220e6bbffff>8939220e687ffff>8939220e683ffff>8939220e693ffff>89392201967ffff>89392201977ffff>8939220190fffff>8939220190bffff>89392201957ffff>89392201953ffff>89392201827ffff>89392201823ffff>8939220183bffff>89392201833ffff>893922018abffff>893922018a3ffff>893922018b3ffff>89392201d4bffff>89392201d43ffff>89392201d5bffff>89392201d53ffff>89392201dcbffff>89392201ddbffff>89392201ca7ffff>8939220036bffff>89392200363ffff>89392200373ffff
10,82,8929,7781,8929,9678.0,,13.078,37,8939220e293ffff>8939220e62fffff>8939220e627ffff>8939220e053ffff>8939220e0cbffff>8939220e0cfffff>8939220e0c7ffff>8939220e0cfffff>8939220e0c3ffff>8939220e0cbffff>8939220e0dbffff>8939220e6afffff>8939220e6a3ffff>8939220e6bbffff>8939220e687ffff>8939220e683ffff>8939220e693ffff>89392201967ffff>89392201977ffff>8939220190fffff>8939220190bffff>89392201957ffff>89392201953ffff>89392201827ffff>89392201823ffff>8939220183bffff>89392201833ffff>893922018abffff>893922018a3ffff>893922018b3ffff>89392201d4bffff>89392201d43ffff>89392201d5bffff>89392201d53ffff>89392201dcbffff>89392201ddbffff>89392201ca7ffff
10,83,8928,7780,8928,9627.0,,13.446,38,8939220e283ffff>8939220e293ffff>8939220e62fffff>8939220e627ffff>8939220e053ffff>8939220e0cbffff>8939220e0cfffff>8939220e0c7ffff>8939220e0cfffff>8939220e0c3ffff>8939220e0cbffff>8939220e0dbffff>8939220e6afffff>8939220e6a3ffff>8939220e6bbffff>8939220e687ffff>8939220e683ffff>8939220e693ffff>89392201967ffff>89392201977ffff>8939220190fffff>8939220190bffff>89392201957ffff>89392201953ffff>89392201827ffff>89392201823ffff>8939220183bffff>89392201833ffff>893922018abffff>893922018a3ffff>893922018b3ffff>89392201d4bffff>89392201d43ffff>89392201d5bffff>89392201d53ffff>89392201dcbffff>89392201ddbffff>89392201ca7ffff
10,84,8927,7779,8927,9826.0,,12.364,35,8939220e0cfffff>8939220e0c7ffff>8939220e0cfffff>8939220e0c3ffff>8939220e0cbffff>8939220e0dbffff>8939220e6afffff>8939220e6a3ffff>8939220e6bbffff>8939220e687ffff>8939220e683ffff>8939220e693ffff>89392201967ffff>89392201977ffff>8939220190fffff>8939220190bffff>89392201957ffff>89392201953ffff>89392201827ffff>89392201823ffff>8939220183bffff>89392201833ffff>893922018abffff>893922018a3ffff>893922018b3ffff>89392201d4bffff>89392201d43ffff>89392201d5bffff>89392201d53ffff>89392201dcbffff>89392201ddbffff>89392201ca7ffff>8939220036bffff>89392200363ffff>89392200373ffff
10,85,8926,7778,8926,9858.0,,12.356,35,8939220e053ffff>8939220e0cbffff>8939220e0cfffff>8939220e0c7ffff>8939220e0cfffff>8939220e0c3ffff>8939220e0cbffff>8939220e0dbffff>8939220e6afffff>8939220e6a3ffff>8939220e6bbffff>8939220e687ffff>8939220e683ffff>8939220e693ffff>89392201967ffff>89392201977ffff>8939220190fffff>8939220190bffff>89392201957ffff>89392201953ffff>89392201827ffff>89392201823ffff>8939220183bffff>89392201833ffff>893922018abffff>893922018a3ffff>893922018b3ffff>89392201d4bffff>89392201d43ffff>89392201d5bffff>89392201d53ffff>89392201dcbffff>89392201ddbffff>89392201ca7ffff>8939220036bffff
10,86,8926,7778,8926,10074.0,,12.713,36,8939220e627ffff>8939220e053ffff>8939220e0cbffff>8939220e0cfffff>8939220e0c7ffff>8939220e0cfffff>8939220e0c3ffff>8939220e0cbffff>8939220e0dbffff>8939220e6afffff>8939220e6a3ffff>8939220e6bbffff>8939220e687ffff>8939220e683ffff>8939220e693ffff>89392201967ffff>89392201977ffff>8939220190fffff>8939220190bffff>89392201957ffff>89392201953ffff>89392201827ffff>89392201823ffff>8939220183bffff>89392201833ffff>893922018abffff>893922018a3ffff>893922018b3ffff>89392201d4bffff>89392201d43ffff>89392201d5bffff>89392201d53ffff>89392201dcbffff>89392201ddbffff>89392201ca7ffff>8939220036bffff
10,87,8925,7777,8925,9628.0,,13.811,39,8939220e28bffff>8939220e283ffff>8939220e293ffff>8939220e62fffff>8939220e627ffff>8939220e053ffff>8939220e0cbffff>8939220e0cfffff>8939220e0c7ffff>8939220e0cfffff>8939220e0c3ffff>8939220e0cbffff>8939220e0dbffff>8939220e6afffff>8939220e6a3ffff>8939220e6bbffff>8939220e687ffff>8939220e683ffff>8939220e693ffff>89392201967ffff>89392201977ffff>8939220190fffff>8939220190bffff>89392201957ffff>89392201953ffff>89392201827ffff>89392201823ffff>8939220183bffff>89392201833ffff>893922018abffff>893922018a3ffff>893922018b3ffff>89392201d4bffff>89392201d43ffff>89392201d5bffff>89392201d53ffff>89392201dcbffff>89392201ddbffff>89392201ca7ffff
10,88,8923,7775,8923,10068.0,,12.353,35,8939220e0cbffff>8939220e0cfffff>8939220e0c7ffff>8939220e0cfffff>8939220e0c3ffff>8939220e0cbffff>8939220e0dbffff>8939220e6afffff>8939220e6a3ffff>8939220e6bbffff>8939220e687ffff>8939220e683ffff>8939220e693ffff>89392201967ffff>89392201977ffff>8939220190fffff>8939220190bffff>89392201957ffff>89392201953ffff>89392201827ffff>89392201823ffff>8939220183bffff>89392201833ffff>893922018abffff>893922018a3ffff>893922018b3ffff>89392201d4bffff>89392201d43ffff>89392201d5bffff>89392201d53ffff>89392201dcbffff>89392201ddbffff>89392201ca7ffff>8939220036bffff>89392200363ffff
10,89,8923,7775,8923,10078.0,,13.078,37,8939220e62fffff>8939220e627ffff>8939220e053ffff>8939220e0cbffff>8939220e0cfffff>8939220e0c7ffff>8939220e0cfffff>8939220e0c3ffff>8939220e0cbffff>8939220e0dbffff>8939220e6afffff>8939220e6a3ffff>8939220e6bbffff>8939220e687ffff>8939220e683ffff>8939220e693ffff>89392201967ffff>89392201977ffff>8939220190fffff>8939220190bffff>89392201957ffff>89392201953ffff>89392201827ffff>89392201823ffff>8939220183bffff>89392201833ffff>893922018abffff>893922018a3ffff>893922018b3ffff>89392201d4bffff>89392201d43ffff>89392201d5bffff>89392201d53ffff>89392201dcbffff>89392201ddbffff>89392201ca7ffff>8939220036bffff
10,90,8923,7775,8923,9619.0,,13.443,38,8939220e293ffff>8939220e62fffff>8939220e627ffff>8939220e053ffff>8939220e0cbffff>8939220e0cfffff>8939220e0c7ffff>8939220e0cfffff>8939220e0c3ffff>8939220e0cbffff>8939220e0dbffff>8939220e6afffff>8939220e6a3ffff>8939220e6bbffff>8939220e687ffff>8939220e683ffff>8939220e693ffff>89392201967ffff>89392201977ffff>8939220190fffff>8939220190bffff>89392201957ffff>89392201953ffff>89392201827ffff>89392201823ffff>8939220183bffff>89392201833ffff>893922018abffff>893922018a3ffff>893922018b3ffff>89392201d4bffff>89392201d43ffff>89392201d5bffff>89392201d53ffff>89392201dcbffff>89392201ddbffff>89392201ca7ffff>8939220036bffff
10,91,8922,7774,8922,10093.0,,13.811,39,8939220e283ffff>8939220e293ffff>8939220e62fffff>8939220e627ffff>8939220e053ffff>8939220e0cbffff>8939220e0cfffff>8939220e0c7ffff>8939220e0cfffff>8939220e0c3ffff>8939220e0cbffff>8939220e0dbffff>8939220e6afffff>8939220e6a3ffff>8939220e6bbffff>8939220e687ffff>8939220e683ffff>8939220e693ffff>89392201967ffff>89392201977ffff>8939220190fffff>8939220190bffff>89392201957ffff>89392201953ffff>89392201827ffff>89392201823ffff>8939220183bffff>89392201833ffff>893922018abffff>893922018a3ffff>893922018b3ffff>89392201d4bffff>89392201d43ffff>89392201d5bffff>89392201d53ffff>89392201dcbffff>89392201ddbffff>89392201ca7ffff>8939220036bffff
10,92,8919,7771,8919,10097.0,,14.176,40,8939220e28bffff>8939220e283ffff>8939220e293ffff>8939220e62fffff>8939220e627ffff>8939220e053ffff>8939220e0cbffff>8939220e0cfffff>8939220e0c7ffff>8939220e0cfffff>8939220e0c3ffff>8939220e0cbffff>8939220e0dbffff>8939220e6afffff>8939220e6a3ffff>8939220e6bbffff>8939220e687ffff>8939220e683ffff>8939220e693ffff>89392201967ffff>89392201977ffff>8939220190fffff>8939220190bffff>89392201957ffff>89392201953ffff>89392201827ffff>89392201823ffff>8939220183bffff>89392201833ffff>893922018abffff>893922018a3ffff>893922018b3ffff>89392201d4bffff>89392201d43ffff>89392201d5bffff>89392201d53ffff>89392201dcbffff>89392201ddbffff>89392201ca7ffff>8939220036bffff
10,93,8919,7771,8919,9974.0,,12.721,36,8939220e053ffff>8939220e0cbffff>8939220e0cfffff>8939220e0c7ffff>8939220e0cfffff>8939220e0c3ffff>8939220e0cbffff>8939220e0dbffff>8939220e6afffff>8939220e6a3ffff>8939220e6bbffff>8939220e687ffff>8939220e683ffff>8939220e693ffff>89392201967ffff>89392201977ffff>8939220190fffff>8939220190bffff>89392201957ffff>89392201953ffff>89392201827ffff>89392201823ffff>8939220183bffff>89392201833ffff>893922018abffff>893922018a3ffff>893922018b3ffff>89392201d4bffff>89392201d43ffff>89392201d5bffff>89392201d53ffff>89392201dcbffff>89392201ddbffff>89392201ca7ffff>8939220036bffff>89392200363ffff
10,94,8919,7771,8919,9733.0,,13.078,37,8939220e627ffff>8939220e053ffff>8939220e0cbffff>8939220e0cfffff>8939220e0c7ffff>8939220e0cfffff>8939220e0c3ffff>8939220e0cbffff>8939220e0dbffff>8939220e6afffff>8939220e6a3ffff>8939220e6bbffff>8939220e687ffff>8939220e683ffff>8939220e693ffff>89392201967ffff>89392201977ffff>8939220190fffff>8939220190bffff>89392201957ffff>89392201953ffff>89392201827ffff>89392201823ffff>8939220183bffff>89392201833ffff>893922018abffff>893922018a3ffff>893922018b3ffff>89392201d4bffff>89392201d43ffff>89392201d5bffff>89392201d53ffff>89392201dcbffff>89392201ddbffff>89392201ca7ffff>8939220036bffff>89392200363ffff
10,95,8916,7768,8916,10063.0,,13.808,39,8939220e293ffff>8939220e62fffff>8939220e627ffff>8939220e053ffff>8939220e0cbffff>8939220e0cfffff>8939220e0c7ffff>8939220e0cfffff>8939220e0c3ffff>8939220e0cbffff>8939220e0dbffff>8939220e6afffff>8939220e6a3ffff>8939220e6bbffff>8939220e687ffff>8939220e683ffff>8939220e693ffff>89392201967ffff>89392201977ffff>8939220190fffff>8939220190bffff>89392201957ffff>89392201953ffff>89392201827ffff>89392201823ffff>8939220183bffff>89392201833ffff>893922018abffff>893922018a3ffff>893922018b3ffff>89392201d4bffff>89392201d43ffff>89392201d5bffff>89392201d53ffff>89392201dcbffff>89392201ddbffff>89392201ca7ffff>8939220036bffff>89392200363ffff
10,96,8916,7768,8916,10236.0,,13.443,38,8939220e62fffff>8939220e627ffff>8939220e053ffff>8939220e0cbffff>8939220e0cfffff>8939220e0c7ffff>8939220e0cfffff>8939220e0c3ffff>8939220e0cbffff>8939220e0dbffff>8939220e6afffff>8939220e6a3ffff>8939220e6bbffff>8939220e687ffff>8939220e683ffff>8939220e693ffff>89392201967ffff>89392201977ffff>8939220190fffff>8939220190bffff>89392201957ffff>89392201953ffff>89392201827ffff>89392201823ffff>8939220183bffff>89392201833ffff>893922018abffff>893922018a3ffff>893922018b3ffff>89392201d4bffff>89392201d43ffff>89392201d5bffff>89392201d53ffff>89392201dcbffff>89392201ddbffff>89392201ca7ffff>8939220036bffff>89392200363ffff
10,97,8915,7767,8915,10017.0,,14.176,40,8939220e283ffff>8939220e293ffff>8939220e62fffff>8939220e627ffff>8939220e053ffff>8939220e0cbffff>8939220e0cfffff>8939220e0c7ffff>8939220e0cfffff>8939220e0c3ffff>8939220e0cbffff>8939220e0dbffff>8939220e6afffff>8939220e6a3ffff>8939220e6bbffff>8939220e687ffff>8939220e683ffff>8939220e693ffff>89392201967ffff>89392201977ffff>8939220190fffff>8939220190bffff>89392201957ffff>89392201953ffff>89392201827ffff>89392201823ffff>8939220183bffff>89392201833ffff>893922018abffff>893922018a3ffff>893922018b3ffff>89392201d4bffff>89392201d43ffff>89392201d5bffff>89392201d53ffff>89392201dcbffff>89392201ddbffff>89392201ca7ffff>8939220036bffff>89392200363ffff
10,98,8915,7767,8915,9903.0,,12.721,36,8939220e0cbffff>8939220e0cfffff>8939220e0c7ffff>8939220e0cfffff>8939220e0c3ffff>8939220e0cbffff>8939220e0dbffff>8939220e6afffff>8939220e6a3ffff>8939220e6bbffff>8939220e687ffff>8939220e683ffff>8939220e693ffff>89392201967ffff>89392201977ffff>8939220190fffff>8939220190bffff>89392201957ffff>89392201953ffff>89392201827ffff>89392201823ffff>8939220183bffff>89392201833ffff>893922018abffff>893922018a3ffff>893922018b3ffff>89392201d4bffff>89392201d43ffff>89392201d5bffff>89392201d53ffff>89392201dcbffff>89392201ddbffff>89392201ca7ffff>8939220036bffff>89392200363ffff>89392200373ffff
10,99,8912,7764,8912,10044.0,,14.541,41,8939220e28bffff>8939220e283ffff>8939220e293ffff>8939220e62fffff>8939220e627ffff>8939220e053ffff>8939220e0cbffff>8939220e0cfffff>8939220e0c7ffff>8939220e0cfffff>8939220e0c3ffff>8939220e0cbffff>8939220e0dbffff>8939220e6afffff>8939220e6a3ffff>8939220e6bbffff>8939220e687ffff>8939220e683ffff>8939220e693ffff>89392201967ffff>89392201977ffff>8939220190fffff>8939220190bffff>89392201957ffff>89392201953ffff>89392201827ffff>89392201823ffff>8939220183bffff>89392201833ffff>893922018abffff>893922018a3ffff>893922018b3ffff>89392201d4bffff>89392201d43ffff>89392201d5bffff>89392201d53ffff>89392201dcbffff>89392201ddbffff>89392201ca7ffff>8939220036bffff>89392200363ffff
10,100,8911,7763,8911,9920.0,,13.089,37,8939220e053ffff>8939220e0cbffff>8939220e0cfffff>8939220e0c7ffff>8939220e0cfffff>8939220e0c3ffff>8939220e0cbffff>8939220e0dbffff>8939220e6afffff>8939220e6a3ffff>8939220e6bbffff>8939220e687ffff>8939220e683ffff>8939220e693ffff>89392201967ffff>89392201977ffff>8939220190fffff>8939220190bffff>89392201957ffff>89392201953ffff>89392201827ffff>89392201823ffff>8939220183bffff>89392201833ffff>893922018abffff>893922018a3ffff>893922018b3ffff>89392201d4bffff>89392201d43ffff>89392201d5bffff>89392201d53ffff>89392201dcbffff>89392201ddbffff>89392201ca7ffff>8939220036bffff>89392200363ffff>89392200373ffff
20,1,1748,1595,1748,2899.0,,20.356,57,8939220f027ffff>8939220f037ffff>8939220f1cbffff>8939220f1dbffff>8939220f1d3ffff>8939220f56fffff>8939220f567ffff>8939220f52bffff>8939220f523ffff>8939220f527ffff>8939220e253ffff>8939220e257ffff>8939220e2cfffff>8939220e21bffff>8939220e2c7ffff>8939220e28bffff>8939220e283ffff>8939220e293ffff>8939220e62fffff>8939220e627ffff>8939220e053ffff>8939220e0cbffff>8939220e0cfffff>8939220e0c7ffff>8939220e0cfffff>8939220e0c3ffff>8939220e0cbffff>8939220e0dbffff>8939220e6afffff>8939220e6a3ffff>8939220e6bbffff>8939220e687ffff>8939220e683ffff>8939220e693ffff>89392201967ffff>89392201977ffff>8939220190fffff>8939220190bffff>89392201957ffff>89392201953ffff>89392201827ffff>89392201823ffff>8939220183bffff>89392201833ffff>893922018abffff>893922018a3ffff>893922018b3ffff>89392201d4bffff>89392201d43ffff>89392201d5bffff>89392201d53ffff>89392201dcbffff>89392201ddbffff>89392201ca7ffff>8939220036bffff>89392200363ffff>89392200373ffff
20,2,1284,1131,1284,2442.0,,20.713,58,8939220f023ffff>8939220f027ffff>8939220f037ffff>8939220f1cbffff>8939220f1dbffff>8939220f1d3ffff>8939220f56fffff>8939220f567ffff>8939220f52bffff>8939220f523ffff>8939220f527ffff>8939220e253ffff>8939220e257ffff>8939220e2cfffff>8939220e21bffff>8939220e2c7ffff>8939220e28bffff>8939220e283ffff>8939220e293ffff>8939220e62fffff>8939220e627ffff>8939220e053ffff>8939220e0cbffff>8939220e0cfffff>8939220e0c7ffff>8939220e0cfffff>8939220e0c3ffff>8939220e0cbffff>8939220e0dbffff>8939220e6afffff>8939220e6a3ffff>8939220e6bbffff>8939220e687ffff>8939220e683ffff>8939220e693ffff>89392201967ffff>89392201977ffff>8939220190fffff>8939220190bffff>89392201957ffff>89392201953ffff>89392201827ffff>89392201823ffff>8939220183bffff>89392201833ffff>893922018abffff>893922018a3ffff>893922018b3ffff>89392201d4bffff>89392201d43ffff>89392201d5bffff>89392201d53ffff>89392201dcbffff>89392201ddbffff>89392201ca7ffff>8939220036bffff>89392200363ffff>89392200373ffff
20,3,1284,1131,1284,2157.0,,20.345,57,8939220f023ffff>8939220f027ffff>8939220f037ffff>8939220f1cbffff>8939220f1dbffff>8939220f1d3ffff>8939220f56fffff>8939220f567ffff>8939220f52bffff>8939220f523ffff>8939220f527ffff>8939220e253ffff>8939220e257ffff>8939220e2cfffff>8939220e21bffff>8939220e2c7ffff>8939220e28bffff>8939220e283ffff>8939220e293ffff>8939220e62fffff>8939220e627ffff>8939220e053ffff>8939220e0cbffff>8939220e0cfffff>8939220e0c7ffff>8939220e0cfffff>8939220e0c3ffff>8939220e0cbffff>8939220e0dbffff>8939220e6afffff>8939220e6a3ffff>8939220e6bbffff>8939220e687ffff>8939220e683ffff>8939220e693ffff>89392201967ffff>89392201977ffff>8939220190fffff>8939220190bffff>89392201957ffff>89392201953ffff>89392201827ffff>89392201823ffff>8939220183bffff>89392201833ffff>893922018abffff>893922018a3ffff>893922018b3ffff>89392201d4bffff>89392201d43ffff>89392201d5bffff>89392201d53ffff>89392201dcbffff>89392201ddbffff>89392201ca7ffff>8939220036bffff>89392200363ffff
20,4,1187,1034,1187,2132.0,,20.007,56,8939220f1cbffff>8939220f1dbffff>8939220f1d3ffff>8939220f56fffff>8939220f567ffff>8939220f52bffff>8939220f523ffff>8939220f527ffff>8939220e253ffff>8939220e257ffff>8939220e2cfffff>8939220e21bffff>8939220e2c7ffff>8939220e28bffff>8939220e283ffff>8939220e293ffff>8939220e62fffff>8939220e627ffff>8939220e053ffff>8939220e0cbffff>8939220e0cfffff>8939220e0c7ffff>8939220e0cfffff>8939220e0c3ffff>8939220e0cbffff>8939220e0dbffff>8939220e637ffff>8939220e6afffff>8939220e6a3ffff>8939220e6bbffff>8939220e687ffff>8939220e683ffff>8939220e693ffff>89392201967ffff>89392201977ffff>8939220190fffff>8939220190bffff>89392201957ffff>89392201953ffff>89392201827ffff>89392201823ffff>8939220183bffff>89392201833ffff>893922018abffff>893922018a3ffff>893922018b3ffff>89392201d4bffff>89392201d43ffff>89392201d5bffff>89392201d53ffff>89392201dcbffff>89392201ddbffff>89392201ca7ffff>8939220036bffff>89392200363ffff>89392200373ffff
20,5,1102,949,1102,2640.0,,20.009,56,8939220f12fffff>8939220f127ffff>8939220f123ffff>8939220f137ffff>8939220c4dbffff>8939220c4d3ffff>8939220e26bffff>8939220e27bffff>8939220e247ffff>8939220e243ffff>8939220e257ffff>8939220e2cfffff>8939220e21bffff>8939220e2c7ffff>8939220e28bffff>8939220e283ffff>8939220e293ffff>8939220e62fffff>8939220e627ffff>8939220e053ffff>8939220e0cbffff>8939220e0cfffff>8939220e0c7ffff>8939220e0cfffff>8939220e0c3ffff>8939220e0cbffff>8939220e0dbffff>8939220e6afffff>8939220e6a3ffff>8939220e6bbffff>8939220e687ffff>8939220e683ffff>8939220e693ffff>89392201967ffff>89392201977ffff>8939220190fffff>8939220190bffff>89392201957ffff>89392201953ffff>89392201827ffff>89392201823ffff>8939220183bffff>89392201833ffff>893922018abffff>893922018a3ffff>893922018b3ffff>89392201d4bffff>89392201d43ffff>89392201d5bffff>89392201d53ffff>89392201dcbffff>89392201ddbffff>89392201ca7ffff>8939220036bffff>89392200363ffff>89392200373ffff
20,6,1098,945,1098,1882.0,,20.009,56,8939220c697ffff>8939220f12fffff>8939220f127ffff>8939220f123ffff>8939220f137ffff>8939220c4dbffff>8939220c4d3ffff>8939220e26bffff>8939220e27bffff>8939220e247ffff>8939220e243ffff>8939220e257ffff>8939220e2cfffff>8939220e21bffff>8939220e2c7ffff>8939220e28bffff>8939220e283ffff>8939220e293ffff>8939220e62fffff>8939220e627ffff>8939220e053ffff>8939220e0cbffff>8939220e0cfffff>8939220e0c7ffff>8939220e0cfffff>8939220e0c3ffff>8939220e0cbffff>8939220e0dbffff>8939220e6afffff>8939220e6a3ffff>8939220e6bbffff>8939220e687ffff>8939220e683ffff>8939220e693ffff>89392201967ffff>89392201977ffff>8939220190fffff>8939220190bffff>89392201957ffff>89392201953ffff>89392201827ffff>89392201823ffff>8939220183bffff>89392201833ffff>893922018abffff>893922018a3ffff>893922018b3ffff>89392201d4bffff>89392201d43ffff>89392201d5bffff>89392201d53ffff>89392201dcbffff>89392201ddbffff>89392201ca7ffff>8939220036bffff>89392200363ffff
20,7,1097,944,1097,1750.0,,20.377,57,8939220c697ffff>8939220f12fffff>8939220f127ffff>8939220f123ffff>8939220f137ffff>8939220c4dbffff>8939220c4d3ffff>8939220e26bffff>8939220e27bffff>8939220e247ffff>8939220e243ffff>8939220e257ffff>8939220e2cfffff>8939220e21bffff>8939220e2c7ffff>8939220e28bffff>8939220e283ffff>8939220e293ffff>8939220e62fffff>8939220e627ffff>8939220e053ffff>8939220e0cbffff>8939220e0cfffff>8939220e0c7ffff>8939220e0cfffff>8939220e0c3ffff>8939220e0cbffff>8939220e0dbffff>8939220e6afffff>8939220e6a3ffff>8939220e6bbffff>8939220e687ffff>8939220e683ffff>8939220e693ffff>89392201967ffff>89392201977ffff>8939220190fffff>8939220190bffff>89392201957ffff>89392201953ffff>89392201827ffff>89392201823ffff>8939220183bffff>89392201833ffff>893922018abffff>893922018a3ffff>893922018b3ffff>89392201d4bffff>89392201d43ffff>89392201d5bffff>89392201d53ffff>89392201dcbffff>89392201ddbffff>89392201ca7ffff>8939220036bffff>89392200363ffff>89392200373ffff
20,8,1077,924,1077,2154.0,,20.364,57,8939220f037ffff>8939220f1cbffff>8939220f1dbffff>8939220f1d3ffff>8939220f56fffff>8939220f567ffff>8939220f52bffff>8939220f523ffff>8939220f527ffff>8939220e253ffff>8939220e257ffff>8939220e2cfffff>8939220e21bffff>8939220e2c7ffff>8939220e28bffff>8939220e283ffff>8939220e293ffff>8939220e62fffff>8939220e627ffff>8939220e053ffff>8939220e0cbffff>8939220e0cfffff>8939220e0c7ffff>8939220e0cfffff>8939220e0c3ffff>8939220e0cbffff>8939220e0dbffff>8939220e637ffff>8939220e6afffff>8939220e6a3ffff>8939220e6bbffff>8939220e687ffff>8939220e683ffff>8939220e693ffff>89392201967ffff>89392201977ffff>8939220190fffff>8939220190bffff>89392201957ffff>89392201953ffff>89392201827ffff>89392201823ffff>8939220183bffff>89392201833ffff>893922018abffff>893922018a3ffff>893922018b3ffff>89392201d4bffff>89392201d43ffff>89392201d5bffff>89392201d53ffff>89392201dcbffff>89392201ddbffff>89392201ca7ffff>8939220036bffff>89392200363ffff>89392200373ffff
20,9,942,789,942,2835.0,,20.364,57,8939220f027ffff>8939220f037ffff>8939220f1cbffff>8939220f1dbffff>8939220f1d3ffff>8939220f56fffff>8939220f567ffff>8939220f52bffff>8939220f523ffff>8939220f527ffff>8939220e253ffff>8939220e257ffff>8939220e2cfffff>8939220e21bffff>8939220e2c7ffff>8939220e28bffff>8939220e283ffff>8939220e293ffff>8939220e62fffff>8939220e627ffff>8939220e053ffff>8939220e0cbffff>8939220e0cfffff>8939220e0c7ffff>8939220e0cfffff>8939220e0c3ffff>8939220e0cbffff>8939220e0dbffff>8939220e637ffff>8939220e6afffff>8939220e6a3ffff>8939220e6bbffff>8939220e687ffff>8939220e683ffff>8939220e693ffff>89392201967ffff>89392201977ffff>8939220190fffff>8939220190bffff>89392201957ffff>89392201953ffff>89392201827ffff>89392201823ffff>8939220183bffff>89392201833ffff>893922018abffff>893922018a3ffff>893922018b3ffff>89392201d4bffff>89392201d43ffff>89392201d5bffff>89392201d53ffff>89392201dcbffff>89392201ddbffff>89392201ca7ffff>8939220036bffff>89392200363ffff
20,10,939,786,939,2102.0,,20.732,58,8939220f027ffff>8939220f037ffff>8939220f1cbffff>8939220f1dbffff>8939220f1d3ffff>8939220f56fffff>8939220f567ffff>8939220f52bffff>8939220f523ffff>8939220f527ffff>8939220e253ffff>8939220e257ffff>8939220e2cfffff>8939220e21bffff>8939220e2c7ffff>8939220e28bffff>8939220e283ffff>8939220e293ffff>8939220e62fffff>8939220e627ffff>8939220e053ffff>8939220e0cbffff>8939220e0cfffff>8939220e0c7ffff>8939220e0cfffff>8939220e0c3ffff>8939220e0cbffff>8939220e0dbffff>8939220e637ffff>8939220e6afffff>8939220e6a3ffff>8939220e6bbffff>8939220e687ffff>8939220e683ffff>8939220e693ffff>89392201967ffff>89392201977ffff>8939220190fffff>8939220190bffff>89392201957ffff>89392201953ffff>89392201827ffff>89392201823ffff>8939220183bffff>89392201833ffff>893922018abffff>893922018a3ffff>893922018b3ffff>89392201d4bffff>89392201d43ffff>89392201d5bffff>89392201d53ffff>89392201dcbffff>89392201ddbffff>89392201ca7ffff>8939220036bffff>89392200363ffff>89392200373ffff
20,11,877,724,877,1791.0,,20.361,57,8939220f1cbffff>8939220f1dbffff>8939220f1d3ffff>8939220f56fffff>8939220f567ffff>8939220f52bffff>8939220f523ffff>8939220f527ffff>8939220e253ffff>8939220e257ffff>8939220e2cfffff>8939220e21bffff>8939220e2c7ffff>8939220e28bffff>8939220e283ffff>8939220e293ffff>8939220e62fffff>8939220e627ffff>8939220e053ffff>8939220e0cbffff>8939220e0cfffff>8939220e0c7ffff>8939220e0cfffff>8939220e0c3ffff>8939220e0cbffff>8939220e0dbffff>8939220e637ffff>8939220e0dbffff>8939220e6afffff>8939220e6a3ffff>8939220e6bbffff>8939220e687ffff>8939220e683ffff>8939220e693ffff>89392201967ffff>89392201977ffff>8939220190fffff>8939220190bffff>89392201957ffff>89392201953ffff>89392201827ffff>89392201823ffff>8939220183bffff>89392201833ffff>893922018abffff>893922018a3ffff>893922018b3ffff>89392201d4bffff>89392201d43ffff>89392201d5bffff>89392201d53ffff>89392201dcbffff>89392201ddbffff>89392201ca7ffff>8939220036bffff>89392200363ffff>89392200373ffff
20,12,781,628,781,1611.0,,20.702,58,8939220f027ffff>8939220f023ffff>8939220f027ffff>8939220f037ffff>8939220f1cbffff>8939220f1dbffff>8939220f1d3ffff>8939220f56fffff>8939220f567ffff>8939220f52bffff>8939220f523ffff>8939220f527ffff>8939220e253ffff>8939220e257ffff>8939220e2cfffff>8939220e21bffff>8939220e2c7ffff>8939220e28bffff>8939220e283ffff>8939220e293ffff>8939220e62fffff>8939220e627ffff>8939220e053ffff>8939220e0cbffff>8939220e0cfffff>8939220e0c7ffff>8939220e0cfffff>8939220e0c3ffff>8939220e0cbffff>8939220e0dbffff>8939220e6afffff>8939220e6a3ffff>8939220e6bbffff>8939220e687ffff>8939220e683ffff>8939220e693ffff>89392201967ffff>89392201977ffff>8939220190fffff>8939220190bffff>89392201957ffff>89392201953ffff>89392201827ffff>89392201823ffff>8939220183bffff>89392201833ffff>893922018abffff>893922018a3ffff>893922018b3ffff>89392201d4bffff>89392201d43ffff>89392201d5bffff>89392201d53ffff>89392201dcbffff>89392201ddbffff>89392201ca7ffff>8939220036bffff>89392200363ffff
20,13,781,628,781,1794.0,,20.337,57,8939220f027ffff>8939220f023ffff>8939220f027ffff>8939220f037ffff>8939220f1cbffff>8939220f1dbffff>8939220f1d3ffff>8939220f56fffff>8939220f567ffff>8939220f52bffff>8939220f523ffff>8939220f527ffff>8939220e253ffff>8939220e257ffff>8939220e2cfffff>8939220e21bffff>8939220e2c7ffff>8939220e28bffff>8939220e283ffff>8939220e293ffff>8939220e62fffff>8939220e627ffff>8939220e053ffff>8939220e0cbffff>8939220e0cfffff>8939220e0c7ffff>8939220e0cfffff>8939220e0c3ffff>8939220e0cbffff>8939220e0dbffff>8939220e6afffff>8939220e6a3ffff>8939220e6bbffff>8939220e687ffff>8939220e683ffff>8939220e693ffff>89392201967ffff>89392201977ffff>8939220190fffff>8939220190bffff>89392201957ffff>89392201953ffff>89392201827ffff>89392201823ffff>8939220183bffff>89392201833ffff>893922018abffff>893922018a3ffff>893922018b3ffff>89392201d4bffff>89392201d43ffff>89392201d5bffff>89392201d53ffff>89392201dcbffff>89392201ddbffff>89392201ca7ffff>8939220036bffff
20,14,781,628,781,2517.0,,21.07,59,8939220f027ffff>8939220f023ffff>8939220f027ffff>8939220f037ffff>8939220f1cbffff>8939220f1dbffff>8939220f1d3ffff>8939220f56fffff>8939220f567ffff>8939220f52bffff>8939220f523ffff>8939220f527ffff>8939220e253ffff>8939220e257ffff>8939220e2cfffff>8939220e21bffff>8939220e2c7ffff>8939220e28bffff>8939220e283ffff>8939220e293ffff>8939220e62fffff>8939220e627ffff>8939220e053ffff>8939220e0cbffff>8939220e0cfffff>8939220e0c7ffff>8939220e0cfffff>8939220e0c3ffff>8939220e0cbffff>8939220e0dbffff>8939220e6afffff>8939220e6a3ffff>8939220e6bbffff>8939220e687ffff>8939220e683ffff>8939220e693ffff>89392201967ffff>89392201977ffff>8939220190fffff>8939220190bffff>89392201957ffff>89392201953ffff>89392201827ffff>89392201823ffff>8939220183bffff>89392201833ffff>893922018abffff>893922018a3ffff>893922018b3ffff>89392201d4bffff>89392201d43ffff>89392201d5bffff>89392201d53ffff>89392201dcbffff>89392201ddbffff>89392201ca7ffff>8939220036bffff>89392200363ffff>89392200373ffff
20,15,775,622,775,1500.0,,20.35,57,8939220f037ffff>8939220f1cbffff>8939220f1dbffff>8939220f1d3ffff>8939220f56fffff>8939220f567ffff>8939220f52bffff>8939220f523ffff>8939220f527ffff>8939220e253ffff>8939220e257ffff>8939220e2cfffff>8939220e21bffff>8939220e2c7ffff>8939220e28bffff>8939220e283ffff>8939220e293ffff>8939220e62fffff>8939220e627ffff>8939220e053ffff>8939220e0cbffff>8939220e0cfffff>8939220e0c7ffff>8939220e0cfffff>8939220e0c3ffff>8939220e0cbffff>8939220e0dbffff>8939220e637ffff>8939220e0dbffff>8939220e6afffff>8939220e6a3ffff>8939220e6bbffff>8939220e687ffff>8939220e683ffff>8939220e693ffff>89392201967ffff>89392201977ffff>8939220190fffff>8939220190bffff>89392201957ffff>89392201953ffff>89392201827ffff>89392201823ffff>8939220183bffff>89392201833ffff>893922018abffff>893922018a3ffff>893922018b3ffff>89392201d4bffff>89392201d43ffff>89392201d5bffff>89392201d53ffff>89392201dcbffff>89392201ddbffff>89392201ca7ffff>8939220036bffff>89392200363ffff
20,16,774,621,774,1937.0,,20.718,58,8939220f037ffff>8939220f1cbffff>8939220f1dbffff>8939220f1d3ffff>8939220f56fffff>8939220f567ffff>8939220f52bffff>8939220f523ffff>8939220f527ffff>8939220e253ffff>8939220e257ffff>8939220e2cfffff>8939220e21bffff>8939220e2c7ffff>8939220e28bffff>8939220e283ffff>8939220e293ffff>8939220e62fffff>8939220e627ffff>8939220e053ffff>8939220e0cbffff>8939220e0cfffff>8939220e0c7ffff>8939220e0cfffff>8939220e0c3ffff>8939220e0cbffff>8939220e0dbffff>8939220e637ffff>8939220e0dbffff>8939220e6afffff>8939220e6a3ffff>8939220e6bbffff>8939220e687ffff>8939220e683ffff>8939220e693ffff>89392201967ffff>89392201977ffff>8939220190fffff>8939220190bffff>89392201957ffff>89392201953ffff>89392201827ffff>89392201823ffff>8939220183bffff>89392201833ffff>893922018abffff>893922018a3ffff>893922018b3ffff>89392201d4bffff>89392201d43ffff>89392201d5bffff>89392201d53ffff>89392201dcbffff>89392201ddbffff>89392201ca7ffff>8939220036bffff>89392200363ffff>89392200373ffff
20,17,687,534,687,1476.0,,20.356,57,8939220f023ffff>8939220f027ffff>8939220f037ffff>8939220f1cbffff>8939220f1dbffff>8939220f1d3ffff>8939220f56fffff>8939220f567ffff>8939220f52bffff>8939220f523ffff>8939220f527ffff>8939220e253ffff>8939220e257ffff>8939220e2cfffff>8939220e21bffff>8939220e2c7ffff>8939220e28bffff>8939220e283ffff>8939220e293ffff>8939220e62fffff>8939220e627ffff>8939220e053ffff>8939220e0cbffff>8939220e0cfffff>8939220e0c7ffff>8939220e0cfffff>8939220e0c3ffff>8939220e0cbffff>8939220e0dbffff>8939220e637ffff>8939220e6afffff>8939220e6a3ffff>8939220e6bbffff>8939220e687ffff>8939220e683ffff>8939220e693ffff>89392201967ffff>89392201977ffff>8939220190fffff>8939220190bffff>89392201957ffff>89392201953ffff>89392201827ffff>89392201823ffff>8939220183bffff>89392201833ffff>893922018abffff>893922018a3ffff>893922018b3ffff>89392201d4bffff>89392201d43ffff>89392201d5bffff>89392201d53ffff>89392201dcbffff>89392201ddbffff>89392201ca7ffff>8939220036bffff
20,18,685,532,685,1596.0,,20.721,58,8939220f023ffff>8939220f027ffff>8939220f037ffff>8939220f1cbffff>8939220f1dbffff>8939220f1d3ffff>8939220f56fffff>8939220f567ffff>8939220f52bffff>8939220f523ffff>8939220f527ffff>8939220e253ffff>8939220e257ffff>8939220e2cfffff>8939220e21bffff>8939220e2c7ffff>8939220e28bffff>8939220e283ffff>8939220e293ffff>8939220e62fffff>8939220e627ffff>8939220e053ffff>8939220e0cbffff>8939220e0cfffff>8939220e0c7ffff>8939220e0cfffff>8939220e0c3ffff>8939220e0cbffff>8939220e0dbffff>8939220e637ffff>8939220e6afffff>8939220e6a3ffff>8939220e6bbffff>8939220e687ffff>8939220e683ffff>8939220e693ffff>89392201967ffff>89392201977ffff>8939220190fffff>8939220190bffff>89392201957ffff>89392201953ffff>89392201827ffff>89392201823ffff>8939220183bffff>89392201833ffff>893922018abffff>893922018a3ffff>893922018b3ffff>89392201d4bffff>89392201d43ffff>89392201d5bffff>89392201d53ffff>89392201dcbffff>89392201ddbffff>89392201ca7ffff>8939220036bffff>89392200363ffff
20,19,683,530,683,1534.0,,21.089,59,8939220f023ffff>8939220f027ffff>8939220f037ffff>8939220f1cbffff>8939220f1dbffff>8939220f1d3ffff>8939220f56fffff>8939220f567ffff>8939220f52bffff>8939220f523ffff>8939220f527ffff>8939220e253ffff>8939220e257ffff>8939220e2cfffff>8939220e21bffff>8939220e2c7ffff>8939220e28bffff>8939220e283ffff>8939220e293ffff>8939220e62fffff>8939220e627ffff>8939220e053ffff>8939220e0cbffff>8939220e0cfffff>8939220e0c7ffff>8939220e0cfffff>8939220e0c3ffff>8939220e0cbffff>8939220e0dbffff>8939220e637ffff>8939220e6afffff>8939220e6a3ffff>8939220e6bbffff>8939220e687ffff>8939220e683ffff>8939220e693ffff>89392201967ffff>89392201977ffff>8939220190fffff>8939220190bffff>89392201957ffff>89392201953ffff>89392201827ffff>89392201823ffff>8939220183bffff>89392201833ffff>893922018abffff>893922018a3ffff>893922018b3ffff>89392201d4bffff>89392201d43ffff>89392201d5bffff>89392201d53ffff>89392201dcbffff>89392201ddbffff>89392201ca7ffff>8939220036bffff>89392200363ffff>89392200373ffff
20,20,663,510,663,1936.0,,20.718,58,8939220f027ffff>8939220f037ffff>8939220f1cbffff>8939220f1dbffff>8939220f1d3ffff>8939220f56fffff>8939220f567ffff>8939220f52bffff>8939220f523ffff>8939220f527ffff>8939220e253ffff>8939220e257ffff>8939220e2cfffff>8939220e21bffff>8939220e2c7ffff>8939220e28bffff>8939220e283ffff>8939220e293ffff>8939220e62fffff>8939220e627ffff>8939220e053ffff>8939220e0cbffff>8939220e0cfffff>8939220e0c7ffff>8939220e0cfffff>8939220e0c3ffff>8939220e0cbffff>8939220e0dbffff>8939220e637ffff>8939220e0dbffff>8939220e6afffff>8939220e6a3ffff>8939220e6bbffff>8939220e687ffff>8939220e683ffff>8939220e693ffff>89392201967ffff>89392201977ffff>8939220190fffff>8939220190bffff>89392201957ffff>89392201953ffff>89392201827ffff>89392201823ffff>8939220183bffff>89392201833ffff>893922018abffff>893922018a3ffff>893922018b3ffff>89392201d4bffff>89392201d43ffff>89392201d5bffff>89392201d53ffff>89392201dcbffff>89392201ddbffff>89392201ca7ffff>8939220036bffff>89392200363ffff
20,21,663,510,663,1493.0,,20.353,57,8939220f027ffff>8939220f037ffff>8939220f1cbffff>8939220f1dbffff>8939220f1d3ffff>8939220f56fffff>8939220f567ffff>8939220f52bffff>8939220f523ffff>8939220f527ffff>8939220e253ffff>8939220e257ffff>8939220e2cfffff>8939220e21bffff>8939220e2c7ffff>8939220e28bffff>8939220e283ffff>8939220e293ffff>8939220e62fffff>8939220e627ffff>8939220e053ffff>8939220e0cbffff>8939220e0cfffff>8939220e0c7ffff>8939220e0cfffff>8939220e0c3ffff>8939220e0cbffff>8939220e0dbffff>8939220e637ffff>8939220e0dbffff>8939220e6afffff>8939220e6a3ffff>8939220e6bbffff>8939220e687ffff>8939220e683ffff>8939220e693ffff>89392201967ffff>89392201977ffff>8939220190fffff>8939220190bffff>89392201957ffff>89392201953ffff>89392201827ffff>89392201823ffff>8939220183bffff>89392201833ffff>893922018abffff>893922018a3ffff>893922018b3ffff>89392201d4bffff>89392201d43ffff>89392201d5bffff>89392201d53ffff>89392201dcbffff>89392201ddbffff>89392201ca7ffff>8939220036bffff
20,22,662,509,662,1766.0,,21.086,59,8939220f027ffff>8939220f037ffff>8939220f1cbffff>8939220f1dbffff>8939220f1d3ffff>8939220f56fffff>8939220f567ffff>8939220f52bffff>8939220f523ffff>8939220f527ffff>8939220e253ffff>8939220e257ffff>8939220e2cfffff>8939220e21bffff>8939220e2c7ffff>8939220e28bffff>8939220e283ffff>8939220e293ffff>8939220e62fffff>8939220e627ffff>8939220e053ffff>8939220e0cbffff>8939220e0cfffff>8939220e0c7ffff>8939220e0cfffff>8939220e0c3ffff>8939220e0cbffff>8939220e0dbffff>8939220e637ffff>8939220e0dbffff>8939220e6afffff>8939220e6a3ffff>8939220e6bbffff>8939220e687ffff>8939220e683ffff>8939220e693ffff>89392201967ffff>89392201977ffff>8939220190fffff>8939220190bffff>89392201957ffff>89392201953ffff>89392201827ffff>89392201823ffff>8939220183bffff>89392201833ffff>893922018abffff>893922018a3ffff>893922018b3ffff>89392201d4bffff>89392201d43ffff>89392201d5bffff>89392201d53ffff>89392201dcbffff>89392201ddbffff>89392201ca7ffff>8939220036bffff>89392200363ffff>89392200373ffff
20,23,604,451,604,1401.0,,20.001,56,8939220c693ffff>8939220c697ffff>8939220f12fffff>8939220f127ffff>8939220f123ffff>8939220f137ffff>8939220c4dbffff>8939220c4d3ffff>8939220e26bffff>8939220e27bffff>8939220e247ffff>8939220e243ffff>8939220e257ffff>8939220e2cfffff>8939220e21bffff>8939220e2c7ffff>8939220e28bffff>8939220e283ffff>8939220e293ffff>8939220e62fffff>8939220e627ffff>8939220e053ffff>8939220e0cbffff>8939220e0cfffff>8939220e0c7ffff>8939220e0cfffff>8939220e0c3ffff>8939220e0cbffff>8939220e0dbffff>8939220e6afffff>8939220e6a3ffff>8939220e6bbffff>8939220e687ffff>8939220e683ffff>8939220e693ffff>89392201967ffff>89392201977ffff>8939220190fffff>8939220190bffff>89392201957ffff>89392201953ffff>89392201827ffff>89392201823ffff>8939220183bffff>89392201833ffff>893922018abffff>893922018a3ffff>893922018b3ffff>89392201d4bffff>89392201d43ffff>89392201d5bffff>89392201d53ffff>89392201dcbffff>89392201ddbffff>89392201ca7ffff>8939220036bffff
20,24,602,449,602,1309.0,,20.366,57,8939220c693ffff>8939220c697ffff>8939220f12fffff>8939220f127ffff>8939220f123ffff>8939220f137ffff>8939220c4dbffff>8939220c4d3ffff>8939220e26bffff>8939220e27bffff>8939220e247ffff>8939220e243ffff>8939220e257ffff>8939220e2cfffff>8939220e21bffff>8939220e2c7ffff>8939220e28bffff>8939220e283ffff>8939220e293ffff>8939220e62fffff>8939220e627ffff>8939220e053ffff>8939220e0cbffff>8939220e0cfffff>8939220e0c7ffff>8939220e0cfffff>8939220e0c3ffff>8939220e0cbffff>8939220e0dbffff>8939220e6afffff>8939220e6a3ffff>8939220e6bbffff>8939220e687ffff>8939220e683ffff>8939220e693ffff>89392201967ffff>89392201977ffff>8939220190fffff>8939220190bffff>89392201957ffff>89392201953ffff>89392201827ffff>89392201823ffff>8939220183bffff>89392201833ffff>893922018abffff>893922018a3ffff>893922018b3ffff>89392201d4bffff>89392201d43ffff>89392201d5bffff>89392201d53ffff>89392201dcbffff>89392201ddbffff>89392201ca7ffff>8939220036bffff>89392200363ffff
20,25,601,448,601,1496.0,,20.734,58,8939220c693ffff>8939220c697ffff>8939220f12fffff>8939220f127ffff>8939220f123ffff>8939220f137ffff>8939220c4dbffff>8939220c4d3ffff>8939220e26bffff>8939220e27bffff>8939220e247ffff>8939220e243ffff>8939220e257ffff>8939220e2cfffff>8939220e21bffff>8939220e2c7ffff>8939220e28bffff>8939220e283ffff>8939220e293ffff>8939220e62fffff>8939220e627ffff>8939220e053ffff>8939220e0cbffff>8939220e0cfffff>8939220e0c7ffff>8939220e0cfffff>8939220e0c3ffff>8939220e0cbffff>8939220e0dbffff>8939220e6afffff>8939220e6a3ffff>8939220e6bbffff>8939220e687ffff>8939220e683ffff>8939220e693ffff>89392201967ffff>89392201977ffff>8939220190fffff>8939220190bffff>89392201957ffff>89392201953ffff>89392201827ffff>89392201823ffff>8939220183bffff>89392201833ffff>893922018abffff>893922018a3ffff>893922018b3ffff>89392201d4bffff>89392201d43ffff>89392201d5bffff>89392201d53ffff>89392201dcbffff>89392201ddbffff>89392201ca7ffff>8939220036bffff>89392200363ffff>89392200373ffff
20,26,599,446,599,1552.0,,20.353,57,8939220f037ffff>8939220f1cbffff>8939220f1dbffff>8939220f1d3ffff>8939220f56fffff>8939220f567ffff>8939220f52bffff>8939220f523ffff>8939220f527ffff>8939220e253ffff>8939220e257ffff>8939220e2cfffff>8939220e21bffff>8939220e2c7ffff>8939220e28bffff>8939220e283ffff>8939220e293ffff>8939220e62fffff>8939220e627ffff>8939220e053ffff>8939220e0cbffff>8939220e0cfffff>8939220e0c7ffff>8939220e0cfffff>8939220e0c3ffff>8939220e0cbffff>8939220e0dbffff>8939220e6afffff>8939220e6a3ffff>8939220e6bbffff>8939220e687ffff>8939220e683ffff>8939220e693ffff>89392201967ffff>89392201977ffff>8939220190fffff>8939220190bffff>89392201957ffff>89392201953ffff>89392201827ffff>89392201823ffff>8939220183bffff>89392201833ffff>893922018abffff>893922018a3ffff>893922018b3ffff>89392201d4bffff>89392201d43ffff>89392201d5bffff>89392201d53ffff>89392201dcbffff>89392201ddbffff>89392201ca7ffff>8939220036bffff>89392200363ffff>89392200373ffff>8939220037bffff
20,27,586,433,586,2022.0,,20.004,56,8939220c683ffff>8939220c693ffff>8939220c697ffff>8939220f12fffff>8939220f127ffff>8939220f123ffff>8939220f137ffff>8939220c4dbffff>8939220c4d3ffff>8939220e26bffff>8939220e27bffff>8939220e247ffff>8939220e243ffff>8939220e257ffff>8939220e2cfffff>8939220e21bffff>8939220e2c7ffff>8939220e28bffff>8939220e283ffff>8939220e293ffff>8939220e62fffff>8939220e627ffff>8939220e053ffff>8939220e0cbffff>8939220e0cfffff>8939220e0c7ffff>8939220e0cfffff>8939220e0c3ffff>8939220e0cbffff>8939220e0dbffff>8939220e6afffff>8939220e6a3ffff>8939220e6bbffff>8939220e687ffff>8939220e683ffff>8939220e693ffff>89392201967ffff>89392201977ffff>8939220190fffff>8939220190bffff>89392201957ffff>89392201953ffff>89392201827ffff>89392201823ffff>8939220183bffff>89392201833ffff>893922018abffff>893922018a3ffff>893922018b3ffff>89392201d4bffff>89392201d43ffff>89392201d5bffff>89392201d53ffff>89392201dcbffff>89392201ddbffff>89392201ca7ffff
20,28,585,432,585,1495.0,,20.369,57,8939220c683ffff>8939220c693ffff>8939220c697ffff>8939220f12fffff>8939220f127ffff>8939220f123ffff>8939220f137ffff>8939220c4dbffff>8939220c4d3ffff>8939220e26bffff>8939220e27bffff>8939220e247ffff>8939220e243ffff>8939220e257ffff>8939220e2cfffff>8939220e21bffff>8939220e2c7ffff>8939220e28bffff>8939220e283ffff>8939220e293ffff>8939220e62fffff>8939220e627ffff>8939220e053ffff>8939220e0cbffff>8939220e0cfffff>8939220e0c7ffff>8939220e0cfffff>8939220e0c3ffff>8939220e0cbffff>8939220e0dbffff>8939220e6afffff>8939220e6a3ffff>8939220e6bbffff>8939220e687ffff>8939220e683ffff>8939220e693ffff>89392201967ffff>89392201977ffff>8939220190fffff>8939220190bffff>89392201957ffff>89392201953ffff>89392201827ffff>89392201823ffff>8939220183bffff>89392201833ffff>893922018abffff>893922018a3ffff>893922018b3ffff>89392201d4bffff>89392201d43ffff>89392201d5bffff>89392201d53ffff>89392201dcbffff>89392201ddbffff>89392201ca7ffff>8939220036bffff
20,29,583,430,583,1577.0,,20.734,58,8939220c683ffff>8939220c693ffff>8939220c697ffff>8939220f12fffff>8939220f127ffff>8939220f123ffff>8939220f137ffff>8939220c4dbffff>8939220c4d3ffff>8939220e26bffff>8939220e27bffff>8939220e247ffff>8939220e243ffff>8939220e257ffff>8939220e2cfffff>8939220e21bffff>8939220e2c7ffff>8939220e28bffff>8939220e283ffff>8939220e293ffff>8939220e62fffff>8939220e627ffff>8939220e053ffff>8939220e0cbffff>8939220e0cfffff>8939220e0c7ffff>8939220e0cfffff>8939220e0c3ffff>8939220e0cbffff>8939220e0dbffff>8939220e6afffff>8939220e6a3ffff>8939220e6bbffff>8939220e687ffff>8939220e683ffff>8939220e693ffff>89392201967ffff>89392201977ffff>8939220190fffff>8939220190bffff>89392201957ffff>89392201953ffff>89392201827ffff>89392201823ffff>8939220183bffff>89392201833ffff>893922018abffff>893922018a3ffff>893922018b3ffff>89392201d4bffff>89392201d43ffff>89392201d5bffff>89392201d53ffff>89392201dcbffff>89392201ddbffff>89392201ca7ffff>8939220036bffff>89392200363ffff
20,30,582,429,582,1490.0,,21.102,59,8939220c683ffff>8939220c693ffff>8939220c697ffff>8939220f12fffff>8939220f127ffff>8939220f123ffff>8939220f137ffff>8939220c4dbffff>8939220c4d3ffff>8939220e26bffff>8939220e27bffff>8939220e247ffff>8939220e243ffff>8939220e257ffff>8939220e2cfffff>8939220e21bffff>8939220e2c7ffff>8939220e28bffff>8939220e283ffff>8939220e293ffff>8939220e62fffff>8939220e627ffff>8939220e053ffff>8939220e0cbffff>8939220e0cfffff>8939220e0c7ffff>8939220e0cfffff>8939220e0c3ffff>8939220e0cbffff>8939220e0dbffff>8939220e6afffff>8939220e6a3ffff>8939220e6bbffff>8939220e687ffff>8939220e683ffff>8939220e693ffff>89392201967ffff>89392201977ffff>8939220190fffff>8939220190bffff>89392201957ffff>89392201953ffff>89392201827ffff>89392201823ffff>8939220183bffff>89392201833ffff>893922018abffff>893922018a3ffff>893922018b3ffff>89392201d4bffff>89392201d43ffff>89392201d5bffff>89392201d53ffff>89392201dcbffff>89392201ddbffff>89392201ca7ffff>8939220036bffff>89392200363ffff>89392200373ffff
20,31,573,420,573,2239.0,,20.017,56,8939220f123ffff>8939220f137ffff>8939220c4dbffff>8939220c4d3ffff>8939220e26bffff>8939220e27bffff>8939220e247ffff>8939220e243ffff>8939220e257ffff>8939220e2cfffff>8939220e21bffff>8939220e2c7ffff>8939220e28bffff>8939220e283ffff>8939220e293ffff>8939220e62fffff>8939220e627ffff>8939220e053ffff>8939220e0cbffff>8939220e0cfffff>8939220e0c7ffff>8939220e0cfffff>8939220e0c3ffff>8939220e0cbffff>8939220e0dbffff>8939220e637ffff>8939220e0dbffff>8939220e6afffff>8939220e6a3ffff>8939220e6bbffff>8939220e687ffff>8939220e683ffff>8939220e693ffff>89392201967ffff>89392201977ffff>8939220190fffff>8939220190bffff>89392201957ffff>89392201953ffff>89392201827ffff>89392201823ffff>8939220183bffff>89392201833ffff>893922018abffff>893922018a3ffff>893922018b3ffff>89392201d4bffff>89392201d43ffff>89392201d5bffff>89392201d53ffff>89392201dcbffff>89392201ddbffff>89392201ca7ffff>8939220036bffff>89392200363ffff>89392200373ffff
20,32,572,419,572,1816.0,,20.374,57,8939220f127ffff>8939220f123ffff>8939220f137ffff>8939220c4dbffff>8939220c4d3ffff>8939220e26bffff>8939220e27bffff>8939220e247ffff>8939220e243ffff>8939220e257ffff>8939220e2cfffff>8939220e21bffff>8939220e2c7ffff>8939220e28bffff>8939220e283ffff>8939220e293ffff>8939220e62fffff>8939220e627ffff>8939220e053ffff>8939220e0cbffff>8939220e0cfffff>8939220e0c7ffff>8939220e0cfffff>8939220e0c3ffff>8939220e0cbffff>8939220e0dbffff>8939220e637ffff>8939220e0dbffff>8939220e6afffff>8939220e6a3ffff>8939220e6bbffff>8939220e687ffff>8939220e683ffff>8939220e693ffff>89392201967ffff>89392201977ffff>8939220190fffff>8939220190bffff>89392201957ffff>89392201953ffff>89392201827ffff>89392201823ffff>8939220183bffff>89392201833ffff>893922018abffff>893922018a3ffff>893922018b3ffff>89392201d4bffff>89392201d43ffff>89392201d5bffff>89392201d53ffff>89392201dcbffff>89392201ddbffff>89392201ca7ffff>8939220036bffff>89392200363ffff>89392200373ffff
20,33,572,419,572,1885.0,,20.006,56,8939220f127ffff>8939220f123ffff>8939220f137ffff>8939220c4dbffff>8939220c4d3ffff>8939220e26bffff>8939220e27bffff>8939220e247ffff>8939220e243ffff>8939220e257ffff>8939220e2cfffff>8939220e21bffff>8939220e2c7ffff>8939220e28bffff>8939220e283ffff>8939220e293ffff>8939220e62fffff>8939220e627ffff>8939220e053ffff>8939220e0cbffff>8939220e0cfffff>8939220e0c7ffff>8939220e0cfffff>8939220e0c3ffff>8939220e0cbffff>8939220e0dbffff>8939220e637ffff>8939220e0dbffff>8939220e6afffff>8939220e6a3ffff>8939220e6bbffff>8939220e687ffff>8939220e683ffff>8939220e693ffff>89392201967ffff>89392201977ffff>8939220190fffff>8939220190bffff>89392201957ffff>89392201953ffff>89392201827ffff>89392201823ffff>8939220183bffff>89392201833ffff>893922018abffff>893922018a3ffff>893922018b3ffff>89392201d4bffff>89392201d43ffff>89392201d5bffff>89392201d53ffff>89392201dcbffff>89392201ddbffff>89392201ca7ffff>8939220036bffff>89392200363ffff
20,34,568,415,568,1304.0,,20.006,56,8939220f12fffff>8939220f127ffff>8939220f123ffff>8939220f137ffff>8939220c4dbffff>8939220c4d3ffff>8939220e26bffff>8939220e27bffff>8939220e247ffff>8939220e243ffff>8939220e257ffff>8939220e2cfffff>8939220e21bffff>8939220e2c7ffff>8939220e28bffff>8939220e283ffff>8939220e293ffff>8939220e62fffff>8939220e627ffff>8939220e053ffff>8939220e0cbffff>8939220e0cfffff>8939220e0c7ffff>8939220e0cfffff>8939220e0c3ffff>8939220e0cbffff>8939220e0dbffff>8939220e637ffff>8939220e0dbffff>8939220e6afffff>8939220e6a3ffff>8939220e6bbffff>8939220e687ffff>8939220e683ffff>8939220e693ffff>89392201967ffff>89392201977ffff>8939220190fffff>8939220190bffff>89392201957ffff>89392201953ffff>89392201827ffff>89392201823ffff>8939220183bffff>89392201833ffff>893922018abffff>893922018a3ffff>893922018b3ffff>89392201d4bffff>89392201d43ffff>89392201d5bffff>89392201d53ffff>89392201dcbffff>89392201ddbffff>89392201ca7ffff>8939220036bffff
20,35,568,415,568,1620.0,,20.739,58,8939220f12fffff>8939220f127ffff>8939220f123ffff>8939220f137ffff>8939220c4dbffff>8939220c4d3ffff>8939220e26bffff>8939220e27bffff>8939220e247ffff>8939220e243ffff>8939220e257ffff>8939220e2cfffff>8939220e21bffff>8939220e2c7ffff>8939220e28bffff>8939220e283ffff>8939220e293ffff>8939220e62fffff>8939220e627ffff>8939220e053ffff>8939220e0cbffff>8939220e0cfffff>8939220e0c7ffff>8939220e0cfffff>8939220e0c3ffff>8939220e0cbffff>8939220e0dbffff>8939220e637ffff>8939220e0dbffff>8939220e6afffff>8939220e6a3ffff>8939220e6bbffff>8939220e687ffff>8939220e683ffff>8939220e693ffff>89392201967ffff>89392201977ffff>8939220190fffff>8939220190bffff>89392201957ffff>89392201953ffff>89392201827ffff>89392201823ffff>8939220183bffff>89392201833ffff>893922018abffff>893922018a3ffff>893922018b3ffff>89392201d4bffff>89392201d43ffff>89392201d5bffff>89392201d53ffff>89392201dcbffff>89392201ddbffff>89392201ca7ffff>8939220036bffff>89392200363ffff>89392200373ffff
20,36,568,415,568,1731.0,,20.372,57,8939220f12fffff>8939220f127ffff>8939220f123ffff>8939220f137ffff>8939220c4dbffff>8939220c4d3ffff>8939220e26bffff>8939220e27bffff>8939220e247ffff>8939220e243ffff>8939220e257ffff>8939220e2cfffff>8939220e21bffff>8939220e2c7ffff>8939220e28bffff>8939220e283ffff>8939220e293ffff>8939220e62fffff>8939220e627ffff>8939220e053ffff>8939220e0cbffff>8939220e0cfffff>8939220e0c7ffff>8939220e0cfffff>8939220e0c3ffff>8939220e0cbffff>8939220e0dbffff>8939220e637ffff>8939220e0dbffff>8939220e6afffff>8939220e6a3ffff>8939220e6bbffff>8939220e687ffff>8939220e683ffff>8939220e693ffff>89392201967ffff>89392201977ffff>8939220190fffff>8939220190bffff>89392201957ffff>89392201953ffff>89392201827ffff>89392201823ffff>8939220183bffff>89392201833ffff>893922018abffff>893922018a3ffff>893922018b3ffff>89392201d4bffff>89392201d43ffff>89392201d5bffff>89392201d53ffff>89392201dcbffff>89392201ddbffff>89392201ca7ffff>8939220036bffff>89392200363ffff
20,37,564,411,564,1639.0,,20.739,58,8939220c697ffff>8939220f12fffff>8939220f127ffff>8939220f123ffff>8939220f137ffff>8939220c4dbffff>8939220c4d3ffff>8939220e26bffff>8939220e27bffff>8939220e247ffff>8939220e243ffff>8939220e257ffff>8939220e2cfffff>8939220e21bffff>8939220e2c7ffff>8939220e28bffff>8939220e283ffff>8939220e293ffff>8939220e62fffff>8939220e627ffff>8939220e053ffff>8939220e0cbffff>8939220e0cfffff>8939220e0c7ffff>8939220e0cfffff>8939220e0c3ffff>8939220e0cbffff>8939220e0dbffff>8939220e637ffff>8939220e0dbffff>8939220e6afffff>8939220e6a3ffff>8939220e6bbffff>8939220e687ffff>8939220e683ffff>8939220e693ffff>89392201967ffff>89392201977ffff>8939220190fffff>8939220190bffff>89392201957ffff>89392201953ffff>89392201827ffff>89392201823ffff>8939220183bffff>89392201833ffff>893922018abffff>893922018a3ffff>893922018b3ffff>89392201d4bffff>89392201d43ffff>89392201d5bffff>89392201d53ffff>89392201dcbffff>89392201ddbffff>89392201ca7ffff>8939220036bffff>89392200363ffff
20,38,564,411,564,1693.0,,20.374,57,8939220c697ffff>8939220f12fffff>8939220f127ffff>8939220f123ffff>8939220f137ffff>8939220c4dbffff>8939220c4d3ffff>8939220e26bffff>8939220e27bffff>8939220e247ffff>8939220e243ffff>8939220e257ffff>8939220e2cfffff>8939220e21bffff>8939220e2c7ffff>8939220e28bffff>8939220e283ffff>8939220e293ffff>8939220e62fffff>8939220e627ffff>8939220e053ffff>8939220e0cbffff>8939220e0cfffff>8939220e0c7ffff>8939220e0cfffff>8939220e0c3ffff>8939220e0cbffff>8939220e0dbffff>8939220e637ffff>8939220e0dbffff>8939220e6afffff>8939220e6a3ffff>8939220e6bbffff>8939220e687ffff>8939220e683ffff>8939220e693ffff>89392201967ffff>89392201977ffff>8939220190fffff>8939220190bffff>89392201957ffff>89392201953ffff>89392201827ffff>89392201823ffff>8939220183bffff>89392201833ffff>893922018abffff>893922018a3ffff>893922018b3ffff>89392201d4bffff>89392201d43ffff>89392201d5bffff>89392201d53ffff>89392201dcbffff>89392201ddbffff>89392201ca7ffff>8939220036bffff
20,39,564,411,564,1438.0,,21.107,59,8939220c697ffff>8939220f12fffff>8939220f127ffff>8939220f123ffff>8939220f137ffff>8939220c4dbffff>8939220c4d3ffff>8939220e26bffff>8939220e27bffff>8939220e247ffff>8939220e243ffff>8939220e257ffff>8939220e2cfffff>8939220e21bffff>8939220e2c7ffff>8939220e28bffff>8939220e283ffff>8939220e293ffff>8939220e62fffff>8939220e627ffff>8939220e053ffff>8939220e0cbffff>8939220e0cfffff>8939220e0c7ffff>8939220e0cfffff>8939220e0c3ffff>8939220e0cbffff>8939220e0dbffff>8939220e637ffff>8939220e0dbffff>8939220e6afffff>8939220e6a3ffff>8939220e6bbffff>8939220e687ffff>8939220e683ffff>8939220e693ffff>89392201967ffff>89392201977ffff>8939220190fffff>8939220190bffff>89392201957ffff>89392201953ffff>89392201827ffff>89392201823ffff>8939220183bffff>89392201833ffff>893922018abffff>893922018a3ffff>893922018b3ffff>89392201d4bffff>89392201d43ffff>89392201d5bffff>89392201d53ffff>89392201dcbffff>89392201ddbffff>89392201ca7ffff>8939220036bffff>89392200363ffff>89392200373ffff
20,40,564,411,564,1578.0,,20.009,56,8939220c697ffff>8939220f12fffff>8939220f127ffff>8939220f123ffff>8939220f137ffff>8939220c4dbffff>8939220c4d3ffff>8939220e26bffff>8939220e27bffff>8939220e247ffff>8939220e243ffff>8939220e257ffff>8939220e2cfffff>8939220e21bffff>8939220e2c7ffff>8939220e28bffff>8939220e283ffff>8939220e293ffff>8939220e62fffff>8939220e627ffff>8939220e053ffff>8939220e0cbffff>8939220e0cfffff>8939220e0c7ffff>8939220e0cfffff>8939220e0c3ffff>8939220e0cbffff>8939220e0dbffff>8939220e637ffff>8939220e0dbffff>8939220e6afffff>8939220e6a3ffff>8939220e6bbffff>8939220e687ffff>8939220e683ffff>8939220e693ffff>89392201967ffff>89392201977ffff>8939220190fffff>8939220190bffff>89392201957ffff>89392201953ffff>89392201827ffff>89392201823ffff>8939220183bffff>89392201833ffff>893922018abffff>893922018a3ffff>893922018b3ffff>89392201d4bffff>89392201d43ffff>89392201d5bffff>89392201d53ffff>89392201dcbffff>89392201ddbffff>89392201ca7ffff
20,41,542,389,542,1545.0,,20.34,57,8939220f15bffff>8939220f027ffff>8939220f023ffff>8939220f027ffff>8939220f037ffff>8939220f1cbffff>8939220f1dbffff>8939220f1d3ffff>8939220f56fffff>8939220f567ffff>8939220f52bffff>8939220f523ffff>8939220f527ffff>8939220e253ffff>8939220e257ffff>8939220e2cfffff>8939220e21bffff>8939220e2c7ffff>8939220e28bffff>8939220e283ffff>8939220e293ffff>8939220e62fffff>8939220e627ffff>8939220e053ffff>8939220e0cbffff>8939220e0cfffff>8939220e0c7ffff>8939220e0cfffff>8939220e0c3ffff>8939220e0cbffff>8939220e0dbffff>8939220e6afffff>8939220e6a3ffff>8939220e6bbffff>8939220e687ffff>8939220e683ffff>8939220e693ffff>89392201967ffff>89392201977ffff>8939220190fffff>8939220190bffff>89392201957ffff>89392201953ffff>89392201827ffff>89392201823ffff>8939220183bffff>89392201833ffff>893922018abffff>893922018a3ffff>893922018b3ffff>89392201d4bffff>89392201d43ffff>89392201d5bffff>89392201d53ffff>89392201dcbffff>89392201ddbffff>89392201ca7ffff
20,42,541,388,541,1646.0,,21.07,59,8939220f15bffff>8939220f027ffff>8939220f023ffff>8939220f027ffff>8939220f037ffff>8939220f1cbffff>8939220f1dbffff>8939220f1d3ffff>8939220f56fffff>8939220f567ffff>8939220f52bffff>8939220f523ffff>8939220f527ffff>8939220e253ffff>8939220e257ffff>8939220e2cfffff>8939220e21bffff>8939220e2c7ffff>8939220e28bffff>8939220e283ffff>8939220e293ffff>8939220e62fffff>8939220e627ffff>8939220e053ffff>8939220e0cbffff>8939220e0cfffff>8939220e0c7ffff>8939220e0cfffff>8939220e0c3ffff>8939220e0cbffff>8939220e0dbffff>8939220e6afffff>8939220e6a3ffff>8939220e6bbffff>8939220e687ffff>8939220e683ffff>8939220e693ffff>89392201967ffff>89392201977ffff>8939220190fffff>8939220190bffff>89392201957ffff>89392201953ffff>89392201827ffff>89392201823ffff>8939220183bffff>89392201833ffff>893922018abffff>893922018a3ffff>893922018b3ffff>89392201d4bffff>89392201d43ffff>89392201d5bffff>89392201d53ffff>89392201dcbffff>89392201ddbffff>89392201ca7ffff>8939220036bffff>89392200363ffff
20,43,541,388,541,1548.0,,21.438,60,8939220f15bffff>8939220f027ffff>8939220f023ffff>8939220f027ffff>8939220f037ffff>8939220f1cbffff>8939220f1dbffff>8939220f1d3ffff>8939220f56fffff>8939220f567ffff>8939220f52bffff>8939220f523ffff>8939220f527ffff>8939220e253ffff>8939220e257ffff>8939220e2cfffff>8939220e21bffff>8939220e2c7ffff>8939220e28bffff>8939220e283ffff>8939220e293ffff>8939220e62fffff>8939220e627ffff>8939220e053ffff>8939220e0cbffff>8939220e0cfffff>8939220e0c7ffff>8939220e0cfffff>8939220e0c3ffff>8939220e0cbffff>8939220e0dbffff>8939220e6afffff>8939220e6a3ffff>8939220e6bbffff>8939220e687ffff>8939220e683ffff>8939220e693ffff>89392201967ffff>89392201977ffff>8939220190fffff>8939220190bffff>89392201957ffff>89392201953ffff>89392201827ffff>89392201823ffff>8939220183bffff>89392201833ffff>893922018abffff>893922018a3ffff>893922018b3ffff>89392201d4bffff>89392201d43ffff>89392201d5bffff>89392201d53ffff>89392201dcbffff>89392201ddbffff>89392201ca7ffff>8939220036bffff>89392200363ffff>89392200373ffff
20,44,541,388,541,1512.0,,20.705,58,8939220f15bffff>8939220f027ffff>8939220f023ffff>8939220f027ffff>8939220f037ffff>8939220f1cbffff>8939220f1dbffff>8939220f1d3ffff>8939220f56fffff>8939220f567ffff>8939220f52bffff>8939220f523ffff>8939220f527ffff>8939220e253ffff>8939220e257ffff>8939220e2cfffff>8939220e21bffff>8939220e2c7ffff>8939220e28bffff>8939220e283ffff>8939220e293ffff>8939220e62fffff>8939220e627ffff>8939220e053ffff>8939220e0cbffff>8939220e0cfffff>8939220e0c7ffff>8939220e0cfffff>8939220e0c3ffff>8939220e0cbffff>8939220e0dbffff>8939220e6afffff>8939220e6a3ffff>8939220e6bbffff>8939220e687ffff>8939220e683ffff>8939220e693ffff>89392201967ffff>89392201977ffff>8939220190fffff>8939220190bffff>89392201957ffff>89392201953ffff>89392201827ffff>89392201823ffff>8939220183bffff>89392201833ffff>893922018abffff>893922018a3ffff>893922018b3ffff>89392201d4bffff>89392201d43ffff>89392201d5bffff>89392201d53ffff>89392201dcbffff>89392201ddbffff>89392201ca7ffff>8939220036bffff
20,45,521,368,521,1684.0,,20.721,58,8939220f027ffff>8939220f037ffff>8939220f1cbffff>8939220f1dbffff>8939220f1d3ffff>8939220f56fffff>8939220f567ffff>8939220f52bffff>8939220f523ffff>8939220f527ffff>8939220e253ffff>8939220e257ffff>8939220e2cfffff>8939220e21bffff>8939220e2c7ffff>8939220e28bffff>8939220e283ffff>8939220e293ffff>8939220e62fffff>8939220e627ffff>8939220e053ffff>8939220e0cbffff>8939220e0cfffff>8939220e0c7ffff>8939220e0cfffff>8939220e0c3ffff>8939220e0cbffff>8939220e0dbffff>8939220e6afffff>8939220e6a3ffff>8939220e6bbffff>8939220e687ffff>8939220e683ffff>8939220e693ffff>89392201967ffff>89392201977ffff>8939220190fffff>8939220190bffff>89392201957ffff>89392201953ffff>89392201827ffff>89392201823ffff>8939220183bffff>89392201833ffff>893922018abffff>893922018a3ffff>893922018b3ffff>89392201d4bffff>89392201d43ffff>89392201d5bffff>89392201d53ffff>89392201dcbffff>89392201ddbffff>89392201ca7ffff>8939220036bffff>89392200363ffff>89392200373ffff>8939220037bffff
20,46,511,358,511,1516.0,,20.02,56,8939220f127ffff>8939220f123ffff>8939220f137ffff>8939220c4dbffff>8939220c4d3ffff>8939220e26bffff>8939220e27bffff>8939220e247ffff>8939220e243ffff>8939220e257ffff>8939220e2cfffff>8939220e21bffff>8939220e2c7ffff>8939220e28bffff>8939220e283ffff>8939220e293ffff>8939220e62fffff>8939220e627ffff>8939220e053ffff>8939220e0cbffff>8939220e0cfffff>8939220e0c7ffff>8939220e0cfffff>8939220e0c3ffff>8939220e0cbffff>8939220e0dbffff>8939220e637ffff>8939220e6afffff>8939220e6a3ffff>8939220e6bbffff>8939220e687ffff>8939220e683ffff>8939220e693ffff>89392201967ffff>89392201977ffff>8939220190fffff>8939220190bffff>89392201957ffff>89392201953ffff>89392201827ffff>89392201823ffff>8939220183bffff>89392201833ffff>893922018abffff>893922018a3ffff>893922018b3ffff>89392201d4bffff>89392201d43ffff>89392201d5bffff>89392201d53ffff>89392201dcbffff>89392201ddbffff>89392201ca7ffff>8939220036bffff>89392200363ffff>89392200373ffff
20,47,509,356,509,1632.0,,20.017,56,8939220f12fffff>8939220f127ffff>8939220f123ffff>8939220f137ffff>8939220c4dbffff>8939220c4d3ffff>8939220e26bffff>8939220e27bffff>8939220e247ffff>8939220e243ffff>8939220e257ffff>8939220e2cfffff>8939220e21bffff>8939220e2c7ffff>8939220e28bffff>8939220e283ffff>8939220e293ffff>8939220e62fffff>8939220e627ffff>8939220e053ffff>8939220e0cbffff>8939220e0cfffff>8939220e0c7ffff>8939220e0cfffff>8939220e0c3ffff>8939220e0cbffff>8939220e0dbffff>8939220e637ffff>8939220e6afffff>8939220e6a3ffff>8939220e6bbffff>8939220e687ffff>8939220e683ffff>8939220e693ffff>89392201967ffff>89392201977ffff>8939220190fffff>8939220190bffff>89392201957ffff>89392201953ffff>89392201827ffff>89392201823ffff>8939220183bffff>89392201833ffff>893922018abffff>893922018a3ffff>893922018b3ffff>89392201d4bffff>89392201d43ffff>89392201d5bffff>89392201d53ffff>89392201dcbffff>89392201ddbffff>89392201ca7ffff>8939220036bffff>89392200363ffff
20,48,508,355,508,1423.0,,20.02,56,8939220c697ffff>8939220f12fffff>8939220f127ffff>8939220f123ffff>8939220f137ffff>8939220c4dbffff>8939220c4d3ffff>8939220e26bffff>8939220e27bffff>8939220e247ffff>8939220e243ffff>8939220e257ffff>8939220e2cfffff>8939220e21bffff>8939220e2c7ffff>8939220e28bffff>8939220e283ffff>8939220e293ffff>8939220e62fffff>8939220e627ffff>8939220e053ffff>8939220e0cbffff>8939220e0cfffff>8939220e0c7ffff>8939220e0cfffff>8939220e0c3ffff>8939220e0cbffff>8939220e0dbffff>8939220e637ffff>8939220e6afffff>8939220e6a3ffff>8939220e6bbffff>8939220e687ffff>8939220e683ffff>8939220e693ffff>89392201967ffff>89392201977ffff>8939220190fffff>8939220190bffff>89392201957ffff>89392201953ffff>89392201827ffff>89392201823ffff>8939220183bffff>89392201833ffff>893922018abffff>893922018a3ffff>893922018b3ffff>89392201d4bffff>89392201d43ffff>89392201d5bffff>89392201d53ffff>89392201dcbffff>89392201ddbffff>89392201ca7ffff>8939220036bffff
20,49,508,355,508,1950.0,,20.385,57,8939220f12fffff>8939220f127ffff>8939220f123ffff>8939220f137ffff>8939220c4dbffff>8939220c4d3ffff>8939220e26bffff>8939220e27bffff>8939220e247ffff>8939220e243ffff>8939220e257ffff>8939220e2cfffff>8939220e21bffff>8939220e2c7ffff>8939220e28bffff>8939220e283ffff>8939220e293ffff>8939220e62fffff>8939220e627ffff>8939220e053ffff>8939220e0cbffff>8939220e0cfffff>8939220e0c7ffff>8939220e0cfffff>8939220e0c3ffff>8939220e0cbffff>8939220e0dbffff>8939220e637ffff>8939220e6afffff>8939220e6a3ffff>8939220e6bbffff>8939220e687ffff>8939220e683ffff>8939220e693ffff>89392201967ffff>89392201977ffff>8939220190fffff>8939220190bffff>89392201957ffff>89392201953ffff>89392201827ffff>89392201823ffff>8939220183bffff>89392201833ffff>893922018abffff>893922018a3ffff>893922018b3ffff>89392201d4bffff>89392201d43ffff>89392201d5bffff>89392201d53ffff>89392201dcbffff>89392201ddbffff>89392201ca7ffff>8939220036bffff>89392200363ffff>89392200373ffff
20,50,507,354,507,1465.0,,20.385,57,8939220c697ffff>8939220f12fffff>8939220f127ffff>8939220f123ffff>8939220f137ffff>8939220c4dbffff>8939220c4d3ffff>8939220e26bffff>8939220e27bffff>8939220e247ffff>8939220e243ffff>8939220e257ffff>8939220e2cfffff>8939220e21bffff>8939220e2c7ffff>8939220e28bffff>8939220e283ffff>8939220e293ffff>8939220e62fffff>8939220e627ffff>8939220e053ffff>8939220e0cbffff>8939220e0cfffff>8939220e0c7ffff>8939220e0cfffff>8939220e0c3ffff>8939220e0cbffff>8939220e0dbffff>8939220e637ffff>8939220e6afffff>8939220e6a3ffff>8939220e6bbffff>8939220e687ffff>8939220e683ffff>8939220e693ffff>89392201967ffff>89392201977ffff>8939220190fffff>8939220190bffff>89392201957ffff>89392201953ffff>89392201827ffff>89392201823ffff>8939220183bffff>89392201833ffff>893922018abffff>893922018a3ffff>893922018b3ffff>89392201d4bffff>89392201d43ffff>89392201d5bffff>89392201d53ffff>89392201dcbffff>89392201ddbffff>89392201ca7ffff>8939220036bffff>89392200363ffff
20,51,506,353,506,1644.0,,20.753,58,8939220c697ffff>8939220f12fffff>8939220f127ffff>8939220f123ffff>8939220f137ffff>8939220c4dbffff>8939220c4d3ffff>8939220e26bffff>8939220e27bffff>8939220e247ffff>8939220e243ffff>8939220e257ffff>8939220e2cfffff>8939220e21bffff>8939220e2c7ffff>8939220e28bffff>8939220e283ffff>8939220e293ffff>8939220e62fffff>8939220e627ffff>8939220e053ffff>8939220e0cbffff>8939220e0cfffff>8939220e0c7ffff>8939220e0cfffff>8939220e0c3ffff>8939220e0cbffff>8939220e0dbffff>8939220e637ffff>8939220e6afffff>8939220e6a3ffff>8939220e6bbffff>8939220e687ffff>8939220e683ffff>8939220e693ffff>89392201967ffff>89392201977ffff>8939220190fffff>8939220190bffff>89392201957ffff>89392201953ffff>89392201827ffff>89392201823ffff>8939220183bffff>89392201833ffff>893922018abffff>893922018a3ffff>893922018b3ffff>89392201d4bffff>89392201d43ffff>89392201d5bffff>89392201d53ffff>89392201dcbffff>89392201ddbffff>89392201ca7ffff>8939220036bffff>89392200363ffff>89392200373ffff
20,52,496,343,496,1266.0,,20.374,57,8939220c683ffff>8939220c697ffff>8939220f12fffff>8939220f127ffff>8939220f123ffff>8939220f137ffff>8939220c4dbffff>8939220c4d3ffff>8939220e26bffff>8939220e27bffff>8939220e247ffff>8939220e243ffff>8939220e257ffff>8939220e2cfffff>8939220e21bffff>8939220e2c7ffff>8939220e28bffff>8939220e283ffff>8939220e293ffff>8939220e62fffff>8939220e627ffff>8939220e053ffff>8939220e0cbffff>8939220e0cfffff>8939220e0c7ffff>8939220e0cfffff>8939220e0c3ffff>8939220e0cbffff>8939220e0dbffff>8939220e6afffff>8939220e6a3ffff>8939220e6bbffff>8939220e687ffff>8939220e683ffff>8939220e693ffff>89392201967ffff>89392201977ffff>8939220190fffff>8939220190bffff>89392201957ffff>89392201953ffff>89392201827ffff>89392201823ffff>8939220183bffff>89392201833ffff>893922018abffff>893922018a3ffff>893922018b3ffff>89392201d4bffff>89392201d43ffff>89392201d5bffff>89392201d53ffff>89392201dcbffff>89392201ddbffff>89392201ca7ffff>8939220036bffff>89392200363ffff
20,53,496,343,496,1362.0,,20.742,58,8939220c683ffff>8939220c697ffff>8939220f12fffff>8939220f127ffff>8939220f123ffff>8939220f137ffff>8939220c4dbffff>8939220c4d3ffff>8939220e26bffff>8939220e27bffff>8939220e247ffff>8939220e243ffff>8939220e257ffff>8939220e2cfffff>8939220e21bffff>8939220e2c7ffff>8939220e28bffff>8939220e283ffff>8939220e293ffff>8939220e62fffff>8939220e627ffff>8939220e053ffff>8939220e0cbffff>8939220e0cfffff>8939220e0c7ffff>8939220e0cfffff>8939220e0c3ffff>8939220e0cbffff>8939220e0dbffff>8939220e6afffff>8939220e6a3ffff>8939220e6bbffff>8939220e687ffff>8939220e683ffff>8939220e693ffff>89392201967ffff>89392201977ffff>8939220190fffff>8939220190bffff>89392201957ffff>89392201953ffff>89392201827ffff>89392201823ffff>8939220183bffff>89392201833ffff>893922018abffff>893922018a3ffff>893922018b3ffff>89392201d4bffff>89392201d43ffff>89392201d5bffff>89392201d53ffff>89392201dcbffff>89392201ddbffff>89392201ca7ffff>8939220036bffff>89392200363ffff>89392200373ffff
20,54,496,343,496,1559.0,,20.009,56,8939220c683ffff>8939220c697ffff>8939220f12fffff>8939220f127ffff>8939220f123ffff>8939220f137ffff>8939220c4dbffff>8939220c4d3ffff>8939220e26bffff>8939220e27bffff>8939220e247ffff>8939220e243ffff>8939220e257ffff>8939220e2cfffff>8939220e21bffff>8939220e2c7ffff>8939220e28bffff>8939220e283ffff>8939220e293ffff>8939220e62fffff>8939220e627ffff>8939220e053ffff>8939220e0cbffff>8939220e0cfffff>8939220e0c7ffff>8939220e0cfffff>8939220e0c3ffff>8939220e0cbffff>8939220e0dbffff>8939220e6afffff>8939220e6a3ffff>8939220e6bbffff>8939220e687ffff>8939220e683ffff>8939220e693ffff>89392201967ffff>89392201977ffff>8939220190fffff>8939220190bffff>89392201957ffff>89392201953ffff>89392201827ffff>89392201823ffff>8939220183bffff>89392201833ffff>893922018abffff>893922018a3ffff>893922018b3ffff>89392201d4bffff>89392201d43ffff>89392201d5bffff>89392201d53ffff>89392201dcbffff>89392201ddbffff>89392201ca7ffff>8939220036bffff
20,55,489,336,489,1845.0,,20.348,57,8939220f02fffff>8939220f023ffff>8939220f027ffff>8939220f037ffff>8939220f1cbffff>8939220f1dbffff>8939220f1d3ffff>8939220f56fffff>8939220f567ffff>8939220f52bffff>8939220f523ffff>8939220f527ffff>8939220e253ffff>8939220e257ffff>8939220e2cfffff>8939220e21bffff>8939220e2c7ffff>8939220e28bffff>8939220e283ffff>8939220e293ffff>8939220e62fffff>8939220e627ffff>8939220e053ffff>8939220e0cbffff>8939220e0cfffff>8939220e0c7ffff>8939220e0cfffff>8939220e0c3ffff>8939220e0cbffff>8939220e0dbffff>8939220e6afffff>8939220e6a3ffff>8939220e6bbffff>8939220e687ffff>8939220e683ffff>8939220e693ffff>89392201967ffff>89392201977ffff>8939220190fffff>8939220190bffff>89392201957ffff>89392201953ffff>89392201827ffff>89392201823ffff>8939220183bffff>89392201833ffff>893922018abffff>893922018a3ffff>893922018b3ffff>89392201d4bffff>89392201d43ffff>89392201d5bffff>89392201d53ffff>89392201dcbffff>89392201ddbffff>89392201ca7ffff>8939220036bffff
20,56,488,335,488,1567.0,,21.081,59,8939220f02fffff>8939220f023ffff>8939220f027ffff>8939220f037ffff>8939220f1cbffff>8939220f1dbffff>8939220f1d3ffff>8939220f56fffff>8939220f567ffff>8939220f52bffff>8939220f523ffff>8939220f527ffff>8939220e253ffff>8939220e257ffff>8939220e2cfffff>8939220e21bffff>8939220e2c7ffff>8939220e28bffff>8939220e283ffff>8939220e293ffff>8939220e62fffff>8939220e627ffff>8939220e053ffff>8939220e0cbffff>8939220e0cfffff>8939220e0c7ffff>8939220e0cfffff>8939220e0c3ffff>8939220e0cbffff>8939220e0dbffff>8939220e6afffff>8939220e6a3ffff>8939220e6bbffff>8939220e687ffff>8939220e683ffff>8939220e693ffff>89392201967ffff>89392201977ffff>8939220190fffff>8939220190bffff>89392201957ffff>89392201953ffff>89392201827ffff>89392201823ffff>8939220183bffff>89392201833ffff>893922018abffff>893922018a3ffff>893922018b3ffff>89392201d4bffff>89392201d43ffff>89392201d5bffff>89392201d53ffff>89392201dcbffff>89392201ddbffff>89392201ca7ffff>8939220036bffff>89392200363ffff>89392200373ffff
20,57,488,335,488,1342.0,,20.713,58,8939220f02fffff>8939220f023ffff>8939220f027ffff>8939220f037ffff>8939220f1cbffff>8939220f1dbffff>8939220f1d3ffff>8939220f56fffff>8939220f567ffff>8939220f52bffff>8939220f523ffff>8939220f527ffff>8939220e253ffff>8939220e257ffff>8939220e2cfffff>8939220e21bffff>8939220e2c7ffff>8939220e28bffff>8939220e283ffff>8939220e293ffff>8939220e62fffff>8939220e627ffff>8939220e053ffff>8939220e0cbffff>8939220e0cfffff>8939220e0c7ffff>8939220e0cfffff>8939220e0c3ffff>8939220e0cbffff>8939220e0dbffff>8939220e6afffff>8939220e6a3ffff>8939220e6bbffff>8939220e687ffff>8939220e683ffff>8939220e693ffff>89392201967ffff>89392201977ffff>8939220190fffff>8939220190bffff>89392201957ffff>89392201953ffff>89392201827ffff>89392201823ffff>8939220183bffff>89392201833ffff>893922018abffff>893922018a3ffff>893922018b3ffff>89392201d4bffff>89392201d43ffff>89392201d5bffff>89392201d53ffff>89392201dcbffff>89392201ddbffff>89392201ca7ffff>8939220036bffff>89392200363ffff
20,58,483,330,483,1320.0,,20.364,57,8939220f12fffff>8939220f127ffff>8939220f123ffff>8939220f137ffff>8939220c4dbffff>8939220c4d3ffff>8939220e26bffff>8939220e27bffff>8939220e24fffff>8939220e247ffff>8939220e243ffff>8939220e257ffff>8939220e2cfffff>8939220e21bffff>8939220e2c7ffff>8939220e28bffff>8939220e283ffff>8939220e293ffff>8939220e62fffff>8939220e627ffff>8939220e053ffff>8939220e0cbffff>8939220e0cfffff>8939220e0c7ffff>8939220e0cfffff>8939220e0c3ffff>8939220e0cbffff>8939220e0dbffff>8939220e6afffff>8939220e6a3ffff>8939220e6bbffff>8939220e687ffff>8939220e683ffff>8939220e693ffff>89392201967ffff>89392201977ffff>8939220190fffff>8939220190bffff>89392201957ffff>89392201953ffff>89392201827ffff>89392201823ffff>8939220183bffff>89392201833ffff>893922018abffff>893922018a3ffff>893922018b3ffff>89392201d4bffff>89392201d43ffff>89392201d5bffff>89392201d53ffff>89392201dcbffff>89392201ddbffff>89392201ca7ffff>8939220036bffff>89392200363ffff>89392200373ffff
20,59,480,327,480,1374.0,,20.345,57,8939220f023ffff>8939220f027ffff>8939220f037ffff>8939220f1cbffff>8939220f1dbffff>8939220f1d3ffff>8939220f56fffff>8939220f567ffff>8939220f52bffff>8939220f523ffff>8939220f527ffff>8939220e253ffff>8939220e257ffff>8939220e2cfffff>8939220e21bffff>8939220e2c7ffff>8939220e28bffff>8939220e283ffff>8939220e293ffff>8939220e62fffff>8939220e627ffff>8939220e053ffff>8939220e0cbffff>8939220e0cfffff>8939220e0c7ffff>8939220e0cfffff>8939220e0c3ffff>8939220e0cbffff>8939220e0dbffff>8939220e637ffff>8939220e0dbffff>8939220e6afffff>8939220e6a3ffff>8939220e6bbffff>8939220e687ffff>8939220e683ffff>8939220e693ffff>89392201967ffff>89392201977ffff>8939220190fffff>8939220190bffff>89392201957ffff>89392201953ffff>89392201827ffff>89392201823ffff>8939220183bffff>89392201833ffff>893922018abffff>893922018a3ffff>893922018b3ffff>89392201d4bffff>89392201d43ffff>89392201d5bffff>89392201d53ffff>89392201dcbffff>89392201ddbffff>89392201ca7ffff
20,60,480,327,480,1477.0,,21.075,59,8939220f023ffff>8939220f027ffff>8939220f037ffff>8939220f1cbffff>8939220f1dbffff>8939220f1d3ffff>8939220f56fffff>8939220f567ffff>8939220f52bffff>8939220f523ffff>8939220f527ffff>8939220e253ffff>8939220e257ffff>8939220e2cfffff>8939220e21bffff>8939220e2c7ffff>8939220e28bffff>8939220e283ffff>8939220e293ffff>8939220e62fffff>8939220e627ffff>8939220e053ffff>8939220e0cbffff>8939220e0cfffff>8939220e0c7ffff>8939220e0cfffff>8939220e0c3ffff>8939220e0cbffff>8939220e0dbffff>8939220e637ffff>8939220e0dbffff>8939220e6afffff>8939220e6a3ffff>8939220e6bbffff>8939220e687ffff>8939220e683ffff>8939220e693ffff>89392201967ffff>89392201977ffff>8939220190fffff>8939220190bffff>89392201957ffff>89392201953ffff>89392201827ffff>89392201823ffff>8939220183bffff>89392201833ffff>893922018abffff>893922018a3ffff>893922018b3ffff>89392201d4bffff>89392201d43ffff>89392201d5bffff>89392201d53ffff>89392201dcbffff>89392201ddbffff>89392201ca7ffff>8939220036bffff>89392200363ffff
20,61,480,327,480,1333.0,,20.71,58,8939220f023ffff>8939220f027ffff>8939220f037ffff>8939220f1cbffff>8939220f1dbffff>8939220f1d3ffff>8939220f56fffff>8939220f567ffff>8939220f52bffff>8939220f523ffff>8939220f527ffff>8939220e253ffff>8939220e257ffff>8939220e2cfffff>8939220e21bffff>8939220e2c7ffff>8939220e28bffff>8939220e283ffff>8939220e293ffff>8939220e62fffff>8939220e627ffff>8939220e053ffff>8939220e0cbffff>8939220e0cfffff>8939220e0c7ffff>8939220e0cfffff>8939220e0c3ffff>8939220e0cbffff>8939220e0dbffff>8939220e637ffff>8939220e0dbffff>8939220e6afffff>8939220e6a3ffff>8939220e6bbffff>8939220e687ffff>8939220e683ffff>8939220e693ffff>89392201967ffff>89392201977ffff>8939220190fffff>8939220190bffff>89392201957ffff>89392201953ffff>89392201827ffff>89392201823ffff>8939220183bffff>89392201833ffff>893922018abffff>893922018a3ffff>893922018b3ffff>89392201d4bffff>89392201d43ffff>89392201d5bffff>89392201d53ffff>89392201dcbffff>89392201ddbffff>89392201ca7ffff>8939220036bffff
20,62,480,327,480,1557.0,,20.731,58,8939220c697ffff>8939220f12fffff>8939220f127ffff>8939220f123ffff>8939220f137ffff>8939220c4dbffff>8939220c4d3ffff>8939220e26bffff>8939220e27bffff>8939220e24fffff>8939220e247ffff>8939220e243ffff>8939220e257ffff>8939220e2cfffff>8939220e21bffff>8939220e2c7ffff>8939220e28bffff>8939220e283ffff>8939220e293ffff>8939220e62fffff>8939220e627ffff>8939220e053ffff>8939220e0cbffff>8939220e0cfffff>8939220e0c7ffff>8939220e0cfffff>8939220e0c3ffff>8939220e0cbffff>8939220e0dbffff>8939220e6afffff>8939220e6a3ffff>8939220e6bbffff>8939220e687ffff>8939220e683ffff>8939220e693ffff>89392201967ffff>89392201977ffff>8939220190fffff>8939220190bffff>89392201957ffff>89392201953ffff>89392201827ffff>89392201823ffff>8939220183bffff>89392201833ffff>893922018abffff>893922018a3ffff>893922018b3ffff>89392201d4bffff>89392201d43ffff>89392201d5bffff>89392201d53ffff>89392201dcbffff>89392201ddbffff>89392201ca7ffff>8939220036bffff>89392200363ffff>89392200373ffff
20,63,480,327,480,1534.0,,20.364,57,8939220c697ffff>8939220f12fffff>8939220f127ffff>8939220f123ffff>8939220f137ffff>8939220c4dbffff>8939220c4d3ffff>8939220e26bffff>8939220e27bffff>8939220e24fffff>8939220e247ffff>8939220e243ffff>8939220e257ffff>8939220e2cfffff>8939220e21bffff>8939220e2c7ffff>8939220e28bffff>8939220e283ffff>8939220e293ffff>8939220e62fffff>8939220e627ffff>8939220e053ffff>8939220e0cbffff>8939220e0cfffff>8939220e0c7ffff>8939220e0cfffff>8939220e0c3ffff>8939220e0cbffff>8939220e0dbffff>8939220e6afffff>8939220e6a3ffff>8939220e6bbffff>8939220e687ffff>8939220e683ffff>8939220e693ffff>89392201967ffff>89392201977ffff>8939220190fffff>8939220190bffff>89392201957ffff>89392201953ffff>89392201827ffff>89392201823ffff>8939220183bffff>89392201833ffff>893922018abffff>893922018a3ffff>893922018b3ffff>89392201d4bffff>89392201d43ffff>89392201d5bffff>89392201d53ffff>89392201dcbffff>89392201ddbffff>89392201ca7ffff>8939220036bffff>89392200363ffff
20,64,479,326,479,1507.0,,21.443,60,8939220f023ffff>8939220f027ffff>8939220f037ffff>8939220f1cbffff>8939220f1dbffff>8939220f1d3ffff>8939220f56fffff>8939220f567ffff>8939220f52bffff>8939220f523ffff>8939220f527ffff>8939220e253ffff>8939220e257ffff>8939220e2cfffff>8939220e21bffff>8939220e2c7ffff>8939220e28bffff>8939220e283ffff>8939220e293ffff>8939220e62fffff>8939220e627ffff>8939220e053ffff>8939220e0cbffff>8939220e0cfffff>8939220e0c7ffff>8939220e0cfffff>8939220e0c3ffff>8939220e0cbffff>8939220e0dbffff>8939220e637ffff>8939220e0dbffff>8939220e6afffff>8939220e6a3ffff>8939220e6bbffff>8939220e687ffff>8939220e683ffff>8939220e693ffff>89392201967ffff>89392201977ffff>8939220190fffff>8939220190bffff>89392201957ffff>89392201953ffff>89392201827ffff>89392201823ffff>8939220183bffff>89392201833ffff>893922018abffff>893922018a3ffff>893922018b3ffff>89392201d4bffff>89392201d43ffff>89392201d5bffff>89392201d53ffff>89392201dcbffff>89392201ddbffff>89392201ca7ffff>8939220036bffff>89392200363ffff>89392200373ffff
20,65,411,258,411,2368.0,,20.004,56,8939220f1dbffff>8939220f1d3ffff>8939220f56fffff>8939220f567ffff>8939220f52bffff>8939220f523ffff>8939220f527ffff>8939220e253ffff>8939220e257ffff>8939220e2cfffff>8939220e21bffff>8939220e2c7ffff>8939220e28bffff>8939220e283ffff>8939220e293ffff>8939220e62fffff>8939220e627ffff>8939220e053ffff>8939220e0cbffff>8939220e0cfffff>8939220e0c7ffff>8939220e0cfffff>8939220e0c3ffff>8939220e0cbffff>8939220e0dbffff>8939220e637ffff>8939220e6afffff>8939220e6a3ffff>8939220e6bbffff>8939220e687ffff>8939220e683ffff>8939220e693ffff>89392201967ffff>89392201977ffff>8939220190fffff>8939220190bffff>89392201957ffff>89392201953ffff>89392201827ffff>89392201823ffff>8939220183bffff>89392201833ffff>893922018abffff>893922018a3ffff>893922018b3ffff>89392201d4bffff>89392201d43ffff>89392201d5bffff>89392201d53ffff>89392201dcbffff>89392201ddbffff>89392201ca7ffff>8939220036bffff>89392200363ffff>89392200373ffff>8939220037bffff
20,66,403,250,403,1495.0,,20.348,57,8939220f027ffff>8939220f023ffff>8939220f027ffff>8939220f037ffff>8939220f1cbffff>8939220f1dbffff>8939220f1d3ffff>8939220f56fffff>8939220f567ffff>8939220f52bffff>8939220f523ffff>8939220f527ffff>8939220e253ffff>8939220e257ffff>8939220e2cfffff>8939220e21bffff>8939220e2c7ffff>8939220e28bffff>8939220e283ffff>8939220e293ffff>8939220e62fffff>8939220e627ffff>8939220e053ffff>8939220e0cbffff>8939220e0cfffff>8939220e0c7ffff>8939220e0cfffff>8939220e0c3ffff>8939220e0cbffff>8939220e0dbffff>8939220e637ffff>8939220e6afffff>8939220e6a3ffff>8939220e6bbffff>8939220e687ffff>8939220e683ffff>8939220e693ffff>89392201967ffff>89392201977ffff>8939220190fffff>8939220190bffff>89392201957ffff>89392201953ffff>89392201827ffff>89392201823ffff>8939220183bffff>89392201833ffff>893922018abffff>893922018a3ffff>893922018b3ffff>89392201d4bffff>89392201d43ffff>89392201d5bffff>89392201d53ffff>89392201dcbffff>89392201ddbffff>89392201ca7ffff
20,67,402,249,402,1366.0,,20.713,58,8939220f027ffff>8939220f023ffff>8939220f027ffff>8939220f037ffff>8939220f1cbffff>8939220f1dbffff>8939220f1d3ffff>8939220f56fffff>8939220f567ffff>8939220f52bffff>8939220f523ffff>8939220f527ffff>8939220e253ffff>8939220e257ffff>8939220e2cfffff>8939220e21bffff>8939220e2c7ffff>8939220e28bffff>8939220e283ffff>8939220e293ffff>8939220e62fffff>8939220e627ffff>8939220e053ffff>8939220e0cbffff>8939220e0cfffff>8939220e0c7ffff>8939220e0cfffff>8939220e0c3ffff>8939220e0cbffff>8939220e0dbffff>8939220e637ffff>8939220e6afffff>8939220e6a3ffff>8939220e6bbffff>8939220e687ffff>8939220e683ffff>8939220e693ffff>89392201967ffff>89392201977ffff>8939220190fffff>8939220190bffff>89392201957ffff>89392201953ffff>89392201827ffff>89392201823ffff>8939220183bffff>89392201833ffff>893922018abffff>893922018a3ffff>893922018b3ffff>89392201d4bffff>89392201d43ffff>89392201d5bffff>89392201d53ffff>89392201dcbffff>89392201ddbffff>89392201ca7ffff>8939220036bffff
20,68,400,247,400,1505.0,,21.078,59,8939220f027ffff>8939220f023ffff>8939220f027ffff>8939220f037ffff>8939220f1cbffff>8939220f1dbffff>8939220f1d3ffff>8939220f56fffff>8939220f567ffff>8939220f52bffff>8939220f523ffff>8939220f527ffff>8939220e253ffff>8939220e257ffff>8939220e2cfffff>8939220e21bffff>8939220e2c7ffff>8939220e28bffff>8939220e283ffff>8939220e293ffff>8939220e62fffff>8939220e627ffff>8939220e053ffff>8939220e0cbffff>8939220e0cfffff>8939220e0c7ffff>8939220e0cfffff>8939220e0c3ffff>8939220e0cbffff>8939220e0dbffff>8939220e637ffff>8939220e6afffff>8939220e6a3ffff>8939220e6bbffff>8939220e687ffff>8939220e683ffff>8939220e693ffff>89392201967ffff>89392201977ffff>8939220190fffff>8939220190bffff>89392201957ffff>89392201953ffff>89392201827ffff>89392201823ffff>8939220183bffff>89392201833ffff>893922018abffff>893922018a3ffff>893922018b3ffff>89392201d4bffff>89392201d43ffff>89392201d5bffff>89392201d53ffff>89392201dcbffff>89392201ddbffff>89392201ca7ffff>8939220036bffff>89392200363ffff
20,69,398,245,398,1601.0,,21.446,60,8939220f027ffff>8939220f023ffff>8939220f027ffff>8939220f037ffff>8939220f1cbffff>8939220f1dbffff>8939220f1d3ffff>8939220f56fffff>8939220f567ffff>8939220f52bffff>8939220f523ffff>8939220f527ffff>8939220e253ffff>8939220e257ffff>8939220e2cfffff>8939220e21bffff>8939220e2c7ffff>8939220e28bffff>8939220e283ffff>8939220e293ffff>8939220e62fffff>8939220e627ffff>8939220e053ffff>8939220e0cbffff>8939220e0cfffff>8939220e0c7ffff>8939220e0cfffff>8939220e0c3ffff>8939220e0cbffff>8939220e0dbffff>8939220e637ffff>8939220e6afffff>8939220e6a3ffff>8939220e6bbffff>8939220e687ffff>8939220e683ffff>8939220e693ffff>89392201967ffff>89392201977ffff>8939220190fffff>8939220190bffff>89392201957ffff>89392201953ffff>89392201827ffff>89392201823ffff>8939220183bffff>89392201833ffff>893922018abffff>893922018a3ffff>893922018b3ffff>89392201d4bffff>89392201d43ffff>89392201d5bffff>89392201d53ffff>89392201dcbffff>89392201ddbffff>89392201ca7ffff>8939220036bffff>89392200363ffff>89392200373ffff
20,70,396,243,396,1428.0,,21.07,59,8939220f02bffff>8939220f02fffff>8939220f023ffff>8939220f027ffff>8939220f037ffff>8939220f1cbffff>8939220f1dbffff>8939220f1d3ffff>8939220f56fffff>8939220f567ffff>8939220f52bffff>8939220f523ffff>8939220f527ffff>8939220e253ffff>8939220e257ffff>8939220e2cfffff>8939220e21bffff>8939220e2c7ffff>8939220e28bffff>8939220e283ffff>8939220e293ffff>8939220e62fffff>8939220e627ffff>8939220e053ffff>8939220e0cbffff>8939220e0cfffff>8939220e0c7ffff>8939220e0cfffff>8939220e0c3ffff>8939220e0cbffff>8939220e0dbffff>8939220e6afffff>8939220e6a3ffff>8939220e6bbffff>8939220e687ffff>8939220e683ffff>8939220e693ffff>89392201967ffff>89392201977ffff>8939220190fffff>8939220190bffff>89392201957ffff>89392201953ffff>89392201827ffff>89392201823ffff>8939220183bffff>89392201833ffff>893922018abffff>893922018a3ffff>893922018b3ffff>89392201d4bffff>89392201d43ffff>89392201d5bffff>89392201d53ffff>89392201dcbffff>89392201ddbffff>89392201ca7ffff>8939220036bffff>89392200363ffff
20,71,396,243,396,1245.0,,20.34,57,8939220f02bffff>8939220f02fffff>8939220f023ffff>8939220f027ffff>8939220f037ffff>8939220f1cbffff>8939220f1dbffff>8939220f1d3ffff>8939220f56fffff>8939220f567ffff>8939220f52bffff>8939220f523ffff>8939220f527ffff>8939220e253ffff>8939220e257ffff>8939220e2cfffff>8939220e21bffff>8939220e2c7ffff>8939220e28bffff>8939220e283ffff>8939220e293ffff>8939220e62fffff>8939220e627ffff>8939220e053ffff>8939220e0cbffff>8939220e0cfffff>8939220e0c7ffff>8939220e0cfffff>8939220e0c3ffff>8939220e0cbffff>8939220e0dbffff>8939220e6afffff>8939220e6a3ffff>8939220e6bbffff>8939220e687ffff>8939220e683ffff>8939220e693ffff>89392201967ffff>89392201977ffff>8939220190fffff>8939220190bffff>89392201957ffff>89392201953ffff>89392201827ffff>89392201823ffff>8939220183bffff>89392201833ffff>893922018abffff>893922018a3ffff>893922018b3ffff>89392201d4bffff>89392201d43ffff>89392201d5bffff>89392201d53ffff>89392201dcbffff>89392201ddbffff>89392201ca7ffff
20,72,396,243,396,1216.0,,20.705,58,8939220f02bffff>8939220f02fffff>8939220f023ffff>8939220f027ffff>8939220f037ffff>8939220f1cbffff>8939220f1dbffff>8939220f1d3ffff>8939220f56fffff>8939220f567ffff>8939220f52bffff>8939220f523ffff>8939220f527ffff>8939220e253ffff>8939220e257ffff>8939220e2cfffff>8939220e21bffff>8939220e2c7ffff>8939220e28bffff>8939220e283ffff>8939220e293ffff>8939220e62fffff>8939220e627ffff>8939220e053ffff>8939220e0cbffff>8939220e0cfffff>8939220e0c7ffff>8939220e0cfffff>8939220e0c3ffff>8939220e0cbffff>8939220e0dbffff>8939220e6afffff>8939220e6a3ffff>8939220e6bbffff>8939220e687ffff>8939220e683ffff>8939220e693ffff>89392201967ffff>89392201977ffff>8939220190fffff>8939220190bffff>89392201957ffff>89392201953ffff>89392201827ffff>89392201823ffff>8939220183bffff>89392201833ffff>893922018abffff>893922018a3ffff>893922018b3ffff>89392201d4bffff>89392201d43ffff>89392201d5bffff>89392201d53ffff>89392201dcbffff>89392201ddbffff>89392201ca7ffff>8939220036bffff
20,73,396,243,396,1302.0,,21.438,60,8939220f02bffff>8939220f02fffff>8939220f023ffff>8939220f027ffff>8939220f037ffff>8939220f1cbffff>8939220f1dbffff>8939220f1d3ffff>8939220f56fffff>8939220f567ffff>8939220f52bffff>8939220f523ffff>8939220f527ffff>8939220e253ffff>8939220e257ffff>8939220e2cfffff>8939220e21bffff>8939220e2c7ffff>8939220e28bffff>8939220e283ffff>8939220e293ffff>8939220e62fffff>8939220e627ffff>8939220e053ffff>8939220e0cbffff>8939220e0cfffff>8939220e0c7ffff>8939220e0cfffff>8939220e0c3ffff>8939220e0cbffff>8939220e0dbffff>8939220e6afffff>8939220e6a3ffff>8939220e6bbffff>8939220e687ffff>8939220e683ffff>8939220e693ffff>89392201967ffff>89392201977ffff>8939220190fffff>8939220190bffff>89392201957ffff>89392201953ffff>89392201827ffff>89392201823ffff>8939220183bffff>89392201833ffff>893922018abffff>893922018a3ffff>893922018b3ffff>89392201d4bffff>89392201d43ffff>89392201d5bffff>89392201d53ffff>89392201dcbffff>89392201ddbffff>89392201ca7ffff>8939220036bffff>89392200363ffff>89392200373ffff
20,74,382,229,382,1131.0,,21.078,59,8939220f023ffff>8939220f027ffff>8939220f037ffff>8939220f1cbffff>8939220f1dbffff>8939220f1d3ffff>8939220f56fffff>8939220f567ffff>8939220f52bffff>8939220f523ffff>8939220f527ffff>8939220e253ffff>8939220e257ffff>8939220e2cfffff>8939220e21bffff>8939220e2c7ffff>8939220e28bffff>8939220e283ffff>8939220e293ffff>8939220e62fffff>8939220e627ffff>8939220e053ffff>8939220e0cbffff>8939220e0cfffff>8939220e0c7ffff>8939220e0cfffff>8939220e0c3ffff>8939220e0cbffff>8939220e0dbffff>8939220e6afffff>8939220e6a3ffff>8939220e6bbffff>8939220e687ffff>8939220e683ffff>8939220e693ffff>89392201967ffff>89392201977ffff>8939220190fffff>8939220190bffff>89392201957ffff>89392201953ffff>89392201827ffff>89392201823ffff>8939220183bffff>89392201833ffff>893922018abffff>893922018a3ffff>893922018b3ffff>89392201d4bffff>89392201d43ffff>89392201d5bffff>89392201d53ffff>89392201dcbffff>89392201ddbffff>89392201ca7ffff>8939220036bffff>89392200363ffff>89392200373ffff>8939220037bffff
20,75,373,220,373,1280.0,,20.705,58,8939220f397ffff>8939220f15bffff>8939220f027ffff>8939220f023ffff>8939220f027ffff>8939220f037ffff>8939220f1cbffff>8939220f1dbffff>8939220f1d3ffff>8939220f56fffff>8939220f567ffff>8939220f52bffff>8939220f523ffff>8939220f527ffff>8939220e253ffff>8939220e257ffff>8939220e2cfffff>8939220e21bffff>8939220e2c7ffff>8939220e28bffff>8939220e283ffff>8939220e293ffff>8939220e62fffff>8939220e627ffff>8939220e053ffff>8939220e0cbffff>8939220e0cfffff>8939220e0c7ffff>8939220e0cfffff>8939220e0c3ffff>8939220e0cbffff>8939220e0dbffff>8939220e6afffff>8939220e6a3ffff>8939220e6bbffff>8939220e687ffff>8939220e683ffff>8939220e693ffff>89392201967ffff>89392201977ffff>8939220190fffff>8939220190bffff>89392201957ffff>89392201953ffff>89392201827ffff>89392201823ffff>8939220183bffff>89392201833ffff>893922018abffff>893922018a3ffff>893922018b3ffff>89392201d4bffff>89392201d43ffff>89392201d5bffff>89392201d53ffff>89392201dcbffff>89392201ddbffff>89392201ca7ffff
20,76,373,220,373,1564.0,,20.337,57,8939220f397ffff>8939220f15bffff>8939220f027ffff>8939220f023ffff>8939220f027ffff>8939220f037ffff>8939220f1cbffff>8939220f1dbffff>8939220f1d3ffff>8939220f56fffff>8939220f567ffff>8939220f52bffff>8939220f523ffff>8939220f527ffff>8939220e253ffff>8939220e257ffff>8939220e2cfffff>8939220e21bffff>8939220e2c7ffff>8939220e28bffff>8939220e283ffff>8939220e293ffff>8939220e62fffff>8939220e627ffff>8939220e053ffff>8939220e0cbffff>8939220e0cfffff>8939220e0c7ffff>8939220e0cfffff>8939220e0c3ffff>8939220e0cbffff>8939220e0dbffff>8939220e6afffff>8939220e6a3ffff>8939220e6bbffff>8939220e687ffff>8939220e683ffff>8939220e693ffff>89392201967ffff>89392201977ffff>8939220190fffff>8939220190bffff>89392201957ffff>89392201953ffff>89392201827ffff>89392201823ffff>8939220183bffff>89392201833ffff>893922018abffff>893922018a3ffff>893922018b3ffff>89392201d4bffff>89392201d43ffff>89392201d5bffff>89392201d53ffff>89392201dcbffff>89392201ddbffff
20,77,373,220,373,1368.0,,21.07,59,8939220f397ffff>8939220f15bffff>8939220f027ffff>8939220f023ffff>8939220f027ffff>8939220f037ffff>8939220f1cbffff>8939220f1dbffff>8939220f1d3ffff>8939220f56fffff>8939220f567ffff>8939220f52bffff>8939220f523ffff>8939220f527ffff>8939220e253ffff>8939220e257ffff>8939220e2cfffff>8939220e21bffff>8939220e2c7ffff>8939220e28bffff>8939220e283ffff>8939220e293ffff>8939220e62fffff>8939220e627ffff>8939220e053ffff>8939220e0cbffff>8939220e0cfffff>8939220e0c7ffff>8939220e0cfffff>8939220e0c3ffff>8939220e0cbffff>8939220e0dbffff>8939220e6afffff>8939220e6a3ffff>8939220e6bbffff>8939220e687ffff>8939220e683ffff>8939220e693ffff>89392201967ffff>89392201977ffff>8939220190fffff>8939220190bffff>89392201957ffff>89392201953ffff>89392201827ffff>89392201823ffff>8939220183bffff>89392201833ffff>893922018abffff>893922018a3ffff>893922018b3ffff>89392201d4bffff>89392201d43ffff>89392201d5bffff>89392201d53ffff>89392201dcbffff>89392201ddbffff>89392201ca7ffff>8939220036bffff
20,78,373,220,373,1423.0,,21.803,61,8939220f397ffff>8939220f15bffff>8939220f027ffff>8939220f023ffff>8939220f027ffff>8939220f037ffff>8939220f1cbffff>8939220f1dbffff>8939220f1d3ffff>8939220f56fffff>8939220f567ffff>8939220f52bffff>8939220f523ffff>8939220f527ffff>8939220e253ffff>8939220e257ffff>8939220e2cfffff>8939220e21bffff>8939220e2c7ffff>8939220e28bffff>8939220e283ffff>8939220e293ffff>8939220e62fffff>8939220e627ffff>8939220e053ffff>8939220e0cbffff>8939220e0cfffff>8939220e0c7ffff>8939220e0cfffff>8939220e0c3ffff>8939220e0cbffff>8939220e0dbffff>8939220e6afffff>8939220e6a3ffff>8939220e6bbffff>8939220e687ffff>8939220e683ffff>8939220e693ffff>89392201967ffff>89392201977ffff>8939220190fffff>8939220190bffff>89392201957ffff>89392201953ffff>89392201827ffff>89392201823ffff>8939220183bffff>89392201833ffff>893922018abffff>893922018a3ffff>893922018b3ffff>89392201d4bffff>89392201d43ffff>89392201d5bffff>89392201d53ffff>89392201dcbffff>89392201ddbffff>89392201ca7ffff>8939220036bffff>89392200363ffff>89392200373ffff
20,79,373,220,373,1458.0,,21.435,60,8939220f397ffff>8939220f15bffff>8939220f027ffff>8939220f023ffff>8939220f027ffff>8939220f037ffff>8939220f1cbffff>8939220f1dbffff>8939220f1d3ffff>8939220f56fffff>8939220f567ffff>8939220f52bffff>8939220f523ffff>8939220f527ffff>8939220e253ffff>8939220e257ffff>8939220e2cfffff>8939220e21bffff>8939220e2c7ffff>8939220e28bffff>8939220e283ffff>8939220e293ffff>8939220e62fffff>8939220e627ffff>8939220e053ffff>8939220e0cbffff>8939220e0cfffff>8939220e0c7ffff>8939220e0cfffff>8939220e0c3ffff>8939220e0cbffff>8939220e0dbffff>8939220e6afffff>8939220e6a3ffff>8939220e6bbffff>8939220e687ffff>8939220e683ffff>8939220e693ffff>89392201967ffff>89392201977ffff>8939220190fffff>8939220190bffff>89392201957ffff>89392201953ffff>89392201827ffff>89392201823ffff>8939220183bffff>89392201833ffff>893922018abffff>893922018a3ffff>893922018b3ffff>89392201d4bffff>89392201d43ffff>89392201d5bffff>89392201d53ffff>89392201dcbffff>89392201ddbffff>89392201ca7ffff>8939220036bffff>89392200363ffff
20,80,366,213,366,1212.0,,20.361,57,8939220c69bffff>8939220c683ffff>8939220c693ffff>8939220c697ffff>8939220f12fffff>8939220f127ffff>8939220f123ffff>8939220f137ffff>8939220c4dbffff>8939220c4d3ffff>8939220e26bffff>8939220e27bffff>8939220e247ffff>8939220e243ffff>8939220e257ffff>8939220e2cfffff>8939220e21bffff>8939220e2c7ffff>8939220e28bffff>8939220e283ffff>8939220e293ffff>8939220e62fffff>8939220e627ffff>8939220e053ffff>8939220e0cbffff>8939220e0cfffff>8939220e0c7ffff>8939220e0cfffff>8939220e0c3ffff>8939220e0cbffff>8939220e0dbffff>8939220e6afffff>8939220e6a3ffff>8939220e6bbffff>8939220e687ffff>8939220e683ffff>8939220e693ffff>89392201967ffff>89392201977ffff>8939220190fffff>8939220190bffff>89392201957ffff>89392201953ffff>89392201827ffff>89392201823ffff>8939220183bffff>89392201833ffff>893922018abffff>893922018a3ffff>893922018b3ffff>89392201d4bffff>89392201d43ffff>89392201d5bffff>89392201d53ffff>89392201dcbffff>89392201ddbffff>89392201ca7ffff
20,81,365,212,365,1707.0,,20.372,57,8939220f1cbffff>8939220f1dbffff>8939220f1d3ffff>8939220f56fffff>8939220f567ffff>8939220f52bffff>8939220f523ffff>8939220f527ffff>8939220e253ffff>8939220e257ffff>8939220e2cfffff>8939220e21bffff>8939220e2c7ffff>8939220e28bffff>8939220e283ffff>8939220e293ffff>8939220e62fffff>8939220e627ffff>8939220e053ffff>8939220e0cbffff>8939220e0cfffff>8939220e0c7ffff>8939220e0cfffff>8939220e0c3ffff>8939220e0cbffff>8939220e0dbffff>8939220e637ffff>8939220e6afffff>8939220e6a3ffff>8939220e6bbffff>8939220e687ffff>8939220e683ffff>8939220e693ffff>89392201967ffff>89392201977ffff>8939220190fffff>8939220190bffff>89392201957ffff>89392201953ffff>89392201827ffff>89392201823ffff>8939220183bffff>89392201833ffff>893922018abffff>893922018a3ffff>893922018b3ffff>89392201d4bffff>89392201d43ffff>89392201d5bffff>89392201d53ffff>89392201dcbffff>89392201ddbffff>89392201ca7ffff>8939220036bffff>89392200363ffff>89392200373ffff>8939220037bffff
20,82,365,212,365,1210.0,,21.091,59,8939220c69bffff>8939220c683ffff>8939220c693ffff>8939220c697ffff>8939220f12fffff>8939220f127ffff>8939220f123ffff>8939220f137ffff>8939220c4dbffff>8939220c4d3ffff>8939220e26bffff>8939220e27bffff>8939220e247ffff>8939220e243ffff>8939220e257ffff>8939220e2cfffff>8939220e21bffff>8939220e2c7ffff>8939220e28bffff>8939220e283ffff>8939220e293ffff>8939220e62fffff>8939220e627ffff>8939220e053ffff>8939220e0cbffff>8939220e0cfffff>8939220e0c7ffff>8939220e0cfffff>8939220e0c3ffff>8939220e0cbffff>8939220e0dbffff>8939220e6afffff>8939220e6a3ffff>8939220e6bbffff>8939220e687ffff>8939220e683ffff>8939220e693ffff>89392201967ffff>89392201977ffff>8939220190fffff>8939220190bffff>89392201957ffff>89392201953ffff>89392201827ffff>89392201823ffff>8939220183bffff>89392201833ffff>893922018abffff>893922018a3ffff>893922018b3ffff>89392201d4bffff>89392201d43ffff>89392201d5bffff>89392201d53ffff>89392201dcbffff>89392201ddbffff>89392201ca7ffff>8939220036bffff>89392200363ffff
20,83,365,212,365,1307.0,,20.726,58,8939220c69bffff>8939220c683ffff>8939220c693ffff>8939220c697ffff>8939220f12fffff>8939220f127ffff>8939220f123ffff>8939220f137ffff>8939220c4dbffff>8939220c4d3ffff>8939220e26bffff>8939220e27bffff>8939220e247ffff>8939220e243ffff>8939220e257ffff>8939220e2cfffff>8939220e21bffff>8939220e2c7ffff>8939220e28bffff>8939220e283ffff>8939220e293ffff>8939220e62fffff>8939220e627ffff>8939220e053ffff>8939220e0cbffff>8939220e0cfffff>8939220e0c7ffff>8939220e0cfffff>8939220e0c3ffff>8939220e0cbffff>8939220e0dbffff>8939220e6afffff>8939220e6a3ffff>8939220e6bbffff>8939220e687ffff>8939220e683ffff>8939220e693ffff>89392201967ffff>89392201977ffff>8939220190fffff>8939220190bffff>89392201957ffff>89392201953ffff>89392201827ffff>89392201823ffff>8939220183bffff>89392201833ffff>893922018abffff>893922018a3ffff>893922018b3ffff>89392201d4bffff>89392201d43ffff>89392201d5bffff>89392201d53ffff>89392201dcbffff>89392201ddbffff>89392201ca7ffff>8939220036bffff
20,84,365,212,365,1574.0,,20.342,57,8939220f037ffff>8939220f1cbffff>8939220f1dbffff>8939220f1d3ffff>8939220f56fffff>8939220f567ffff>8939220f52bffff>8939220f523ffff>8939220f527ffff>8939220e253ffff>8939220e257ffff>8939220e2cfffff>8939220e21bffff>8939220e2c7ffff>8939220e28bffff>8939220e283ffff>8939220e293ffff>8939220e62fffff>8939220e627ffff>8939220e053ffff>8939220e0cbffff>8939220e0cfffff>8939220e0c7ffff>8939220e0cfffff>8939220e0c3ffff>8939220e0cbffff>8939220e637ffff>8939220e0dbffff>8939220e6afffff>8939220e6a3ffff>8939220e6bbffff>8939220e687ffff>8939220e683ffff>8939220e693ffff>89392201967ffff>89392201977ffff>8939220190fffff>8939220190bffff>89392201957ffff>89392201953ffff>89392201827ffff>89392201823ffff>8939220183bffff>89392201833ffff>893922018abffff>893922018a3ffff>893922018b3ffff>89392201d4bffff>89392201d43ffff>89392201d5bffff>89392201d53ffff>89392201dcbffff>89392201ddbffff>89392201ca7ffff>8939220036bffff>89392200363ffff>89392200373ffff
20,85,364,211,364,1300.0,,21.459,60,8939220c69bffff>8939220c683ffff>8939220c693ffff>8939220c697ffff>8939220f12fffff>8939220f127ffff>8939220f123ffff>8939220f137ffff>8939220c4dbffff>8939220c4d3ffff>8939220e26bffff>8939220e27bffff>8939220e247ffff>8939220e243ffff>8939220e257ffff>8939220e2cfffff>8939220e21bffff>8939220e2c7ffff>8939220e28bffff>8939220e283ffff>8939220e293ffff>8939220e62fffff>8939220e627ffff>8939220e053ffff>8939220e0cbffff>8939220e0cfffff>8939220e0c7ffff>8939220e0cfffff>8939220e0c3ffff>8939220e0cbffff>8939220e0dbffff>8939220e6afffff>8939220e6a3ffff>8939220e6bbffff>8939220e687ffff>8939220e683ffff>8939220e693ffff>89392201967ffff>89392201977ffff>8939220190fffff>8939220190bffff>89392201957ffff>89392201953ffff>89392201827ffff>89392201823ffff>8939220183bffff>89392201833ffff>893922018abffff>893922018a3ffff>893922018b3ffff>89392201d4bffff>89392201d43ffff>89392201d5bffff>89392201d53ffff>89392201dcbffff>89392201ddbffff>89392201ca7ffff>8939220036bffff>89392200363ffff>89392200373ffff
20,86,359,206,359,2226.0,,20.361,57,8939220f167ffff>8939220c69bffff>8939220c683ffff>8939220c693ffff>8939220c697ffff>8939220f12fffff>8939220f127ffff>8939220f123ffff>8939220f137ffff>8939220c4dbffff>8939220c4d3ffff>8939220e26bffff>8939220e27bffff>8939220e247ffff>8939220e243ffff>8939220e257ffff>8939220e2cfffff>8939220e21bffff>8939220e2c7ffff>8939220e28bffff>8939220e283ffff>8939220e293ffff>8939220e62fffff>8939220e627ffff>8939220e053ffff>8939220e0cbffff>8939220e0cfffff>8939220e0c7ffff>8939220e0cfffff>8939220e0c3ffff>8939220e0cbffff>8939220e0dbffff>8939220e6afffff>8939220e6a3ffff>8939220e6bbffff>8939220e687ffff>8939220e683ffff>8939220e693ffff>89392201967ffff>89392201977ffff>8939220190fffff>8939220190bffff>89392201957ffff>89392201953ffff>89392201827ffff>89392201823ffff>8939220183bffff>89392201833ffff>893922018abffff>893922018a3ffff>893922018b3ffff>89392201d4bffff>89392201d43ffff>89392201d5bffff>89392201d53ffff>89392201dcbffff>89392201ddbffff
20,87,358,205,358,1770.0,,20.729,58,8939220f167ffff>8939220c69bffff>8939220c683ffff>8939220c693ffff>8939220c697ffff>8939220f12fffff>8939220f127ffff>8939220f123ffff>8939220f137ffff>8939220c4dbffff>8939220c4d3ffff>8939220e26bffff>8939220e27bffff>8939220e247ffff>8939220e243ffff>8939220e257ffff>8939220e2cfffff>8939220e21bffff>8939220e2c7ffff>8939220e28bffff>8939220e283ffff>8939220e293ffff>8939220e62fffff>8939220e627ffff>8939220e053ffff>8939220e0cbffff>8939220e0cfffff>8939220e0c7ffff>8939220e0cfffff>8939220e0c3ffff>8939220e0cbffff>8939220e0dbffff>8939220e6afffff>8939220e6a3ffff>8939220e6bbffff>8939220e687ffff>8939220e683ffff>8939220e693ffff>89392201967ffff>89392201977ffff>8939220190fffff>8939220190bffff>89392201957ffff>89392201953ffff>89392201827ffff>89392201823ffff>8939220183bffff>89392201833ffff>893922018abffff>893922018a3ffff>893922018b3ffff>89392201d4bffff>89392201d43ffff>89392201d5bffff>89392201d53ffff>89392201dcbffff>89392201ddbffff>89392201ca7ffff
20,88,357,204,357,1574.0,,21.459,60,8939220f167ffff>8939220c69bffff>8939220c683ffff>8939220c693ffff>8939220c697ffff>8939220f12fffff>8939220f127ffff>8939220f123ffff>8939220f137ffff>8939220c4dbffff>8939220c4d3ffff>8939220e26bffff>8939220e27bffff>8939220e247ffff>8939220e243ffff>8939220e257ffff>8939220e2cfffff>8939220e21bffff>8939220e2c7ffff>8939220e28bffff>8939220e283ffff>8939220e293ffff>8939220e62fffff>8939220e627ffff>8939220e053ffff>8939220e0cbffff>8939220e0cfffff>8939220e0c7ffff>8939220e0cfffff>8939220e0c3ffff>8939220e0cbffff>8939220e0dbffff>8939220e6afffff>8939220e6a3ffff>8939220e6bbffff>8939220e687ffff>8939220e683ffff>8939220e693ffff>89392201967ffff>89392201977ffff>8939220190fffff>8939220190bffff>89392201957ffff>89392201953ffff>89392201827ffff>89392201823ffff>8939220183bffff>89392201833ffff>893922018abffff>893922018a3ffff>893922018b3ffff>89392201d4bffff>89392201d43ffff>89392201d5bffff>89392201d53ffff>89392201dcbffff>89392201ddbffff>89392201ca7ffff>8939220036bffff>89392200363ffff
20,89,357,204,357,1206.0,,21.094,59,8939220f167ffff>8939220c69bffff>8939220c683ffff>8939220c693ffff>8939220c697ffff>8939220f12fffff>8939220f127ffff>8939220f123ffff>8939220f137ffff>8939220c4dbffff>8939220c4d3ffff>8939220e26bffff>8939220e27bffff>8939220e247ffff>8939220e243ffff>8939220e257ffff>8939220e2cfffff>8939220e21bffff>8939220e2c7ffff>8939220e28bffff>8939220e283ffff>8939220e293ffff>8939220e62fffff>8939220e627ffff>8939220e053ffff>8939220e0cbffff>8939220e0cfffff>8939220e0c7ffff>8939220e0cfffff>8939220e0c3ffff>8939220e0cbffff>8939220e0dbffff>8939220e6afffff>8939220e6a3ffff>8939220e6bbffff>8939220e687ffff>8939220e683ffff>8939220e693ffff>89392201967ffff>89392201977ffff>8939220190fffff>8939220190bffff>89392201957ffff>89392201953ffff>89392201827ffff>89392201823ffff>8939220183bffff>89392201833ffff>893922018abffff>893922018a3ffff>893922018b3ffff>89392201d4bffff>89392201d43ffff>89392201d5bffff>89392201d53ffff>89392201dcbffff>89392201ddbffff>89392201ca7ffff>8939220036bffff
20,90,356,203,356,1414.0,,21.827,61,8939220f167ffff>8939220c69bffff>8939220c683ffff>8939220c693ffff>8939220c697ffff>8939220f12fffff>8939220f127ffff>8939220f123ffff>8939220f137ffff>8939220c4dbffff>8939220c4d3ffff>8939220e26bffff>8939220e27bffff>8939220e247ffff>8939220e243ffff>8939220e257ffff>8939220e2cfffff>8939220e21bffff>8939220e2c7ffff>8939220e28bffff>8939220e283ffff>8939220e293ffff>8939220e62fffff>8939220e627ffff>8939220e053ffff>8939220e0cbffff>8939220e0cfffff>8939220e0c7ffff>8939220e0cfffff>8939220e0c3ffff>8939220e0cbffff>8939220e0dbffff>8939220e6afffff>8939220e6a3ffff>8939220e6bbffff>8939220e687ffff>8939220e683ffff>8939220e693ffff>89392201967ffff>89392201977ffff>8939220190fffff>8939220190bffff>89392201957ffff>89392201953ffff>89392201827ffff>89392201823ffff>8939220183bffff>89392201833ffff>893922018abffff>893922018a3ffff>893922018b3ffff>89392201d4bffff>89392201d43ffff>89392201d5bffff>89392201d53ffff>89392201dcbffff>89392201ddbffff>89392201ca7ffff>8939220036bffff>89392200363ffff>89392200373ffff
20,91,354,201,354,1490.0,,20.001,56,8939220f123ffff>8939220f137ffff>8939220c4dbffff>8939220c4d3ffff>8939220e26bffff>8939220e27bffff>8939220e247ffff>8939220e243ffff>8939220e257ffff>8939220e253ffff>8939220e257ffff>8939220e2cfffff>8939220e21bffff>8939220e2c7ffff>8939220e28bffff>8939220e283ffff>8939220e293ffff>8939220e62fffff>8939220e627ffff>8939220e053ffff>8939220e0cbffff>8939220e0cfffff>8939220e0c7ffff>8939220e0cfffff>8939220e0c3ffff>8939220e0cbffff>8939220e0dbffff>8939220e6afffff>8939220e6a3ffff>8939220e6bbffff>8939220e687ffff>8939220e683ffff>8939220e693ffff>89392201967ffff>89392201977ffff>8939220190fffff>8939220190bffff>89392201957ffff>89392201953ffff>89392201827ffff>89392201823ffff>8939220183bffff>89392201833ffff>893922018abffff>893922018a3ffff>893922018b3ffff>89392201d4bffff>89392201d43ffff>89392201d5bffff>89392201d53ffff>89392201dcbffff>89392201ddbffff>89392201ca7ffff>8939220036bffff>89392200363ffff>89392200373ffff
20,92,351,198,351,1069.0,,20.358,57,8939220f127ffff>8939220f123ffff>8939220f137ffff>8939220c4dbffff>8939220c4d3ffff>8939220e26bffff>8939220e27bffff>8939220e247ffff>8939220e243ffff>8939220e257ffff>8939220e253ffff>8939220e257ffff>8939220e2cfffff>8939220e21bffff>8939220e2c7ffff>8939220e28bffff>8939220e283ffff>8939220e293ffff>8939220e62fffff>8939220e627ffff>8939220e053ffff>8939220e0cbffff>8939220e0cfffff>8939220e0c7ffff>8939220e0cfffff>8939220e0c3ffff>8939220e0cbffff>8939220e0dbffff>8939220e6afffff>8939220e6a3ffff>8939220e6bbffff>8939220e687ffff>8939220e683ffff>8939220e693ffff>89392201967ffff>89392201977ffff>8939220190fffff>8939220190bffff>89392201957ffff>89392201953ffff>89392201827ffff>89392201823ffff>8939220183bffff>89392201833ffff>893922018abffff>893922018a3ffff>893922018b3ffff>89392201d4bffff>89392201d43ffff>89392201d5bffff>89392201d53ffff>89392201dcbffff>89392201ddbffff>89392201ca7ffff>8939220036bffff>89392200363ffff>89392200373ffff
20,93,348,195,348,1469.0,,20.723,58,8939220c697ffff>8939220f12fffff>8939220f127ffff>8939220f123ffff>8939220f137ffff>8939220c4dbffff>8939220c4d3ffff>8939220e26bffff>8939220e27bffff>8939220e247ffff>8939220e243ffff>8939220e257ffff>8939220e253ffff>8939220e257ffff>8939220e2cfffff>8939220e21bffff>8939220e2c7ffff>8939220e28bffff>8939220e283ffff>8939220e293ffff>8939220e62fffff>8939220e627ffff>8939220e053ffff>8939220e0cbffff>8939220e0cfffff>8939220e0c7ffff>8939220e0cfffff>8939220e0c3ffff>8939220e0cbffff>8939220e0dbffff>8939220e6afffff>8939220e6a3ffff>8939220e6bbffff>8939220e687ffff>8939220e683ffff>8939220e693ffff>89392201967ffff>89392201977ffff>8939220190fffff>8939220190bffff>89392201957ffff>89392201953ffff>89392201827ffff>89392201823ffff>8939220183bffff>89392201833ffff>893922018abffff>893922018a3ffff>893922018b3ffff>89392201d4bffff>89392201d43ffff>89392201d5bffff>89392201d53ffff>89392201dcbffff>89392201ddbffff>89392201ca7ffff>8939220036bffff>89392200363ffff
20,94,348,195,348,1548.0,,20.358,57,8939220c697ffff>8939220f12fffff>8939220f127ffff>8939220f123ffff>8939220f137ffff>8939220c4dbffff>8939220c4d3ffff>8939220e26bffff>8939220e27bffff>8939220e247ffff>8939220e243ffff>8939220e257ffff>8939220e253ffff>8939220e257ffff>8939220e2cfffff>8939220e21bffff>8939220e2c7ffff>8939220e28bffff>8939220e283ffff>8939220e293ffff>8939220e62fffff>8939220e627ffff>8939220e053ffff>8939220e0cbffff>8939220e0cfffff>8939220e0c7ffff>8939220e0cfffff>8939220e0c3ffff>8939220e0cbffff>8939220e0dbffff>8939220e6afffff>8939220e6a3ffff>8939220e6bbffff>8939220e687ffff>8939220e683ffff>8939220e693ffff>89392201967ffff>89392201977ffff>8939220190fffff>8939220190bffff>89392201957ffff>89392201953ffff>89392201827ffff>89392201823ffff>8939220183bffff>89392201833ffff>893922018abffff>893922018a3ffff>893922018b3ffff>89392201d4bffff>89392201d43ffff>89392201d5bffff>89392201d53ffff>89392201dcbffff>89392201ddbffff>89392201ca7ffff>8939220036bffff
20,95,348,195,348,1194.0,,20.356,57,8939220f12fffff>8939220f127ffff>8939220f123ffff>8939220f137ffff>8939220c4dbffff>8939220c4d3ffff>8939220e26bffff>8939220e27bffff>8939220e247ffff>8939220e243ffff>8939220e257ffff>8939220e253ffff>8939220e257ffff>8939220e2cfffff>8939220e21bffff>8939220e2c7ffff>8939220e28bffff>8939220e283ffff>8939220e293ffff>8939220e62fffff>8939220e627ffff>8939220e053ffff>8939220e0cbffff>8939220e0cfffff>8939220e0c7ffff>8939220e0cfffff>8939220e0c3ffff>8939220e0cbffff>8939220e0dbffff>8939220e6afffff>8939220e6a3ffff>8939220e6bbffff>8939220e687ffff>8939220e683ffff>8939220e693ffff>89392201967ffff>89392201977ffff>8939220190fffff>8939220190bffff>89392201957ffff>89392201953ffff>89392201827ffff>89392201823ffff>8939220183bffff>89392201833ffff>893922018abffff>893922018a3ffff>893922018b3ffff>89392201d4bffff>89392201d43ffff>89392201d5bffff>89392201d53ffff>89392201dcbffff>89392201ddbffff>89392201ca7ffff>8939220036bffff>89392200363ffff
20,96,348,195,348,1329.0,,20.723,58,8939220f12fffff>8939220f127ffff>8939220f123ffff>8939220f137ffff>8939220c4dbffff>8939220c4d3ffff>8939220e26bffff>8939220e27bffff>8939220e247ffff>8939220e243ffff>8939220e257ffff>8939220e253ffff>8939220e257ffff>8939220e2cfffff>8939220e21bffff>8939220e2c7ffff>8939220e28bffff>8939220e283ffff>8939220e293ffff>8939220e62fffff>8939220e627ffff>8939220e053ffff>8939220e0cbffff>8939220e0cfffff>8939220e0c7ffff>8939220e0cfffff>8939220e0c3ffff>8939220e0cbffff>8939220e0dbffff>8939220e6afffff>8939220e6a3ffff>8939220e6bbffff>8939220e687ffff>8939220e683ffff>8939220e693ffff>89392201967ffff>89392201977ffff>8939220190fffff>8939220190bffff>89392201957ffff>89392201953ffff>89392201827ffff>89392201823ffff>8939220183bffff>89392201833ffff>893922018abffff>893922018a3ffff>893922018b3ffff>89392201d4bffff>89392201d43ffff>89392201d5bffff>89392201d53ffff>89392201dcbffff>89392201ddbffff>89392201ca7ffff>8939220036bffff>89392200363ffff>89392200373ffff
20,97,348,195,348,1767.0,,21.091,59,8939220c697ffff>8939220f12fffff>8939220f127ffff>8939220f123ffff>8939220f137ffff>8939220c4dbffff>8939220c4d3ffff>8939220e26bffff>8939220e27bffff>8939220e247ffff>8939220e243ffff>8939220e257ffff>8939220e253ffff>8939220e257ffff>8939220e2cfffff>8939220e21bffff>8939220e2c7ffff>8939220e28bffff>8939220e283ffff>8939220e293ffff>8939220e62fffff>8939220e627ffff>8939220e053ffff>8939220e0cbffff>8939220e0cfffff>8939220e0c7ffff>8939220e0cfffff>8939220e0c3ffff>8939220e0cbffff>8939220e0dbffff>8939220e6afffff>8939220e6a3ffff>8939220e6bbffff>8939220e687ffff>8939220e683ffff>8939220e693ffff>89392201967ffff>89392201977ffff>8939220190fffff>8939220190bffff>89392201957ffff>89392201953ffff>89392201827ffff>89392201823ffff>8939220183bffff>89392201833ffff>893922018abffff>893922018a3ffff>893922018b3ffff>89392201d4bffff>89392201d43ffff>89392201d5bffff>89392201d53ffff>89392201dcbffff>89392201ddbffff>89392201ca7ffff>8939220036bffff>89392200363ffff>89392200373ffff
20,98,337,184,337,1179.0,,20.729,58,8939220f037ffff>8939220f1cbffff>8939220f1dbffff>8939220f1d3ffff>8939220f56fffff>8939220f567ffff>8939220f52bffff>8939220f523ffff>8939220f527ffff>8939220e253ffff>8939220e257ffff>8939220e2cfffff>8939220e21bffff>8939220e2c7ffff>8939220e28bffff>8939220e283ffff>8939220e293ffff>8939220e62fffff>8939220e627ffff>8939220e053ffff>8939220e0cbffff>8939220e0cfffff>8939220e0c7ffff>8939220e0cfffff>8939220e0c3ffff>8939220e0cbffff>8939220e0dbffff>8939220e637ffff>8939220e6afffff>8939220e6a3ffff>8939220e6bbffff>8939220e687ffff>8939220e683ffff>8939220e693ffff>89392201967ffff>89392201977ffff>8939220190fffff>8939220190bffff>89392201957ffff>89392201953ffff>89392201827ffff>89392201823ffff>8939220183bffff>89392201833ffff>893922018abffff>893922018a3ffff>893922018b3ffff>89392201d4bffff>89392201d43ffff>89392201d5bffff>89392201d53ffff>89392201dcbffff>89392201ddbffff>89392201ca7ffff>8939220036bffff>89392200363ffff>89392200373ffff>8939220037bffff
20,99,335,182,335,1476.0,,20.001,56,8939220c69bffff>8939220c683ffff>8939220c697ffff>8939220f12fffff>8939220f127ffff>8939220f123ffff>8939220f137ffff>8939220c4dbffff>8939220c4d3ffff>8939220e26bffff>8939220e27bffff>8939220e247ffff>8939220e243ffff>8939220e257ffff>8939220e2cfffff>8939220e21bffff>8939220e2c7ffff>8939220e28bffff>8939220e283ffff>8939220e293ffff>8939220e62fffff>8939220e627ffff>8939220e053ffff>8939220e0cbffff>8939220e0cfffff>8939220e0c7ffff>8939220e0cfffff>8939220e0c3ffff>8939220e0cbffff>8939220e0dbffff>8939220e6afffff>8939220e6a3ffff>8939220e6bbffff>8939220e687ffff>8939220e683ffff>8939220e693ffff>89392201967ffff>89392201977ffff>8939220190fffff>8939220190bffff>89392201957ffff>89392201953ffff>89392201827ffff>89392201823ffff>8939220183bffff>89392201833ffff>893922018abffff>893922018a3ffff>893922018b3ffff>89392201d4bffff>89392201d43ffff>89392201d5bffff>89392201d53ffff>89392201dcbffff>89392201ddbffff>89392201ca7ffff
20,100,335,182,335,1480.0,,20.731,58,8939220c69bffff>8939220c683ffff>8939220c697ffff>8939220f12fffff>8939220f127ffff>8939220f123ffff>8939220f137ffff>8939220c4dbffff>8939220c4d3ffff>8939220e26bffff>8939220e27bffff>8939220e247ffff>8939220e243ffff>8939220e257ffff>8939220e2cfffff>8939220e21bffff>8939220e2c7ffff>8939220e28bffff>8939220e283ffff>8939220e293ffff>8939220e62fffff>8939220e627ffff>8939220e053ffff>8939220e0cbffff>8939220e0cfffff>8939220e0c7ffff>8939220e0cfffff>8939220e0c3ffff>8939220e0cbffff>8939220e0dbffff>8939220e6afffff>8939220e6a3ffff>8939220e6bbffff>8939220e687ffff>8939220e683ffff>8939220e693ffff>89392201967ffff>89392201977ffff>8939220190fffff>8939220190bffff>89392201957ffff>89392201953ffff>89392201827ffff>89392201823ffff>8939220183bffff>89392201833ffff>893922018abffff>893922018a3ffff>893922018b3ffff>89392201d4bffff>89392201d43ffff>89392201d5bffff>89392201d53ffff>89392201dcbffff>89392201ddbffff>89392201ca7ffff>8939220036bffff>89392200363ffff
