min_len_km,rank,support,length_km,n_cells,cluster_size,members_with_run,subroute
1,1,81039,1.104,4,7,7,8939220f00fffff>8939220f003ffff>8939220f013ffff>8939220f08bffff
1,2,68133,1.098,4,9,9,8939220f1cbffff>8939220f1dbffff>8939220f1d3ffff>8939220f56fffff
1,3,67825,1.079,4,6,6,8939220f00fffff>8939220f03bffff>8939220f077ffff>8939220f02bffff
1,4,63481,1.079,4,21,21,8939220f03bffff>8939220f077ffff>8939220f02bffff>8939220f02fffff
1,5,62616,1.461,5,4,3,8939220f00fffff>8939220f003ffff>8939220f013ffff>8939220f08bffff>8939220f0d7ffff
1,6,58263,5.123,15,139,137,8939220183bffff>89392201833ffff>893922018abffff>893922018a3ffff>893922018b3ffff>89392201d4bffff>89392201d43ffff>89392201d5bffff>89392201d53ffff>89392201dcbffff>89392201ddbffff>89392201ca7ffff>8939220036bffff>89392200363ffff>89392200373ffff
1,7,58263,5.123,15,19,18,8939220183bffff>89392201833ffff>893922018abffff>893922018a3ffff>893922018b3ffff>89392201d4bffff>89392201d43ffff>89392201d5bffff>89392201d53ffff>89392201dcbffff>89392201ddbffff>89392201ca7ffff>8939220036bffff>89392200363ffff>89392200373ffff
1,8,54490,1.439,5,13,9,8939220f027ffff>8939220f023ffff>8939220f03bffff>8939220f00fffff>8939220f003ffff
1,9,50934,1.458,5,6,4,8939220f027ffff>8939220f037ffff>8939220f1cbffff>8939220f1dbffff>8939220f1d3ffff
1,10,48303,1.823,6,22,20,8939220f027ffff>8939220f037ffff>8939220f1cbffff>8939220f1dbffff>8939220f1d3ffff>8939220f56fffff
1,11,45578,1.439,5,9,8,8939220f08bffff>8939220f0d7ffff>8939220f0d3ffff>8939220f46bffff>8939220f6b7ffff
1,12,44614,2.185,7,12,9,8939220f037ffff>8939220f1cbffff>8939220f1dbffff>8939220f1d3ffff>8939220f56fffff>8939220f567ffff>8939220f52bffff
1,13,42990,1.079,4,3,3,8939220f02fffff>8939220f393ffff>8939220f397ffff>8939220f14bffff
1,14,42958,1.079,4,21,21,8939220f02bffff>8939220f02fffff>8939220f393ffff>8939220f397ffff
1,15,38307,2.175,7,6,4,8939220f023ffff>8939220f03bffff>8939220f00fffff>8939220f003ffff>8939220f013ffff>8939220f08bffff>8939220f0d7ffff
1,16,38084,1.09,4,5,5,8939220f167ffff>8939220f12bffff>8939220f177ffff>8939220f10fffff
1,17,37814,1.797,6,45,43,8939220f08bffff>8939220f0d7ffff>8939220f0d3ffff>8939220f46bffff>8939220f6b7ffff>8939220f6b3ffff
1,18,37814,1.797,6,7,5,8939220f08bffff>8939220f0d7ffff>8939220f0d3ffff>8939220f46bffff>8939220f6b7ffff>8939220f6b3ffff
1,19,34282,2.175,7,122,81,8939220f027ffff>8939220f023ffff>8939220f03bffff>8939220f00fffff>8939220f003ffff>8939220f013ffff>8939220f08bffff
1,20,33876,1.104,4,23,18,8939220f08bffff>8939220f013ffff>8939220f003ffff>8939220f00fffff
1,21,33800,1.093,4,4,4,8939220f067ffff>8939220f063ffff>8939220f073ffff>8939220f00bffff
1,22,33209,1.082,4,3,3,8939220f477ffff>8939220f473ffff>8939220f447ffff>8939220f457ffff
1,23,32113,1.818,6,11,9,8939220f067ffff>8939220f063ffff>8939220f073ffff>8939220f00bffff>8939220f057ffff>8939220f0cfffff
1,24,30677,1.101,4,3,3,8939220f00fffff>8939220f003ffff>8939220f013ffff>8939220f08fffff
1,25,27965,8.002,23,78,76,89392201967ffff>89392201977ffff>8939220190fffff>8939220190bffff>89392201957ffff>89392201953ffff>89392201827ffff>89392201823ffff>8939220183bffff>89392201833ffff>893922018abffff>893922018a3ffff>893922018b3ffff>89392201d4bffff>89392201d43ffff>89392201d5bffff>89392201d53ffff>89392201dcbffff>89392201ddbffff>89392201ca7ffff>8939220036bffff>89392200363ffff>89392200373ffff
1,26,27965,8.002,23,7,6,89392201967ffff>89392201977ffff>8939220190fffff>8939220190bffff>89392201957ffff>89392201953ffff>89392201827ffff>89392201823ffff>8939220183bffff>89392201833ffff>893922018abffff>893922018a3ffff>893922018b3ffff>89392201d4bffff>89392201d43ffff>89392201d5bffff>89392201d53ffff>89392201dcbffff>89392201ddbffff>89392201ca7ffff>8939220036bffff>89392200363ffff>89392200373ffff
1,27,26943,1.461,5,3,3,8939220f0d7ffff>8939220f08bffff>8939220f013ffff>8939220f003ffff>8939220f00fffff
1,28,26622,2.9,9,65,51,8939220f00fffff>8939220f003ffff>8939220f013ffff>8939220f08bffff>8939220f0d7ffff>8939220f0d3ffff>8939220f46bffff>8939220f6b7ffff>8939220f6b3ffff
1,29,25880,2.172,7,155,94,8939220f013ffff>8939220f003ffff>8939220f00fffff>8939220f03bffff>8939220f077ffff>8939220f02bffff>8939220f02fffff
1,30,24647,1.437,5,158,99,8939220f02fffff>8939220f027ffff>8939220f023ffff>8939220f03bffff>8939220f00fffff
1,31,24376,2.183,7,19,15,8939220f08bffff>8939220f013ffff>8939220f003ffff>8939220f00fffff>8939220f03bffff>8939220f077ffff>8939220f02bffff
1,32,24148,1.797,6,14,12,8939220f6b3ffff>8939220f6b7ffff>8939220f46bffff>8939220f0d3ffff>8939220f0d7ffff>8939220f08bffff
1,33,23399,2.175,7,20,17,8939220f02bffff>8939220f02fffff>8939220f023ffff>8939220f027ffff>8939220f037ffff>8939220f1cbffff>8939220f1dbffff
1,34,23110,8.359,24,4,4,8939220e693ffff>89392201967ffff>89392201977ffff>8939220190fffff>8939220190bffff>89392201957ffff>89392201953ffff>89392201827ffff>89392201823ffff>8939220183bffff>89392201833ffff>893922018abffff>893922018a3ffff>893922018b3ffff>89392201d4bffff>89392201d43ffff>89392201d5bffff>89392201d53ffff>89392201dcbffff>89392201ddbffff>89392201ca7ffff>8939220036bffff>89392200363ffff>89392200373ffff
1,35,22856,1.082,4,6,6,8939220f57bffff>8939220f563ffff>8939220f56fffff>8939220f19bffff
1,36,22702,1.095,4,3,2,8939220f10bffff>8939220f103ffff>8939220f117ffff>8939220f1bbffff
1,37,22194,2.889,9,30,20,8939220f027ffff>8939220f023ffff>8939220f03bffff>8939220f00fffff>8939220f003ffff>8939220f013ffff>8939220f08bffff>8939220f0d7ffff>8939220f0d3ffff
1,38,22031,1.101,4,4,4,8939220f19bffff>8939220f567ffff>8939220f56fffff>8939220f563ffff
1,39,22007,5.488,16,11,7,8939220183bffff>89392201833ffff>893922018abffff>893922018a3ffff>893922018b3ffff>89392201d4bffff>89392201d43ffff>89392201d5bffff>89392201d53ffff>89392201dcbffff>89392201ddbffff>89392201ca7ffff>8939220036bffff>89392200363ffff>89392200373ffff>8939220037bffff
1,40,22007,5.488,16,4,3,8939220183bffff>89392201833ffff>893922018abffff>893922018a3ffff>893922018b3ffff>89392201d4bffff>89392201d43ffff>89392201d5bffff>89392201d53ffff>89392201dcbffff>89392201ddbffff>89392201ca7ffff>8939220036bffff>89392200363ffff>89392200373ffff>8939220037bffff
1,41,21926,1.813,6,10,8,8939220f013ffff>8939220f08bffff>8939220f0d7ffff>8939220f0d3ffff>8939220f46fffff>8939220f467ffff
1,42,21556,1.466,5,4,3,8939220f003ffff>8939220f013ffff>8939220f08fffff>8939220f083ffff>8939220f097ffff
1,43,21130,1.09,4,5,5,8939220f023ffff>8939220f02fffff>8939220f02bffff>8939220f067ffff
1,44,20905,1.093,4,5,5,8939220f1cbffff>8939220f1dbffff>8939220f0a7ffff>8939220f0a3ffff
1,45,20789,1.813,6,28,21,8939220f08bffff>8939220f0d7ffff>8939220f0d3ffff>8939220f46fffff>8939220f467ffff>8939220f477ffff
1,46,20756,2.175,7,8,6,8939220f0d3ffff>8939220f0d7ffff>8939220f08bffff>8939220f013ffff>8939220f003ffff>8939220f00fffff>8939220f03bffff
1,47,20685,1.079,4,6,6,8939220f083ffff>8939220f087ffff>8939220f08fffff>8939220f0bbffff
1,48,20552,1.837,6,44,39,8939220f03bffff>8939220f007ffff>8939220f00fffff>8939220f003ffff>8939220f013ffff>8939220f08bffff
1,49,19808,3.257,10,48,36,8939220f023ffff>8939220f03bffff>8939220f00fffff>8939220f003ffff>8939220f013ffff>8939220f08bffff>8939220f0d7ffff>8939220f0d3ffff>8939220f46bffff>8939220f6b7ffff
1,50,19490,10.176,29,185,140,8939220e6afffff>8939220e6a3ffff>8939220e6bbffff>8939220e687ffff>8939220e683ffff>8939220e693ffff>89392201967ffff>89392201977ffff>8939220190fffff>8939220190bffff>89392201957ffff>89392201953ffff>89392201827ffff>89392201823ffff>8939220183bffff>89392201833ffff>893922018abffff>893922018a3ffff>893922018b3ffff>89392201d4bffff>89392201d43ffff>89392201d5bffff>89392201d53ffff>89392201dcbffff>89392201ddbffff>89392201ca7ffff>8939220036bffff>89392200363ffff>89392200373ffff
1,51,19490,10.176,29,24,17,8939220e6afffff>8939220e6a3ffff>8939220e6bbffff>8939220e687ffff>8939220e683ffff>8939220e693ffff>89392201967ffff>89392201977ffff>8939220190fffff>8939220190bffff>89392201957ffff>89392201953ffff>89392201827ffff>89392201823ffff>8939220183bffff>89392201833ffff>893922018abffff>893922018a3ffff>893922018b3ffff>89392201d4bffff>89392201d43ffff>89392201d5bffff>89392201d53ffff>89392201dcbffff>89392201ddbffff>89392201ca7ffff>8939220036bffff>89392200363ffff>89392200373ffff
1,52,19490,10.176,29,389,308,8939220e6afffff>8939220e6a3ffff>8939220e6bbffff>8939220e687ffff>8939220e683ffff>8939220e693ffff>89392201967ffff>89392201977ffff>8939220190fffff>8939220190bffff>89392201957ffff>89392201953ffff>89392201827ffff>89392201823ffff>8939220183bffff>89392201833ffff>893922018abffff>893922018a3ffff>893922018b3ffff>89392201d4bffff>89392201d43ffff>89392201d5bffff>89392201d53ffff>89392201dcbffff>89392201ddbffff>89392201ca7ffff>8939220036bffff>89392200363ffff>89392200373ffff
1,53,19490,10.176,29,59,48,8939220e6afffff>8939220e6a3ffff>8939220e6bbffff>8939220e687ffff>8939220e683ffff>8939220e693ffff>89392201967ffff>89392201977ffff>8939220190fffff>8939220190bffff>89392201957ffff>89392201953ffff>89392201827ffff>89392201823ffff>8939220183bffff>89392201833ffff>893922018abffff>893922018a3ffff>893922018b3ffff>89392201d4bffff>89392201d43ffff>89392201d5bffff>89392201d53ffff>89392201dcbffff>89392201ddbffff>89392201ca7ffff>8939220036bffff>89392200363ffff>89392200373ffff
1,54,19490,10.176,29,12,8,8939220e6afffff>8939220e6a3ffff>8939220e6bbffff>8939220e687ffff>8939220e683ffff>8939220e693ffff>89392201967ffff>89392201977ffff>8939220190fffff>8939220190bffff>89392201957ffff>89392201953ffff>89392201827ffff>89392201823ffff>8939220183bffff>89392201833ffff>893922018abffff>893922018a3ffff>893922018b3ffff>89392201d4bffff>89392201d43ffff>89392201d5bffff>89392201d53ffff>89392201dcbffff>89392201ddbffff>89392201ca7ffff>8939220036bffff>89392200363ffff>89392200373ffff
1,55,19490,10.176,29,4,3,8939220e6afffff>8939220e6a3ffff>8939220e6bbffff>8939220e687ffff>8939220e683ffff>8939220e693ffff>89392201967ffff>89392201977ffff>8939220190fffff>8939220190bffff>89392201957ffff>89392201953ffff>89392201827ffff>89392201823ffff>8939220183bffff>89392201833ffff>893922018abffff>893922018a3ffff>893922018b3ffff>89392201d4bffff>89392201d43ffff>89392201d5bffff>89392201d53ffff>89392201dcbffff>89392201ddbffff>89392201ca7ffff>8939220036bffff>89392200363ffff>89392200373ffff
1,56,18723,3.601,11,6,5,8939220f523ffff>8939220f533ffff>8939220f5abffff>8939220f517ffff>8939220f513ffff>8939220f5c7ffff>8939220f5c3ffff>8939220f5dbffff>8939220f4afffff>8939220f4abffff>8939220f407ffff
1,57,17997,1.439,5,5,5,8939220f15bffff>8939220f027ffff>8939220f023ffff>8939220f03bffff>8939220f00fffff
1,58,17983,3.23,10,7,6,8939220f40bffff>8939220f403ffff>8939220f407ffff>8939220f4abffff>8939220f4afffff>8939220f5dbffff>8939220f5c3ffff>8939220f5c7ffff>8939220f513ffff>8939220f517ffff
1,59,17601,1.09,4,10,7,8939220f097ffff>8939220f083ffff>8939220f093ffff>8939220f467ffff
1,60,17522,1.469,5,7,7,8939220f083ffff>8939220f08fffff>8939220f013ffff>8939220f003ffff>8939220f00fffff
1,61,17202,2.18,7,23,18,8939220f167ffff>8939220f12bffff>8939220f177ffff>8939220f10fffff>8939220f10bffff>8939220f147ffff>8939220f157ffff
1,62,17108,1.087,4,3,3,8939220f157ffff>8939220f10bffff>8939220f103ffff>8939220f117ffff
1,63,16916,1.45,5,4,3,8939220f1dbffff>8939220f0a7ffff>8939220f0a3ffff>8939220f0bbffff>8939220f087ffff
1,64,16654,1.45,5,3,2,8939220f0bbffff>8939220f0a3ffff>8939220f0afffff>8939220f1dbffff>8939220f1cbffff
1,65,16495,2.183,7,9,6,8939220f00fffff>8939220f003ffff>8939220f013ffff>8939220f08bffff>8939220f0d7ffff>8939220f0d3ffff>8939220f46fffff
1,66,16455,1.455,5,8,8,8939220f083ffff>8939220f097ffff>8939220f55bffff>8939220f427ffff>8939220f423ffff
1,67,16380,1.429,5,5,4,8939220f6b3ffff>8939220f687ffff>8939220f683ffff>8939220f69bffff>8939220a96fffff
1,68,16373,2.905,9,80,65,8939220f02bffff>8939220f02fffff>8939220f023ffff>8939220f027ffff>8939220f037ffff>8939220f1cbffff>8939220f1dbffff>8939220f1d3ffff>8939220f56fffff
1,69,16373,1.082,4,3,3,8939220f0afffff>8939220f1dbffff>8939220f0a7ffff>8939220f1d3ffff
1,70,16364,3.646,11,4,3,8939220c697ffff>8939220f12fffff>8939220f127ffff>8939220f123ffff>8939220f137ffff>8939220c4dbffff>8939220c4d3ffff>8939220e26bffff>8939220e27bffff>8939220e247ffff>8939220e243ffff
1,71,16090,4.37,13,32,24,8939220f167ffff>8939220c69bffff>8939220c683ffff>8939220c693ffff>8939220c697ffff>8939220f12fffff>8939220f127ffff>8939220f123ffff>8939220f137ffff>8939220c4dbffff>8939220c4d3ffff>8939220e26bffff>8939220e27bffff
1,72,16090,4.37,13,7,5,8939220f167ffff>8939220c69bffff>8939220c683ffff>8939220c693ffff>8939220c697ffff>8939220f12fffff>8939220f127ffff>8939220f123ffff>8939220f137ffff>8939220c4dbffff>8939220c4d3ffff>8939220e26bffff>8939220e27bffff
1,73,15893,1.447,5,3,3,8939220f12bffff>8939220f177ffff>8939220f10fffff>8939220f10bffff>8939220f103ffff
1,74,15885,1.09,4,3,3,8939220f023ffff>8939220f02fffff>8939220f393ffff>8939220f397ffff
1,75,15507,1.087,4,7,7,8939220f067ffff>8939220f02bffff>8939220f02fffff>8939220f393ffff
1,76,15338,3.955,12,20,14,8939220f40bffff>8939220f403ffff>8939220f407ffff>8939220f4abffff>8939220f4afffff>8939220f5dbffff>8939220f5c3ffff>8939220f5c7ffff>8939220f513ffff>8939220f517ffff>8939220f5abffff>8939220f533ffff
1,77,15089,2.9,9,35,26,8939220f6b3ffff>8939220f6b7ffff>8939220f46bffff>8939220f0d3ffff>8939220f0d7ffff>8939220f08bffff>8939220f013ffff>8939220f003ffff>8939220f00fffff
1,78,15033,2.908,9,114,91,8939220f067ffff>8939220f063ffff>8939220f073ffff>8939220f00bffff>8939220f057ffff>8939220f0cfffff>8939220f0c7ffff>8939220f013ffff>8939220f08bffff
1,79,15033,2.908,9,4,4,8939220f067ffff>8939220f063ffff>8939220f073ffff>8939220f00bffff>8939220f057ffff>8939220f0cfffff>8939220f0c7ffff>8939220f013ffff>8939220f08bffff
1,80,14896,1.082,4,8,8,8939220f19bffff>8939220f18bffff>8939220f18fffff>8939220f1bbffff
1,81,14456,2.162,7,112,94,8939220f083ffff>8939220f087ffff>8939220f08fffff>8939220f0bbffff>8939220f0a3ffff>8939220f0afffff>8939220f1dbffff
1,82,14422,2.159,7,81,57,8939220f00fffff>8939220f03bffff>8939220f077ffff>8939220f02bffff>8939220f02fffff>8939220f393ffff>8939220f397ffff
1,83,14418,1.804,6,8,8,8939220f03bffff>8939220f077ffff>8939220f02bffff>8939220f02fffff>8939220f023ffff>8939220f027ffff
1,84,14118,4.034,12,5,4,8939220f40bffff>8939220f403ffff>8939220f407ffff>8939220f417ffff>8939220f48fffff>8939220f483ffff>8939220f493ffff>89392201a2bffff>89392201a3bffff>89392201a07ffff>89392201a17ffff>89392201a8fffff
1,85,14073,1.826,6,10,10,8939220f19bffff>8939220f567ffff>8939220f56fffff>8939220f563ffff>8939220f57bffff>8939220f547ffff
1,86,13995,2.537,8,73,46,8939220f027ffff>8939220f023ffff>8939220f027ffff>8939220f037ffff>8939220f1cbffff>8939220f1dbffff>8939220f1d3ffff>8939220f56fffff
1,87,13902,2.172,7,40,24,8939220f027ffff>8939220f023ffff>8939220f03bffff>8939220f00fffff>8939220f003ffff>8939220f013ffff>8939220f08fffff
1,88,13856,6.578,19,51,39,89392201847ffff>89392201873ffff>8939220180fffff>89392201877ffff>8939220183bffff>89392201833ffff>893922018abffff>893922018a3ffff>893922018b3ffff>89392201d4bffff>89392201d43ffff>89392201d5bffff>89392201d53ffff>89392201dcbffff>89392201ddbffff>89392201ca7ffff>8939220036bffff>89392200363ffff>89392200373ffff
1,89,13856,6.578,19,10,8,89392201847ffff>89392201873ffff>8939220180fffff>89392201877ffff>8939220183bffff>89392201833ffff>893922018abffff>893922018a3ffff>893922018b3ffff>89392201d4bffff>89392201d43ffff>89392201d5bffff>89392201d53ffff>89392201dcbffff>89392201ddbffff>89392201ca7ffff>8939220036bffff>89392200363ffff>89392200373ffff
1,90,13856,6.578,19,210,132,89392201847ffff>89392201873ffff>8939220180fffff>89392201877ffff>8939220183bffff>89392201833ffff>893922018abffff>893922018a3ffff>893922018b3ffff>89392201d4bffff>89392201d43ffff>89392201d5bffff>89392201d53ffff>89392201dcbffff>89392201ddbffff>89392201ca7ffff>8939220036bffff>89392200363ffff>89392200373ffff
1,91,13856,6.578,19,7,5,89392201847ffff>89392201873ffff>8939220180fffff>89392201877ffff>8939220183bffff>89392201833ffff>893922018abffff>893922018a3ffff>893922018b3ffff>89392201d4bffff>89392201d43ffff>89392201d5bffff>89392201d53ffff>89392201dcbffff>89392201ddbffff>89392201ca7ffff>8939220036bffff>89392200363ffff>89392200373ffff
1,92,13856,6.578,19,7,6,89392201847ffff>89392201873ffff>8939220180fffff>89392201877ffff>8939220183bffff>89392201833ffff>893922018abffff>893922018a3ffff>893922018b3ffff>89392201d4bffff>89392201d43ffff>89392201d5bffff>89392201d53ffff>89392201dcbffff>89392201ddbffff>89392201ca7ffff>8939220036bffff>89392200363ffff>89392200373ffff
1,93,13745,1.826,6,23,23,8939220f083ffff>8939220f08fffff>8939220f013ffff>8939220f003ffff>8939220f00fffff>8939220f03bffff
1,94,13739,1.45,5,3,2,8939220f457ffff>8939220f447ffff>8939220f473ffff>8939220f477ffff>8939220f467ffff
1,95,13578,1.812,6,62,60,8939220f167ffff>8939220f12bffff>8939220f177ffff>8939220f10fffff>8939220f10bffff>8939220f103ffff
1,96,13488,1.09,4,4,4,8939220f027ffff>8939220f023ffff>8939220f02fffff>8939220f393ffff
1,97,13268,1.817,6,3,3,8939220f10bffff>8939220f103ffff>8939220f117ffff>8939220f1bbffff>8939220f1b3ffff>8939220f1b7ffff
1,98,13082,2.18,7,8,8,8939220f083ffff>8939220f097ffff>8939220f55bffff>8939220f427ffff>8939220f423ffff>8939220f43bffff>8939220f407ffff
1,99,13016,1.458,5,4,3,8939220f1cbffff>8939220f1cfffff>8939220f1c3ffff>8939220f1cbffff>8939220f1dbffff
1,100,12972,1.447,5,36,22,8939220f397ffff>8939220f15bffff>8939220f027ffff>8939220f023ffff>8939220f03bffff
3,1,58263,5.123,15,139,137,8939220183bffff>89392201833ffff>893922018abffff>893922018a3ffff>893922018b3ffff>89392201d4bffff>89392201d43ffff>89392201d5bffff>89392201d53ffff>89392201dcbffff>89392201ddbffff>89392201ca7ffff>8939220036bffff>89392200363ffff>89392200373ffff
3,2,58263,5.123,15,19,18,8939220183bffff>89392201833ffff>893922018abffff>893922018a3ffff>893922018b3ffff>89392201d4bffff>89392201d43ffff>89392201d5bffff>89392201d53ffff>89392201dcbffff>89392201ddbffff>89392201ca7ffff>8939220036bffff>89392200363ffff>89392200373ffff
3,3,27965,8.002,23,78,76,89392201967ffff>89392201977ffff>8939220190fffff>8939220190bffff>89392201957ffff>89392201953ffff>89392201827ffff>89392201823ffff>8939220183bffff>89392201833ffff>893922018abffff>893922018a3ffff>893922018b3ffff>89392201d4bffff>89392201d43ffff>89392201d5bffff>89392201d53ffff>89392201dcbffff>89392201ddbffff>89392201ca7ffff>8939220036bffff>89392200363ffff>89392200373ffff
3,4,27965,8.002,23,7,6,89392201967ffff>89392201977ffff>8939220190fffff>8939220190bffff>89392201957ffff>89392201953ffff>89392201827ffff>89392201823ffff>8939220183bffff>89392201833ffff>893922018abffff>893922018a3ffff>893922018b3ffff>89392201d4bffff>89392201d43ffff>89392201d5bffff>89392201d53ffff>89392201dcbffff>89392201ddbffff>89392201ca7ffff>8939220036bffff>89392200363ffff>89392200373ffff
3,5,23110,8.359,24,4,4,8939220e693ffff>89392201967ffff>89392201977ffff>8939220190fffff>8939220190bffff>89392201957ffff>89392201953ffff>89392201827ffff>89392201823ffff>8939220183bffff>89392201833ffff>893922018abffff>893922018a3ffff>893922018b3ffff>89392201d4bffff>89392201d43ffff>89392201d5bffff>89392201d53ffff>89392201dcbffff>89392201ddbffff>89392201ca7ffff>8939220036bffff>89392200363ffff>89392200373ffff
3,6,22007,5.488,16,11,7,8939220183bffff>89392201833ffff>893922018abffff>893922018a3ffff>893922018b3ffff>89392201d4bffff>89392201d43ffff>89392201d5bffff>89392201d53ffff>89392201dcbffff>89392201ddbffff>89392201ca7ffff>8939220036bffff>89392200363ffff>89392200373ffff>8939220037bffff
3,7,22007,5.488,16,4,3,8939220183bffff>89392201833ffff>893922018abffff>893922018a3ffff>893922018b3ffff>89392201d4bffff>89392201d43ffff>89392201d5bffff>89392201d53ffff>89392201dcbffff>89392201ddbffff>89392201ca7ffff>8939220036bffff>89392200363ffff>89392200373ffff>8939220037bffff
3,8,19808,3.257,10,48,36,8939220f023ffff>8939220f03bffff>8939220f00fffff>8939220f003ffff>8939220f013ffff>8939220f08bffff>8939220f0d7ffff>8939220f0d3ffff>8939220f46bffff>8939220f6b7ffff
3,9,19490,10.176,29,185,140,8939220e6afffff>8939220e6a3ffff>8939220e6bbffff>8939220e687ffff>8939220e683ffff>8939220e693ffff>89392201967ffff>89392201977ffff>8939220190fffff>8939220190bffff>89392201957ffff>89392201953ffff>89392201827ffff>89392201823ffff>8939220183bffff>89392201833ffff>893922018abffff>893922018a3ffff>893922018b3ffff>89392201d4bffff>89392201d43ffff>89392201d5bffff>89392201d53ffff>89392201dcbffff>89392201ddbffff>89392201ca7ffff>8939220036bffff>89392200363ffff>89392200373ffff
3,10,19490,10.176,29,24,17,8939220e6afffff>8939220e6a3ffff>8939220e6bbffff>8939220e687ffff>8939220e683ffff>8939220e693ffff>89392201967ffff>89392201977ffff>8939220190fffff>8939220190bffff>89392201957ffff>89392201953ffff>89392201827ffff>89392201823ffff>8939220183bffff>89392201833ffff>893922018abffff>893922018a3ffff>893922018b3ffff>89392201d4bffff>89392201d43ffff>89392201d5bffff>89392201d53ffff>89392201dcbffff>89392201ddbffff>89392201ca7ffff>8939220036bffff>89392200363ffff>89392200373ffff
3,11,19490,10.176,29,389,308,8939220e6afffff>8939220e6a3ffff>8939220e6bbffff>8939220e687ffff>8939220e683ffff>8939220e693ffff>89392201967ffff>89392201977ffff>8939220190fffff>8939220190bffff>89392201957ffff>89392201953ffff>89392201827ffff>89392201823ffff>8939220183bffff>89392201833ffff>893922018abffff>893922018a3ffff>893922018b3ffff>89392201d4bffff>89392201d43ffff>89392201d5bffff>89392201d53ffff>89392201dcbffff>89392201ddbffff>89392201ca7ffff>8939220036bffff>89392200363ffff>89392200373ffff
3,12,19490,10.176,29,59,48,8939220e6afffff>8939220e6a3ffff>8939220e6bbffff>8939220e687ffff>8939220e683ffff>8939220e693ffff>89392201967ffff>89392201977ffff>8939220190fffff>8939220190bffff>89392201957ffff>89392201953ffff>89392201827ffff>89392201823ffff>8939220183bffff>89392201833ffff>893922018abffff>893922018a3ffff>893922018b3ffff>89392201d4bffff>89392201d43ffff>89392201d5bffff>89392201d53ffff>89392201dcbffff>89392201ddbffff>89392201ca7ffff>8939220036bffff>89392200363ffff>89392200373ffff
3,13,19490,10.176,29,12,8,8939220e6afffff>8939220e6a3ffff>8939220e6bbffff>8939220e687ffff>8939220e683ffff>8939220e693ffff>89392201967ffff>89392201977ffff>8939220190fffff>8939220190bffff>89392201957ffff>89392201953ffff>89392201827ffff>89392201823ffff>8939220183bffff>89392201833ffff>893922018abffff>893922018a3ffff>893922018b3ffff>89392201d4bffff>89392201d43ffff>89392201d5bffff>89392201d53ffff>89392201dcbffff>89392201ddbffff>89392201ca7ffff>8939220036bffff>89392200363ffff>89392200373ffff
3,14,19490,10.176,29,4,3,8939220e6afffff>8939220e6a3ffff>8939220e6bbffff>8939220e687ffff>8939220e683ffff>8939220e693ffff>89392201967ffff>89392201977ffff>8939220190fffff>8939220190bffff>89392201957ffff>89392201953ffff>89392201827ffff>89392201823ffff>8939220183bffff>89392201833ffff>893922018abffff>893922018a3ffff>893922018b3ffff>89392201d4bffff>89392201d43ffff>89392201d5bffff>89392201d53ffff>89392201dcbffff>89392201ddbffff>89392201ca7ffff>8939220036bffff>89392200363ffff>89392200373ffff
3,15,18723,3.601,11,6,5,8939220f523ffff>8939220f533ffff>8939220f5abffff>8939220f517ffff>8939220f513ffff>8939220f5c7ffff>8939220f5c3ffff>8939220f5dbffff>8939220f4afffff>8939220f4abffff>8939220f407ffff
3,16,17983,3.23,10,7,6,8939220f40bffff>8939220f403ffff>8939220f407ffff>8939220f4abffff>8939220f4afffff>8939220f5dbffff>8939220f5c3ffff>8939220f5c7ffff>8939220f513ffff>8939220f517ffff
3,17,16364,3.646,11,4,3,8939220c697ffff>8939220f12fffff>8939220f127ffff>8939220f123ffff>8939220f137ffff>8939220c4dbffff>8939220c4d3ffff>8939220e26bffff>8939220e27bffff>8939220e247ffff>8939220e243ffff
3,18,16090,4.37,13,32,24,8939220f167ffff>8939220c69bffff>8939220c683ffff>8939220c693ffff>8939220c697ffff>8939220f12fffff>8939220f127ffff>8939220f123ffff>8939220f137ffff>8939220c4dbffff>8939220c4d3ffff>8939220e26bffff>8939220e27bffff
3,19,16090,4.37,13,7,5,8939220f167ffff>8939220c69bffff>8939220c683ffff>8939220c693ffff>8939220c697ffff>8939220f12fffff>8939220f127ffff>8939220f123ffff>8939220f137ffff>8939220c4dbffff>8939220c4d3ffff>8939220e26bffff>8939220e27bffff
3,20,15338,3.955,12,20,14,8939220f40bffff>8939220f403ffff>8939220f407ffff>8939220f4abffff>8939220f4afffff>8939220f5dbffff>8939220f5c3ffff>8939220f5c7ffff>8939220f513ffff>8939220f517ffff>8939220f5abffff>8939220f533ffff
3,21,14118,4.034,12,5,4,8939220f40bffff>8939220f403ffff>8939220f407ffff>8939220f417ffff>8939220f48fffff>8939220f483ffff>8939220f493ffff>89392201a2bffff>89392201a3bffff>89392201a07ffff>89392201a17ffff>89392201a8fffff
3,22,13856,6.578,19,51,39,89392201847ffff>89392201873ffff>8939220180fffff>89392201877ffff>8939220183bffff>89392201833ffff>893922018abffff>893922018a3ffff>893922018b3ffff>89392201d4bffff>89392201d43ffff>89392201d5bffff>89392201d53ffff>89392201dcbffff>89392201ddbffff>89392201ca7ffff>8939220036bffff>89392200363ffff>89392200373ffff
3,23,13856,6.578,19,10,8,89392201847ffff>89392201873ffff>8939220180fffff>89392201877ffff>8939220183bffff>89392201833ffff>893922018abffff>893922018a3ffff>893922018b3ffff>89392201d4bffff>89392201d43ffff>89392201d5bffff>89392201d53ffff>89392201dcbffff>89392201ddbffff>89392201ca7ffff>8939220036bffff>89392200363ffff>89392200373ffff
3,24,13856,6.578,19,210,132,89392201847ffff>89392201873ffff>8939220180fffff>89392201877ffff>8939220183bffff>89392201833ffff>893922018abffff>893922018a3ffff>893922018b3ffff>89392201d4bffff>89392201d43ffff>89392201d5bffff>89392201d53ffff>89392201dcbffff>89392201ddbffff>89392201ca7ffff>8939220036bffff>89392200363ffff>89392200373ffff
3,25,13856,6.578,19,7,5,89392201847ffff>89392201873ffff>8939220180fffff>89392201877ffff>8939220183bffff>89392201833ffff>893922018abffff>893922018a3ffff>893922018b3ffff>89392201d4bffff>89392201d43ffff>89392201d5bffff>89392201d53ffff>89392201dcbffff>89392201ddbffff>89392201ca7ffff>8939220036bffff>89392200363ffff>89392200373ffff
3,26,13856,6.578,19,7,6,89392201847ffff>89392201873ffff>8939220180fffff>89392201877ffff>8939220183bffff>89392201833ffff>893922018abffff>893922018a3ffff>893922018b3ffff>89392201d4bffff>89392201d43ffff>89392201d5bffff>89392201d53ffff>89392201dcbffff>89392201ddbffff>89392201ca7ffff>8939220036bffff>89392200363ffff>89392200373ffff
3,27,12285,5.491,16,3,2,8939220182bffff>8939220183bffff>89392201833ffff>893922018abffff>893922018a3ffff>893922018b3ffff>89392201d4bffff>89392201d43ffff>89392201d5bffff>89392201d53ffff>89392201dcbffff>89392201ddbffff>89392201ca7ffff>8939220036bffff>89392200363ffff>89392200373ffff
3,28,12260,3.635,11,38,27,8939220f02bffff>8939220f02fffff>8939220f023ffff>8939220f027ffff>8939220f037ffff>8939220f1cbffff>8939220f1dbffff>8939220f1d3ffff>8939220f56fffff>8939220f567ffff>8939220f52bffff
3,29,11783,3.635,11,16,14,8939220e243ffff>8939220e247ffff>8939220e24fffff>8939220e27bffff>8939220e26bffff>8939220c4d3ffff>8939220c4dbffff>8939220f137ffff>8939220f123ffff>8939220f12fffff>8939220f12bffff
3,30,11334,5.859,17,7,5,8939220183bffff>8939220182bffff>8939220183bffff>89392201833ffff>893922018abffff>893922018a3ffff>893922018b3ffff>89392201d4bffff>89392201d43ffff>89392201d5bffff>89392201d53ffff>89392201dcbffff>89392201ddbffff>89392201ca7ffff>8939220036bffff>89392200363ffff>89392200373ffff
3,31,11286,3.972,12,235,180,8939220f027ffff>8939220f023ffff>8939220f03bffff>8939220f00fffff>8939220f003ffff>8939220f013ffff>8939220f08bffff>8939220f0d7ffff>8939220f0d3ffff>8939220f46bffff>8939220f6b7ffff>8939220f6b3ffff
3,32,10865,3.98,12,231,155,8939220f6b3ffff>8939220f6b7ffff>8939220f46bffff>8939220f0d3ffff>8939220f0d7ffff>8939220f08bffff>8939220f013ffff>8939220f003ffff>8939220f00fffff>8939220f03bffff>8939220f077ffff>8939220f02bffff
3,33,10338,7.631,22,4,4,8939220190fffff>8939220190bffff>89392201957ffff>89392201953ffff>89392201827ffff>89392201823ffff>8939220183bffff>89392201833ffff>893922018abffff>893922018a3ffff>893922018b3ffff>89392201d4bffff>89392201d43ffff>89392201d5bffff>89392201d53ffff>89392201dcbffff>89392201ddbffff>89392201ca7ffff>8939220036bffff>89392200363ffff>89392200373ffff>8939220037bffff
3,34,10227,6.544,19,4,4,8939220f533ffff>8939220f5abffff>8939220f517ffff>8939220f513ffff>8939220f5c7ffff>8939220f5c3ffff>8939220f5dbffff>8939220f4afffff>8939220f4abffff>8939220f407ffff>8939220f417ffff>8939220f48fffff>8939220f483ffff>8939220f493ffff>89392201a2bffff>89392201a3bffff>89392201a07ffff>89392201a17ffff>89392201a8fffff
3,35,10226,3.608,11,10,6,8939220f517ffff>8939220f5abffff>8939220f533ffff>8939220f523ffff>8939220f527ffff>8939220e253ffff>8939220e257ffff>8939220e243ffff>8939220e247ffff>8939220e24fffff>8939220e27bffff
3,36,10153,4.736,14,19,14,8939220f12bffff>8939220f167ffff>8939220c69bffff>8939220c683ffff>8939220c693ffff>8939220c697ffff>8939220f12fffff>8939220f127ffff>8939220f123ffff>8939220f137ffff>8939220c4dbffff>8939220c4d3ffff>8939220e26bffff>8939220e27bffff
3,37,9885,6.525,19,23,16,8939220f567ffff>8939220f52bffff>8939220f523ffff>8939220f537ffff>8939220f533ffff>8939220f5abffff>8939220f517ffff>8939220f513ffff>8939220f5c7ffff>8939220f5c3ffff>8939220f5dbffff>8939220f4afffff>8939220f4abffff>8939220f407ffff>8939220f417ffff>8939220f48fffff>8939220f483ffff>8939220f493ffff>89392201a2bffff
3,38,9469,3.593,11,39,29,8939220f08bffff>8939220f0d7ffff>8939220f0d3ffff>8939220f46bffff>8939220f6b7ffff>8939220f6b3ffff>8939220f687ffff>8939220f683ffff>8939220f69bffff>8939220a96fffff>8939220a963ffff
3,39,9124,3.612,11,9,7,8939220f0cfffff>8939220f0cbffff>8939220f0dbffff>8939220f6afffff>8939220f6abffff>8939220f617ffff>8939220f68fffff>8939220f613ffff>8939220f68bffff>8939220f6d7ffff>8939220f6d3ffff
3,40,9056,5.748,17,5,3,8939220e247ffff>8939220e243ffff>8939220e257ffff>8939220e253ffff>8939220f527ffff>8939220f523ffff>8939220f537ffff>8939220f533ffff>8939220f5abffff>8939220f517ffff>8939220f513ffff>8939220f5c7ffff>8939220f5c3ffff>8939220f5dbffff>8939220f4afffff>8939220f4abffff>8939220f407ffff
3,41,8948,4.352,13,89,69,8939220f067ffff>8939220f393ffff>8939220f383ffff>8939220f397ffff>8939220f387ffff>8939220f3b3ffff>8939220f3a3ffff>8939220f3a7ffff>8939220c6d3ffff>8939220f16fffff>8939220c69bffff>8939220c68bffff>8939220c683ffff
3,42,8662,6.559,19,7,7,89392201b2fffff>89392201b23ffff>89392201b37ffff>89392201b33ffff>89392201bafffff>89392201ba7ffff>89392201bb7ffff>8939220196bffff>8939220197bffff>89392201973ffff>8939220190fffff>89392201903ffff>89392201907ffff>89392201917ffff>893922019bbffff>893922019b3ffff>89392200a4bffff>89392200a4fffff>89392200a43ffff
3,43,8617,5.45,16,86,57,8939220f167ffff>8939220c69bffff>8939220c683ffff>8939220c693ffff>8939220c697ffff>8939220f12fffff>8939220f127ffff>8939220f123ffff>8939220f137ffff>8939220c4dbffff>8939220c4d3ffff>8939220e26bffff>8939220e27bffff>8939220e24fffff>8939220e247ffff>8939220e243ffff
3,44,8617,5.45,16,17,11,8939220f167ffff>8939220c69bffff>8939220c683ffff>8939220c693ffff>8939220c697ffff>8939220f12fffff>8939220f127ffff>8939220f123ffff>8939220f137ffff>8939220c4dbffff>8939220c4d3ffff>8939220e26bffff>8939220e27bffff>8939220e24fffff>8939220e247ffff>8939220e243ffff
3,45,8058,6.938,20,24,21,89392201847ffff>89392201873ffff>8939220180fffff>8939220183bffff>8939220182bffff>8939220183bffff>89392201833ffff>893922018abffff>893922018a3ffff>893922018b3ffff>89392201d4bffff>89392201d43ffff>89392201d5bffff>89392201d53ffff>89392201dcbffff>89392201ddbffff>89392201ca7ffff>8939220036bffff>89392200363ffff>89392200373ffff
3,46,8058,6.938,20,25,18,89392201847ffff>89392201873ffff>8939220180fffff>8939220183bffff>8939220182bffff>8939220183bffff>89392201833ffff>893922018abffff>893922018a3ffff>893922018b3ffff>89392201d4bffff>89392201d43ffff>89392201d5bffff>89392201d53ffff>89392201dcbffff>89392201ddbffff>89392201ca7ffff>8939220036bffff>89392200363ffff>89392200373ffff
3,47,7893,4.672,14,4,3,8939220e253ffff>8939220f527ffff>8939220f523ffff>8939220f533ffff>8939220f5abffff>8939220f517ffff>8939220f513ffff>8939220f5c7ffff>8939220f5c3ffff>8939220f5dbffff>8939220f4afffff>8939220f4abffff>8939220f407ffff>8939220f403ffff
3,48,7346,4.02,12,43,32,8939220f083ffff>8939220f097ffff>8939220f55bffff>8939220f427ffff>8939220f423ffff>8939220f43bffff>8939220f407ffff>8939220f417ffff>8939220f48fffff>8939220f483ffff>8939220f493ffff>89392201a2bffff
3,49,7311,5.113,15,13,8,8939220f0c3ffff>8939220f0d3ffff>8939220f6a7ffff>8939220f6b7ffff>8939220f47bffff>8939220f447ffff>8939220f457ffff>8939220f40bffff>8939220f403ffff>8939220f407ffff>8939220f417ffff>8939220f48fffff>8939220f483ffff>8939220f493ffff>89392201a2bffff
3,50,7280,3.225,10,3,2,8939220a96fffff>8939220f69bffff>8939220f683ffff>8939220f687ffff>8939220f6b3ffff>8939220f6b7ffff>8939220f46bffff>8939220f0d3ffff>8939220f0d7ffff>8939220f08bffff
3,51,7147,6.516,19,11,8,8939220f1cbffff>8939220f1dbffff>8939220f1d3ffff>8939220f56fffff>8939220f567ffff>8939220f52bffff>8939220f523ffff>8939220f537ffff>8939220f533ffff>8939220f5abffff>8939220f517ffff>8939220f513ffff>8939220f5c7ffff>8939220f5c3ffff>8939220f5dbffff>8939220f4afffff>8939220f4abffff>8939220f407ffff>8939220f417ffff
3,52,7020,5.09,15,6,4,8939220f167ffff>8939220c69bffff>8939220c683ffff>8939220c697ffff>8939220f12fffff>8939220f127ffff>8939220f123ffff>8939220f137ffff>8939220c4dbffff>8939220c4d3ffff>8939220e26bffff>8939220e27bffff>8939220e24fffff>8939220e247ffff>8939220e243ffff
3,53,6860,6.116,18,24,16,8939220f407ffff>8939220f4abffff>8939220f4afffff>8939220f5dbffff>8939220f5c3ffff>8939220f5c7ffff>8939220f513ffff>8939220f517ffff>8939220f5abffff>8939220f533ffff>8939220f523ffff>8939220f527ffff>8939220e253ffff>8939220e257ffff>8939220e243ffff>8939220e247ffff>8939220e24fffff>8939220e27bffff
3,54,6584,6.901,20,31,21,8939220f533ffff>8939220f5abffff>8939220f517ffff>8939220f513ffff>8939220f5c7ffff>8939220f5c3ffff>8939220f5dbffff>8939220f4afffff>8939220f4abffff>8939220f407ffff>8939220f417ffff>8939220f48fffff>8939220f483ffff>8939220f493ffff>89392201a2bffff>89392201a3bffff>89392201a07ffff>89392201a17ffff>89392201a8fffff>89392201a8bffff
3,55,6431,5.436,16,4,3,8939220c697ffff>8939220f12fffff>8939220f127ffff>8939220f123ffff>8939220f137ffff>8939220c4dbffff>8939220c4d3ffff>8939220e26bffff>8939220e27bffff>8939220e24fffff>8939220e247ffff>8939220e243ffff>8939220e257ffff>8939220e253ffff>8939220f527ffff>8939220f523ffff
3,56,6418,3.262,10,3,2,8939220f16fffff>8939220c6d3ffff>8939220f3a7ffff>8939220f3a3ffff>8939220f3b3ffff>8939220f387ffff>8939220f397ffff>8939220f383ffff>8939220f393ffff>8939220f067ffff
3,57,6413,3.281,10,3,2,8939220f1cbffff>8939220f1dbffff>8939220f1d3ffff>8939220f56fffff>8939220f567ffff>8939220f52bffff>8939220f523ffff>8939220f537ffff>8939220e2cbffff>8939220e2c3ffff
3,58,6362,4.366,13,22,14,8939220f02bffff>8939220f02fffff>8939220f023ffff>8939220f027ffff>8939220f037ffff>8939220f1cbffff>8939220f1dbffff>8939220f1d3ffff>8939220f56fffff>8939220f567ffff>8939220f52bffff>8939220f523ffff>8939220f537ffff
3,59,6350,4.725,14,36,23,8939220c697ffff>8939220f12fffff>8939220f127ffff>8939220f123ffff>8939220f137ffff>8939220c4dbffff>8939220c4d3ffff>8939220e26bffff>8939220e27bffff>8939220e24fffff>8939220e247ffff>8939220e243ffff>8939220e253ffff>8939220f527ffff
3,60,6101,6.214,18,33,23,8939220f0d7ffff>8939220f0c3ffff>8939220f0d3ffff>8939220f6a7ffff>8939220f6b7ffff>8939220f47bffff>8939220f447ffff>8939220f457ffff>8939220f40bffff>8939220f41bffff>8939220f40bffff>8939220f403ffff>8939220f407ffff>8939220f417ffff>8939220f48fffff>8939220f483ffff>8939220f493ffff>89392201a2bffff
3,61,6064,5.762,17,17,13,8939220e27bffff>8939220e247ffff>8939220e243ffff>8939220e257ffff>8939220e253ffff>8939220f527ffff>8939220f523ffff>8939220f533ffff>8939220f5abffff>8939220f517ffff>8939220f513ffff>8939220f5c7ffff>8939220f5c3ffff>8939220f5dbffff>8939220f4afffff>8939220f4abffff>8939220f407ffff
3,62,6064,5.762,17,3,3,8939220e27bffff>8939220e247ffff>8939220e243ffff>8939220e257ffff>8939220e253ffff>8939220f527ffff>8939220f523ffff>8939220f533ffff>8939220f5abffff>8939220f517ffff>8939220f513ffff>8939220f5c7ffff>8939220f5c3ffff>8939220f5dbffff>8939220f4afffff>8939220f4abffff>8939220f407ffff
3,63,5941,3.27,10,29,19,8939220f167ffff>8939220f12bffff>8939220f177ffff>8939220f10fffff>8939220f10bffff>8939220f147ffff>8939220f157ffff>8939220f143ffff>8939220f153ffff>8939220f027ffff
3,64,5941,3.27,10,3,2,8939220f167ffff>8939220f12bffff>8939220f177ffff>8939220f10fffff>8939220f10bffff>8939220f147ffff>8939220f157ffff>8939220f143ffff>8939220f153ffff>8939220f027ffff
3,65,5884,4.329,13,37,27,8939220a973ffff>8939220a963ffff>8939220a96fffff>8939220f69bffff>8939220f683ffff>8939220f687ffff>8939220f6b3ffff>8939220f6b7ffff>8939220f46bffff>8939220f0d3ffff>8939220f0d7ffff>8939220f08bffff>8939220f013ffff
3,66,5863,5.065,15,113,89,8939220f00fffff>8939220f003ffff>8939220f013ffff>8939220f08bffff>8939220f0d7ffff>8939220f0d3ffff>8939220f46bffff>8939220f6b7ffff>8939220f6b3ffff>8939220f687ffff>8939220f683ffff>8939220f69bffff>8939220a96fffff>8939220a963ffff>8939220a973ffff
3,67,5776,4.717,14,4,4,8939220f523ffff>8939220f527ffff>8939220e253ffff>8939220e243ffff>8939220e247ffff>8939220e24fffff>8939220e27bffff>8939220e26bffff>8939220c4d3ffff>8939220c4dbffff>8939220f137ffff>8939220f123ffff>8939220f12fffff>8939220f12bffff
3,68,5776,4.717,14,6,5,8939220f523ffff>8939220f527ffff>8939220e253ffff>8939220e243ffff>8939220e247ffff>8939220e24fffff>8939220e27bffff>8939220e26bffff>8939220c4d3ffff>8939220c4dbffff>8939220f137ffff>8939220f123ffff>8939220f12fffff>8939220f12bffff
3,69,5704,7.303,21,5,3,8939220184fffff>89392201847ffff>89392201873ffff>8939220180fffff>8939220183bffff>8939220182bffff>8939220183bffff>89392201833ffff>893922018abffff>893922018a3ffff>893922018b3ffff>89392201d4bffff>89392201d43ffff>89392201d5bffff>89392201d53ffff>89392201dcbffff>89392201ddbffff>89392201ca7ffff>8939220036bffff>89392200363ffff>89392200373ffff
3,70,5704,7.303,21,7,5,8939220184fffff>89392201847ffff>89392201873ffff>8939220180fffff>8939220183bffff>8939220182bffff>8939220183bffff>89392201833ffff>893922018abffff>893922018a3ffff>893922018b3ffff>89392201d4bffff>89392201d43ffff>89392201d5bffff>89392201d53ffff>89392201dcbffff>89392201ddbffff>89392201ca7ffff>8939220036bffff>89392200363ffff>89392200373ffff
3,71,5637,4.004,12,41,28,8939220f0d7ffff>8939220f0c3ffff>8939220f0dbffff>8939220f6afffff>8939220f6a7ffff>8939220f0dbffff>8939220f637ffff>8939220f627ffff>8939220f623ffff>8939220f637ffff>8939220f627ffff>8939220f05bffff
3,72,5637,4.004,12,11,8,8939220f0d7ffff>8939220f0c3ffff>8939220f0dbffff>8939220f6afffff>8939220f6a7ffff>8939220f0dbffff>8939220f637ffff>8939220f627ffff>8939220f623ffff>8939220f637ffff>8939220f627ffff>8939220f05bffff
3,73,5568,3.63,11,98,72,8939220f463ffff>8939220f46bffff>8939220f0d3ffff>8939220f0d7ffff>8939220f08bffff>8939220f013ffff>8939220f003ffff>8939220f00fffff>8939220f03bffff>8939220f077ffff>8939220f02bffff
3,74,5507,4.753,14,19,12,8939220f00fffff>8939220f003ffff>8939220f013ffff>8939220f08bffff>8939220f0c7ffff>8939220f0d7ffff>8939220f0c3ffff>8939220f0d3ffff>8939220f6a7ffff>8939220f6b7ffff>8939220f47bffff>8939220f447ffff>8939220f457ffff>8939220f40bffff
3,75,5507,4.753,14,7,5,8939220f00fffff>8939220f003ffff>8939220f013ffff>8939220f08bffff>8939220f0c7ffff>8939220f0d7ffff>8939220f0c3ffff>8939220f0d3ffff>8939220f6a7ffff>8939220f6b7ffff>8939220f47bffff>8939220f447ffff>8939220f457ffff>8939220f40bffff
3,76,5357,3.988,12,143,103,8939220f027ffff>8939220f023ffff>8939220f03bffff>8939220f00fffff>8939220f003ffff>8939220f013ffff>8939220f08bffff>8939220f0d7ffff>8939220f0d3ffff>8939220f46fffff>8939220f467ffff>8939220f477ffff
3,77,5273,6.929,20,7,5,8939220f5c7ffff>8939220f58bffff>8939220f583ffff>8939220f593ffff>89392201b2fffff>89392201b23ffff>89392201b37ffff>89392201b33ffff>89392201bafffff>89392201ba7ffff>89392201bb7ffff>8939220196bffff>8939220197bffff>89392201973ffff>8939220190fffff>89392201903ffff>89392201907ffff>89392201917ffff>893922019bbffff>893922019b3ffff
3,78,5249,8.345,24,65,42,8939220f037ffff>8939220f1cbffff>8939220f1dbffff>8939220f1d3ffff>8939220f56fffff>8939220f567ffff>8939220f52bffff>8939220f523ffff>8939220f537ffff>8939220f533ffff>8939220f5abffff>8939220f517ffff>8939220f513ffff>8939220f5c7ffff>8939220f5c3ffff>8939220f5dbffff>8939220f4afffff>8939220f4abffff>8939220f407ffff>8939220f417ffff>8939220f48fffff>8939220f483ffff>8939220f493ffff>89392201a2bffff
3,79,5181,3.237,10,8,5,8939220f147ffff>8939220f10bffff>8939220f10fffff>8939220f107ffff>8939220f133ffff>8939220f137ffff>8939220c4cbffff>8939220c4c3ffff>8939220c4c7ffff>8939220c413ffff
3,80,5059,6.155,18,96,64,8939220f067ffff>8939220f063ffff>8939220f073ffff>8939220f00bffff>8939220f057ffff>8939220f0cfffff>8939220f0cbffff>8939220f0dbffff>8939220f6afffff>8939220f6abffff>8939220f617ffff>8939220f68fffff>8939220f613ffff>8939220f68bffff>8939220f6d7ffff>8939220f6d3ffff>8939220a96bffff>8939220abb7ffff
3,81,5037,3.98,12,82,60,8939220f007ffff>8939220f00fffff>8939220f003ffff>8939220f013ffff>8939220f08bffff>8939220f0d7ffff>8939220f0d3ffff>8939220f46bffff>8939220f6b7ffff>8939220f6b3ffff>8939220f687ffff>8939220f683ffff
3,82,4893,6.936,20,5,3,89392201843ffff>89392201847ffff>89392201873ffff>8939220180fffff>89392201877ffff>8939220183bffff>89392201833ffff>893922018abffff>893922018a3ffff>893922018b3ffff>89392201d4bffff>89392201d43ffff>89392201d5bffff>89392201d53ffff>89392201dcbffff>89392201ddbffff>89392201ca7ffff>8939220036bffff>89392200363ffff>89392200373ffff
3,83,4859,3.244,10,16,14,8939220f6afffff>8939220f0dbffff>8939220f0cbffff>8939220f0cfffff>8939220f057ffff>8939220f00bffff>8939220f00fffff>8939220f03bffff>8939220f077ffff>8939220f02bffff
3,84,4818,6.18,18,3,2,8939220f167ffff>8939220f12bffff>8939220f167ffff>8939220c69bffff>8939220c683ffff>8939220c693ffff>8939220c697ffff>8939220f12fffff>8939220f127ffff>8939220f123ffff>8939220f137ffff>8939220c4dbffff>8939220c4d3ffff>8939220e26bffff>8939220e27bffff>8939220e24fffff>8939220e247ffff>8939220e243ffff
3,85,4794,3.263,10,3,3,8939220f073ffff>8939220f00bffff>8939220f057ffff>8939220f0cfffff>8939220f0c7ffff>8939220f013ffff>8939220f08bffff>8939220f0d7ffff>8939220f0d3ffff>8939220f46fffff
3,86,4763,6.119,18,15,10,8939220f403ffff>8939220f407ffff>8939220f4abffff>8939220f4afffff>8939220f5dbffff>8939220f5c3ffff>8939220f5c7ffff>8939220f513ffff>8939220f517ffff>8939220f5abffff>8939220f533ffff>8939220f523ffff>8939220f527ffff>8939220e253ffff>8939220e243ffff>8939220e247ffff>8939220e24fffff>8939220e27bffff
3,87,4753,3.947,12,11,8,8939220e2c3ffff>8939220e2cbffff>8939220f537ffff>8939220f533ffff>8939220f5abffff>8939220f517ffff>8939220f513ffff>8939220f5c7ffff>8939220f5c3ffff>8939220f5dbffff>8939220f4afffff>8939220f4abffff
3,88,4546,6.95,20,5,3,8939220f0d7ffff>8939220f0c3ffff>8939220f0d3ffff>8939220f6a7ffff>8939220f6b7ffff>8939220f47bffff>8939220f447ffff>8939220f457ffff>8939220f40bffff>8939220f403ffff>8939220f407ffff>8939220f417ffff>8939220f48fffff>8939220f483ffff>8939220f493ffff>89392201a2bffff>89392201a3bffff>89392201a07ffff>89392201a17ffff>89392201a8fffff
3,89,4534,6.154,18,53,32,8939220e253ffff>8939220f527ffff>8939220f523ffff>8939220f533ffff>8939220f5abffff>8939220f517ffff>8939220f513ffff>8939220f5c7ffff>8939220f5c3ffff>8939220f5dbffff>8939220f4afffff>8939220f4abffff>8939220f407ffff>8939220f417ffff>8939220f48fffff>8939220f483ffff>8939220f493ffff>89392201a2bffff
3,90,4529,3.652,11,18,15,8939220f493ffff>8939220f483ffff>8939220f48fffff>8939220f417ffff>8939220f407ffff>8939220f43bffff>8939220f423ffff>8939220f42bffff>8939220f42fffff>8939220f093ffff>8939220f083ffff
3,91,4519,5.455,16,19,12,8939220f12bffff>8939220f167ffff>8939220c69bffff>8939220c683ffff>8939220c697ffff>8939220f12fffff>8939220f127ffff>8939220f123ffff>8939220f137ffff>8939220c4dbffff>8939220c4d3ffff>8939220e26bffff>8939220e27bffff>8939220e24fffff>8939220e247ffff>8939220e243ffff
3,92,4408,5.815,17,11,7,8939220f167ffff>8939220f12bffff>8939220f177ffff>8939220f163ffff>8939220f167ffff>8939220c69bffff>8939220c683ffff>8939220c693ffff>8939220c697ffff>8939220f12fffff>8939220f127ffff>8939220f123ffff>8939220f137ffff>8939220c4dbffff>8939220c4d3ffff>8939220e26bffff>8939220e27bffff
3,93,4408,5.815,17,3,2,8939220f167ffff>8939220f12bffff>8939220f177ffff>8939220f163ffff>8939220f167ffff>8939220c69bffff>8939220c683ffff>8939220c693ffff>8939220c697ffff>8939220f12fffff>8939220f127ffff>8939220f123ffff>8939220f137ffff>8939220c4dbffff>8939220c4d3ffff>8939220e26bffff>8939220e27bffff
3,94,4326,5.405,16,11,7,8939220f40bffff>8939220f403ffff>8939220f407ffff>8939220f4abffff>8939220f4afffff>8939220f5dbffff>8939220f5c3ffff>8939220f5c7ffff>8939220f513ffff>8939220f517ffff>8939220f5abffff>8939220f533ffff>8939220f523ffff>8939220f527ffff>8939220e253ffff>8939220e243ffff
3,95,4276,8.727,25,5,3,8939220f1d3ffff>8939220f56fffff>8939220f567ffff>8939220f52bffff>8939220f523ffff>8939220f537ffff>8939220f533ffff>8939220f5abffff>8939220f517ffff>8939220f513ffff>8939220f5c7ffff>8939220f5c3ffff>8939220f5dbffff>8939220f4afffff>8939220f4abffff>8939220f407ffff>8939220f417ffff>8939220f48fffff>8939220f483ffff>8939220f493ffff>89392201a2bffff>89392201a3bffff>89392201a07ffff>89392201a17ffff>89392201a8fffff
3,96,4202,5.46,16,3,2,8939220f12bffff>8939220f167ffff>8939220c69bffff>8939220c683ffff>8939220c693ffff>8939220c697ffff>8939220f12fffff>8939220f127ffff>8939220f123ffff>8939220f137ffff>8939220c4dbffff>8939220c4d3ffff>8939220e26bffff>8939220e27bffff>8939220e247ffff>8939220e243ffff
3,97,4164,3.263,10,60,44,8939220f08bffff>8939220f0c7ffff>8939220f013ffff>8939220f0c7ffff>8939220f0cfffff>8939220f057ffff>8939220f00bffff>8939220f073ffff>8939220f063ffff>8939220f067ffff
3,98,4096,5.787,17,5,3,8939220f533ffff>8939220f5abffff>8939220f517ffff>8939220f513ffff>8939220f5c7ffff>8939220f5c3ffff>8939220f5dbffff>8939220f4afffff>8939220f4abffff>8939220f407ffff>8939220f417ffff>8939220f48fffff>8939220f483ffff>8939220f493ffff>89392201a2bffff>89392201a77ffff>89392201a73ffff
3,99,4046,5.442,16,42,26,8939220f523ffff>8939220f527ffff>8939220e253ffff>8939220e243ffff>8939220e247ffff>8939220e24fffff>8939220e27bffff>8939220e26bffff>8939220c4d3ffff>8939220c4dbffff>8939220f137ffff>8939220f123ffff>8939220f12fffff>8939220f12bffff>8939220c693ffff>8939220f167ffff
3,100,4045,3.98,12,20,15,8939220f02fffff>8939220f027ffff>8939220f023ffff>8939220f03bffff>8939220f00fffff>8939220f003ffff>8939220f013ffff>8939220f08bffff>8939220f0d7ffff>8939220f0d3ffff>8939220f46bffff>8939220f6b7ffff
5,1,58263,5.123,15,139,137,8939220183bffff>89392201833ffff>893922018abffff>893922018a3ffff>893922018b3ffff>89392201d4bffff>89392201d43ffff>89392201d5bffff>89392201d53ffff>89392201dcbffff>89392201ddbffff>89392201ca7ffff>8939220036bffff>89392200363ffff>89392200373ffff
5,2,58263,5.123,15,19,18,8939220183bffff>89392201833ffff>893922018abffff>893922018a3ffff>893922018b3ffff>89392201d4bffff>89392201d43ffff>89392201d5bffff>89392201d53ffff>89392201dcbffff>89392201ddbffff>89392201ca7ffff>8939220036bffff>89392200363ffff>89392200373ffff
5,3,27965,8.002,23,78,76,89392201967ffff>89392201977ffff>8939220190fffff>8939220190bffff>89392201957ffff>89392201953ffff>89392201827ffff>89392201823ffff>8939220183bffff>89392201833ffff>893922018abffff>893922018a3ffff>893922018b3ffff>89392201d4bffff>89392201d43ffff>89392201d5bffff>89392201d53ffff>89392201dcbffff>89392201ddbffff>89392201ca7ffff>8939220036bffff>89392200363ffff>89392200373ffff
5,4,27965,8.002,23,7,6,89392201967ffff>89392201977ffff>8939220190fffff>8939220190bffff>89392201957ffff>89392201953ffff>89392201827ffff>89392201823ffff>8939220183bffff>89392201833ffff>893922018abffff>893922018a3ffff>893922018b3ffff>89392201d4bffff>89392201d43ffff>89392201d5bffff>89392201d53ffff>89392201dcbffff>89392201ddbffff>89392201ca7ffff>8939220036bffff>89392200363ffff>89392200373ffff
5,5,23110,8.359,24,4,4,8939220e693ffff>89392201967ffff>89392201977ffff>8939220190fffff>8939220190bffff>89392201957ffff>89392201953ffff>89392201827ffff>89392201823ffff>8939220183bffff>89392201833ffff>893922018abffff>893922018a3ffff>893922018b3ffff>89392201d4bffff>89392201d43ffff>89392201d5bffff>89392201d53ffff>89392201dcbffff>89392201ddbffff>89392201ca7ffff>8939220036bffff>89392200363ffff>89392200373ffff
5,6,22007,5.488,16,11,7,8939220183bffff>89392201833ffff>893922018abffff>893922018a3ffff>893922018b3ffff>89392201d4bffff>89392201d43ffff>89392201d5bffff>89392201d53ffff>89392201dcbffff>89392201ddbffff>89392201ca7ffff>8939220036bffff>89392200363ffff>89392200373ffff>8939220037bffff
5,7,22007,5.488,16,4,3,8939220183bffff>89392201833ffff>893922018abffff>893922018a3ffff>893922018b3ffff>89392201d4bffff>89392201d43ffff>89392201d5bffff>89392201d53ffff>89392201dcbffff>89392201ddbffff>89392201ca7ffff>8939220036bffff>89392200363ffff>89392200373ffff>8939220037bffff
5,8,19490,10.176,29,185,140,8939220e6afffff>8939220e6a3ffff>8939220e6bbffff>8939220e687ffff>8939220e683ffff>8939220e693ffff>89392201967ffff>89392201977ffff>8939220190fffff>8939220190bffff>89392201957ffff>89392201953ffff>89392201827ffff>89392201823ffff>8939220183bffff>89392201833ffff>893922018abffff>893922018a3ffff>893922018b3ffff>89392201d4bffff>89392201d43ffff>89392201d5bffff>89392201d53ffff>89392201dcbffff>89392201ddbffff>89392201ca7ffff>8939220036bffff>89392200363ffff>89392200373ffff
5,9,19490,10.176,29,24,17,8939220e6afffff>8939220e6a3ffff>8939220e6bbffff>8939220e687ffff>8939220e683ffff>8939220e693ffff>89392201967ffff>89392201977ffff>8939220190fffff>8939220190bffff>89392201957ffff>89392201953ffff>89392201827ffff>89392201823ffff>8939220183bffff>89392201833ffff>893922018abffff>893922018a3ffff>893922018b3ffff>89392201d4bffff>89392201d43ffff>89392201d5bffff>89392201d53ffff>89392201dcbffff>89392201ddbffff>89392201ca7ffff>8939220036bffff>89392200363ffff>89392200373ffff
5,10,19490,10.176,29,389,308,8939220e6afffff>8939220e6a3ffff>8939220e6bbffff>8939220e687ffff>8939220e683ffff>8939220e693ffff>89392201967ffff>89392201977ffff>8939220190fffff>8939220190bffff>89392201957ffff>89392201953ffff>89392201827ffff>89392201823ffff>8939220183bffff>89392201833ffff>893922018abffff>893922018a3ffff>893922018b3ffff>89392201d4bffff>89392201d43ffff>89392201d5bffff>89392201d53ffff>89392201dcbffff>89392201ddbffff>89392201ca7ffff>8939220036bffff>89392200363ffff>89392200373ffff
5,11,19490,10.176,29,59,48,8939220e6afffff>8939220e6a3ffff>8939220e6bbffff>8939220e687ffff>8939220e683ffff>8939220e693ffff>89392201967ffff>89392201977ffff>8939220190fffff>8939220190bffff>89392201957ffff>89392201953ffff>89392201827ffff>89392201823ffff>8939220183bffff>89392201833ffff>893922018abffff>893922018a3ffff>893922018b3ffff>89392201d4bffff>89392201d43ffff>89392201d5bffff>89392201d53ffff>89392201dcbffff>89392201ddbffff>89392201ca7ffff>8939220036bffff>89392200363ffff>89392200373ffff
5,12,19490,10.176,29,12,8,8939220e6afffff>8939220e6a3ffff>8939220e6bbffff>8939220e687ffff>8939220e683ffff>8939220e693ffff>89392201967ffff>89392201977ffff>8939220190fffff>8939220190bffff>89392201957ffff>89392201953ffff>89392201827ffff>89392201823ffff>8939220183bffff>89392201833ffff>893922018abffff>893922018a3ffff>893922018b3ffff>89392201d4bffff>89392201d43ffff>89392201d5bffff>89392201d53ffff>89392201dcbffff>89392201ddbffff>89392201ca7ffff>8939220036bffff>89392200363ffff>89392200373ffff
5,13,19490,10.176,29,4,3,8939220e6afffff>8939220e6a3ffff>8939220e6bbffff>8939220e687ffff>8939220e683ffff>8939220e693ffff>89392201967ffff>89392201977ffff>8939220190fffff>8939220190bffff>89392201957ffff>89392201953ffff>89392201827ffff>89392201823ffff>8939220183bffff>89392201833ffff>893922018abffff>893922018a3ffff>893922018b3ffff>89392201d4bffff>89392201d43ffff>89392201d5bffff>89392201d53ffff>89392201dcbffff>89392201ddbffff>89392201ca7ffff>8939220036bffff>89392200363ffff>89392200373ffff
5,14,13856,6.578,19,51,39,89392201847ffff>89392201873ffff>8939220180fffff>89392201877ffff>8939220183bffff>89392201833ffff>893922018abffff>893922018a3ffff>893922018b3ffff>89392201d4bffff>89392201d43ffff>89392201d5bffff>89392201d53ffff>89392201dcbffff>89392201ddbffff>89392201ca7ffff>8939220036bffff>89392200363ffff>89392200373ffff
5,15,13856,6.578,19,10,8,89392201847ffff>89392201873ffff>8939220180fffff>89392201877ffff>8939220183bffff>89392201833ffff>893922018abffff>893922018a3ffff>893922018b3ffff>89392201d4bffff>89392201d43ffff>89392201d5bffff>89392201d53ffff>89392201dcbffff>89392201ddbffff>89392201ca7ffff>8939220036bffff>89392200363ffff>89392200373ffff
5,16,13856,6.578,19,210,132,89392201847ffff>89392201873ffff>8939220180fffff>89392201877ffff>8939220183bffff>89392201833ffff>893922018abffff>893922018a3ffff>893922018b3ffff>89392201d4bffff>89392201d43ffff>89392201d5bffff>89392201d53ffff>89392201dcbffff>89392201ddbffff>89392201ca7ffff>8939220036bffff>89392200363ffff>89392200373ffff
5,17,13856,6.578,19,7,5,89392201847ffff>89392201873ffff>8939220180fffff>89392201877ffff>8939220183bffff>89392201833ffff>893922018abffff>893922018a3ffff>893922018b3ffff>89392201d4bffff>89392201d43ffff>89392201d5bffff>89392201d53ffff>89392201dcbffff>89392201ddbffff>89392201ca7ffff>8939220036bffff>89392200363ffff>89392200373ffff
5,18,13856,6.578,19,7,6,89392201847ffff>89392201873ffff>8939220180fffff>89392201877ffff>8939220183bffff>89392201833ffff>893922018abffff>893922018a3ffff>893922018b3ffff>89392201d4bffff>89392201d43ffff>89392201d5bffff>89392201d53ffff>89392201dcbffff>89392201ddbffff>89392201ca7ffff>8939220036bffff>89392200363ffff>89392200373ffff
5,19,12285,5.491,16,3,2,8939220182bffff>8939220183bffff>89392201833ffff>893922018abffff>893922018a3ffff>893922018b3ffff>89392201d4bffff>89392201d43ffff>89392201d5bffff>89392201d53ffff>89392201dcbffff>89392201ddbffff>89392201ca7ffff>8939220036bffff>89392200363ffff>89392200373ffff
5,20,11334,5.859,17,7,5,8939220183bffff>8939220182bffff>8939220183bffff>89392201833ffff>893922018abffff>893922018a3ffff>893922018b3ffff>89392201d4bffff>89392201d43ffff>89392201d5bffff>89392201d53ffff>89392201dcbffff>89392201ddbffff>89392201ca7ffff>8939220036bffff>89392200363ffff>89392200373ffff
5,21,10338,7.631,22,4,4,8939220190fffff>8939220190bffff>89392201957ffff>89392201953ffff>89392201827ffff>89392201823ffff>8939220183bffff>89392201833ffff>893922018abffff>893922018a3ffff>893922018b3ffff>89392201d4bffff>89392201d43ffff>89392201d5bffff>89392201d53ffff>89392201dcbffff>89392201ddbffff>89392201ca7ffff>8939220036bffff>89392200363ffff>89392200373ffff>8939220037bffff
5,22,10227,6.544,19,4,4,8939220f533ffff>8939220f5abffff>8939220f517ffff>8939220f513ffff>8939220f5c7ffff>8939220f5c3ffff>8939220f5dbffff>8939220f4afffff>8939220f4abffff>8939220f407ffff>8939220f417ffff>8939220f48fffff>8939220f483ffff>8939220f493ffff>89392201a2bffff>89392201a3bffff>89392201a07ffff>89392201a17ffff>89392201a8fffff
5,23,9885,6.525,19,23,16,8939220f567ffff>8939220f52bffff>8939220f523ffff>8939220f537ffff>8939220f533ffff>8939220f5abffff>8939220f517ffff>8939220f513ffff>8939220f5c7ffff>8939220f5c3ffff>8939220f5dbffff>8939220f4afffff>8939220f4abffff>8939220f407ffff>8939220f417ffff>8939220f48fffff>8939220f483ffff>8939220f493ffff>89392201a2bffff
5,24,9056,5.748,17,5,3,8939220e247ffff>8939220e243ffff>8939220e257ffff>8939220e253ffff>8939220f527ffff>8939220f523ffff>8939220f537ffff>8939220f533ffff>8939220f5abffff>8939220f517ffff>8939220f513ffff>8939220f5c7ffff>8939220f5c3ffff>8939220f5dbffff>8939220f4afffff>8939220f4abffff>8939220f407ffff
5,25,8662,6.559,19,7,7,89392201b2fffff>89392201b23ffff>89392201b37ffff>89392201b33ffff>89392201bafffff>89392201ba7ffff>89392201bb7ffff>8939220196bffff>8939220197bffff>89392201973ffff>8939220190fffff>89392201903ffff>89392201907ffff>89392201917ffff>893922019bbffff>893922019b3ffff>89392200a4bffff>89392200a4fffff>89392200a43ffff
5,26,8617,5.45,16,86,57,8939220f167ffff>8939220c69bffff>8939220c683ffff>8939220c693ffff>8939220c697ffff>8939220f12fffff>8939220f127ffff>8939220f123ffff>8939220f137ffff>8939220c4dbffff>8939220c4d3ffff>8939220e26bffff>8939220e27bffff>8939220e24fffff>8939220e247ffff>8939220e243ffff
5,27,8617,5.45,16,17,11,8939220f167ffff>8939220c69bffff>8939220c683ffff>8939220c693ffff>8939220c697ffff>8939220f12fffff>8939220f127ffff>8939220f123ffff>8939220f137ffff>8939220c4dbffff>8939220c4d3ffff>8939220e26bffff>8939220e27bffff>8939220e24fffff>8939220e247ffff>8939220e243ffff
5,28,8058,6.938,20,24,21,89392201847ffff>89392201873ffff>8939220180fffff>8939220183bffff>8939220182bffff>8939220183bffff>89392201833ffff>893922018abffff>893922018a3ffff>893922018b3ffff>89392201d4bffff>89392201d43ffff>89392201d5bffff>89392201d53ffff>89392201dcbffff>89392201ddbffff>89392201ca7ffff>8939220036bffff>89392200363ffff>89392200373ffff
5,29,8058,6.938,20,25,18,89392201847ffff>89392201873ffff>8939220180fffff>8939220183bffff>8939220182bffff>8939220183bffff>89392201833ffff>893922018abffff>893922018a3ffff>893922018b3ffff>89392201d4bffff>89392201d43ffff>89392201d5bffff>89392201d53ffff>89392201dcbffff>89392201ddbffff>89392201ca7ffff>8939220036bffff>89392200363ffff>89392200373ffff
5,30,7311,5.113,15,13,8,8939220f0c3ffff>8939220f0d3ffff>8939220f6a7ffff>8939220f6b7ffff>8939220f47bffff>8939220f447ffff>8939220f457ffff>8939220f40bffff>8939220f403ffff>8939220f407ffff>8939220f417ffff>8939220f48fffff>8939220f483ffff>8939220f493ffff>89392201a2bffff
5,31,7147,6.516,19,11,8,8939220f1cbffff>8939220f1dbffff>8939220f1d3ffff>8939220f56fffff>8939220f567ffff>8939220f52bffff>8939220f523ffff>8939220f537ffff>8939220f533ffff>8939220f5abffff>8939220f517ffff>8939220f513ffff>8939220f5c7ffff>8939220f5c3ffff>8939220f5dbffff>8939220f4afffff>8939220f4abffff>8939220f407ffff>8939220f417ffff
5,32,7020,5.09,15,6,4,8939220f167ffff>8939220c69bffff>8939220c683ffff>8939220c697ffff>8939220f12fffff>8939220f127ffff>8939220f123ffff>8939220f137ffff>8939220c4dbffff>8939220c4d3ffff>8939220e26bffff>8939220e27bffff>8939220e24fffff>8939220e247ffff>8939220e243ffff
5,33,6860,6.116,18,24,16,8939220f407ffff>8939220f4abffff>8939220f4afffff>8939220f5dbffff>8939220f5c3ffff>8939220f5c7ffff>8939220f513ffff>8939220f517ffff>8939220f5abffff>8939220f533ffff>8939220f523ffff>8939220f527ffff>8939220e253ffff>8939220e257ffff>8939220e243ffff>8939220e247ffff>8939220e24fffff>8939220e27bffff
5,34,6584,6.901,20,31,21,8939220f533ffff>8939220f5abffff>8939220f517ffff>8939220f513ffff>8939220f5c7ffff>8939220f5c3ffff>8939220f5dbffff>8939220f4afffff>8939220f4abffff>8939220f407ffff>8939220f417ffff>8939220f48fffff>8939220f483ffff>8939220f493ffff>89392201a2bffff>89392201a3bffff>89392201a07ffff>89392201a17ffff>89392201a8fffff>89392201a8bffff
5,35,6431,5.436,16,4,3,8939220c697ffff>8939220f12fffff>8939220f127ffff>8939220f123ffff>8939220f137ffff>8939220c4dbffff>8939220c4d3ffff>8939220e26bffff>8939220e27bffff>8939220e24fffff>8939220e247ffff>8939220e243ffff>8939220e257ffff>8939220e253ffff>8939220f527ffff>8939220f523ffff
5,36,6101,6.214,18,33,23,8939220f0d7ffff>8939220f0c3ffff>8939220f0d3ffff>8939220f6a7ffff>8939220f6b7ffff>8939220f47bffff>8939220f447ffff>8939220f457ffff>8939220f40bffff>8939220f41bffff>8939220f40bffff>8939220f403ffff>8939220f407ffff>8939220f417ffff>8939220f48fffff>8939220f483ffff>8939220f493ffff>89392201a2bffff
5,37,6064,5.762,17,17,13,8939220e27bffff>8939220e247ffff>8939220e243ffff>8939220e257ffff>8939220e253ffff>8939220f527ffff>8939220f523ffff>8939220f533ffff>8939220f5abffff>8939220f517ffff>8939220f513ffff>8939220f5c7ffff>8939220f5c3ffff>8939220f5dbffff>8939220f4afffff>8939220f4abffff>8939220f407ffff
5,38,6064,5.762,17,3,3,8939220e27bffff>8939220e247ffff>8939220e243ffff>8939220e257ffff>8939220e253ffff>8939220f527ffff>8939220f523ffff>8939220f533ffff>8939220f5abffff>8939220f517ffff>8939220f513ffff>8939220f5c7ffff>8939220f5c3ffff>8939220f5dbffff>8939220f4afffff>8939220f4abffff>8939220f407ffff
5,39,5863,5.065,15,113,89,8939220f00fffff>8939220f003ffff>8939220f013ffff>8939220f08bffff>8939220f0d7ffff>8939220f0d3ffff>8939220f46bffff>8939220f6b7ffff>8939220f6b3ffff>8939220f687ffff>8939220f683ffff>8939220f69bffff>8939220a96fffff>8939220a963ffff>8939220a973ffff
5,40,5704,7.303,21,5,3,8939220184fffff>89392201847ffff>89392201873ffff>8939220180fffff>8939220183bffff>8939220182bffff>8939220183bffff>89392201833ffff>893922018abffff>893922018a3ffff>893922018b3ffff>89392201d4bffff>89392201d43ffff>89392201d5bffff>89392201d53ffff>89392201dcbffff>89392201ddbffff>89392201ca7ffff>8939220036bffff>89392200363ffff>89392200373ffff
5,41,5704,7.303,21,7,5,8939220184fffff>89392201847ffff>89392201873ffff>8939220180fffff>8939220183bffff>8939220182bffff>8939220183bffff>89392201833ffff>893922018abffff>893922018a3ffff>893922018b3ffff>89392201d4bffff>89392201d43ffff>89392201d5bffff>89392201d53ffff>89392201dcbffff>89392201ddbffff>89392201ca7ffff>8939220036bffff>89392200363ffff>89392200373ffff
5,42,5273,6.929,20,7,5,8939220f5c7ffff>8939220f58bffff>8939220f583ffff>8939220f593ffff>89392201b2fffff>89392201b23ffff>89392201b37ffff>89392201b33ffff>89392201bafffff>89392201ba7ffff>89392201bb7ffff>8939220196bffff>8939220197bffff>89392201973ffff>8939220190fffff>89392201903ffff>89392201907ffff>89392201917ffff>893922019bbffff>893922019b3ffff
5,43,5249,8.345,24,65,42,8939220f037ffff>8939220f1cbffff>8939220f1dbffff>8939220f1d3ffff>8939220f56fffff>8939220f567ffff>8939220f52bffff>8939220f523ffff>8939220f537ffff>8939220f533ffff>8939220f5abffff>8939220f517ffff>8939220f513ffff>8939220f5c7ffff>8939220f5c3ffff>8939220f5dbffff>8939220f4afffff>8939220f4abffff>8939220f407ffff>8939220f417ffff>8939220f48fffff>8939220f483ffff>8939220f493ffff>89392201a2bffff
5,44,5059,6.155,18,96,64,8939220f067ffff>8939220f063ffff>8939220f073ffff>8939220f00bffff>8939220f057ffff>8939220f0cfffff>8939220f0cbffff>8939220f0dbffff>8939220f6afffff>8939220f6abffff>8939220f617ffff>8939220f68fffff>8939220f613ffff>8939220f68bffff>8939220f6d7ffff>8939220f6d3ffff>8939220a96bffff>8939220abb7ffff
5,45,4893,6.936,20,5,3,89392201843ffff>89392201847ffff>89392201873ffff>8939220180fffff>89392201877ffff>8939220183bffff>89392201833ffff>893922018abffff>893922018a3ffff>893922018b3ffff>89392201d4bffff>89392201d43ffff>89392201d5bffff>89392201d53ffff>89392201dcbffff>89392201ddbffff>89392201ca7ffff>8939220036bffff>89392200363ffff>89392200373ffff
5,46,4818,6.18,18,3,2,8939220f167ffff>8939220f12bffff>8939220f167ffff>8939220c69bffff>8939220c683ffff>8939220c693ffff>8939220c697ffff>8939220f12fffff>8939220f127ffff>8939220f123ffff>8939220f137ffff>8939220c4dbffff>8939220c4d3ffff>8939220e26bffff>8939220e27bffff>8939220e24fffff>8939220e247ffff>8939220e243ffff
5,47,4763,6.119,18,15,10,8939220f403ffff>8939220f407ffff>8939220f4abffff>8939220f4afffff>8939220f5dbffff>8939220f5c3ffff>8939220f5c7ffff>8939220f513ffff>8939220f517ffff>8939220f5abffff>8939220f533ffff>8939220f523ffff>8939220f527ffff>8939220e253ffff>8939220e243ffff>8939220e247ffff>8939220e24fffff>8939220e27bffff
5,48,4546,6.95,20,5,3,8939220f0d7ffff>8939220f0c3ffff>8939220f0d3ffff>8939220f6a7ffff>8939220f6b7ffff>8939220f47bffff>8939220f447ffff>8939220f457ffff>8939220f40bffff>8939220f403ffff>8939220f407ffff>8939220f417ffff>8939220f48fffff>8939220f483ffff>8939220f493ffff>89392201a2bffff>89392201a3bffff>89392201a07ffff>89392201a17ffff>89392201a8fffff
5,49,4534,6.154,18,53,32,8939220e253ffff>8939220f527ffff>8939220f523ffff>8939220f533ffff>8939220f5abffff>8939220f517ffff>8939220f513ffff>8939220f5c7ffff>8939220f5c3ffff>8939220f5dbffff>8939220f4afffff>8939220f4abffff>8939220f407ffff>8939220f417ffff>8939220f48fffff>8939220f483ffff>8939220f493ffff>89392201a2bffff
5,50,4519,5.455,16,19,12,8939220f12bffff>8939220f167ffff>8939220c69bffff>8939220c683ffff>8939220c697ffff>8939220f12fffff>8939220f127ffff>8939220f123ffff>8939220f137ffff>8939220c4dbffff>8939220c4d3ffff>8939220e26bffff>8939220e27bffff>8939220e24fffff>8939220e247ffff>8939220e243ffff
5,51,4408,5.815,17,11,7,8939220f167ffff>8939220f12bffff>8939220f177ffff>8939220f163ffff>8939220f167ffff>8939220c69bffff>8939220c683ffff>8939220c693ffff>8939220c697ffff>8939220f12fffff>8939220f127ffff>8939220f123ffff>8939220f137ffff>8939220c4dbffff>8939220c4d3ffff>8939220e26bffff>8939220e27bffff
5,52,4408,5.815,17,3,2,8939220f167ffff>8939220f12bffff>8939220f177ffff>8939220f163ffff>8939220f167ffff>8939220c69bffff>8939220c683ffff>8939220c693ffff>8939220c697ffff>8939220f12fffff>8939220f127ffff>8939220f123ffff>8939220f137ffff>8939220c4dbffff>8939220c4d3ffff>8939220e26bffff>8939220e27bffff
5,53,4326,5.405,16,11,7,8939220f40bffff>8939220f403ffff>8939220f407ffff>8939220f4abffff>8939220f4afffff>8939220f5dbffff>8939220f5c3ffff>8939220f5c7ffff>8939220f513ffff>8939220f517ffff>8939220f5abffff>8939220f533ffff>8939220f523ffff>8939220f527ffff>8939220e253ffff>8939220e243ffff
5,54,4276,8.727,25,5,3,8939220f1d3ffff>8939220f56fffff>8939220f567ffff>8939220f52bffff>8939220f523ffff>8939220f537ffff>8939220f533ffff>8939220f5abffff>8939220f517ffff>8939220f513ffff>8939220f5c7ffff>8939220f5c3ffff>8939220f5dbffff>8939220f4afffff>8939220f4abffff>8939220f407ffff>8939220f417ffff>8939220f48fffff>8939220f483ffff>8939220f493ffff>89392201a2bffff>89392201a3bffff>89392201a07ffff>89392201a17ffff>89392201a8fffff
5,55,4202,5.46,16,3,2,8939220f12bffff>8939220f167ffff>8939220c69bffff>8939220c683ffff>8939220c693ffff>8939220c697ffff>8939220f12fffff>8939220f127ffff>8939220f123ffff>8939220f137ffff>8939220c4dbffff>8939220c4d3ffff>8939220e26bffff>8939220e27bffff>8939220e247ffff>8939220e243ffff
5,56,4096,5.787,17,5,3,8939220f533ffff>8939220f5abffff>8939220f517ffff>8939220f513ffff>8939220f5c7ffff>8939220f5c3ffff>8939220f5dbffff>8939220f4afffff>8939220f4abffff>8939220f407ffff>8939220f417ffff>8939220f48fffff>8939220f483ffff>8939220f493ffff>89392201a2bffff>89392201a77ffff>89392201a73ffff
5,57,4046,5.442,16,42,26,8939220f523ffff>8939220f527ffff>8939220e253ffff>8939220e243ffff>8939220e247ffff>8939220e24fffff>8939220e27bffff>8939220e26bffff>8939220c4d3ffff>8939220c4dbffff>8939220f137ffff>8939220f123ffff>8939220f12fffff>8939220f12bffff>8939220c693ffff>8939220f167ffff
5,58,3991,6.116,18,28,19,8939220e247ffff>8939220e243ffff>8939220e257ffff>8939220e253ffff>8939220f527ffff>8939220f523ffff>8939220f537ffff>8939220f533ffff>8939220f5abffff>8939220f517ffff>8939220f513ffff>8939220f5c7ffff>8939220f5c3ffff>8939220f5dbffff>8939220f4afffff>8939220f4abffff>8939220f407ffff>8939220f417ffff
5,59,3990,5.088,15,5,3,8939220f037ffff>8939220f1cbffff>8939220f1dbffff>8939220f1d3ffff>8939220f56fffff>8939220f567ffff>8939220f52bffff>8939220f523ffff>8939220f537ffff>8939220f533ffff>8939220f5abffff>8939220f517ffff>8939220f513ffff>8939220f58bffff>8939220f583ffff
5,60,3949,6.484,19,20,13,8939220f40bffff>8939220f403ffff>8939220f407ffff>8939220f4abffff>8939220f4afffff>8939220f5dbffff>8939220f5c3ffff>8939220f5c7ffff>8939220f513ffff>8939220f517ffff>8939220f5abffff>8939220f533ffff>8939220f523ffff>8939220f527ffff>8939220e253ffff>8939220e243ffff>8939220e247ffff>8939220e24fffff>8939220e27bffff
5,61,3941,5.027,15,10,6,8939220f533ffff>8939220f5abffff>8939220f517ffff>8939220f513ffff>8939220f5c7ffff>8939220f5c3ffff>8939220f5dbffff>8939220f4afffff>8939220f4abffff>8939220f407ffff>8939220f403ffff>8939220f41bffff>8939220f457ffff>8939220f453ffff>8939220a927ffff
5,62,3777,5.101,15,9,6,8939220f12bffff>8939220f167ffff>8939220c69bffff>8939220c683ffff>8939220c697ffff>8939220f12fffff>8939220f127ffff>8939220f123ffff>8939220f137ffff>8939220c4dbffff>8939220c4d3ffff>8939220e26bffff>8939220e27bffff>8939220e247ffff>8939220e243ffff
5,63,3727,5.439,16,46,28,8939220f523ffff>8939220f527ffff>8939220e253ffff>8939220e257ffff>8939220e243ffff>8939220e247ffff>8939220e24fffff>8939220e27bffff>8939220e26bffff>8939220c4d3ffff>8939220c4dbffff>8939220f137ffff>8939220f123ffff>8939220f12fffff>8939220f12bffff>8939220c693ffff
5,64,3686,5.042,15,16,11,8939220f567ffff>8939220f52bffff>8939220f523ffff>8939220f537ffff>8939220f533ffff>8939220f5abffff>8939220f517ffff>8939220f513ffff>8939220f5c7ffff>8939220f5c3ffff>8939220f5dbffff>8939220f4afffff>8939220f4abffff>8939220f407ffff>8939220f403ffff
5,65,3656,5.073,15,21,16,8939220f517ffff>8939220f513ffff>8939220f5c7ffff>8939220f5c3ffff>8939220f5dbffff>8939220f4afffff>8939220f4abffff>8939220f407ffff>8939220f417ffff>8939220f48fffff>8939220f483ffff>8939220f493ffff>89392201a2bffff>89392201a2fffff>89392201a23ffff
5,66,3591,5.796,17,105,64,8939220f523ffff>8939220f527ffff>8939220e253ffff>8939220e257ffff>8939220e243ffff>8939220e247ffff>8939220e24fffff>8939220e27bffff>8939220e26bffff>8939220c4d3ffff>8939220c4dbffff>8939220f137ffff>8939220f123ffff>8939220f12fffff>8939220f12bffff>8939220c693ffff>8939220f167ffff
5,67,3576,5.826,17,5,3,8939220f167ffff>8939220f12bffff>8939220f167ffff>8939220c69bffff>8939220c683ffff>8939220c693ffff>8939220c697ffff>8939220f12fffff>8939220f127ffff>8939220f123ffff>8939220f137ffff>8939220c4dbffff>8939220c4d3ffff>8939220e26bffff>8939220e27bffff>8939220e247ffff>8939220e243ffff
5,68,3551,5.073,15,14,9,8939220f6d7ffff>8939220f68bffff>8939220f613ffff>8939220f68fffff>8939220f617ffff>8939220f6abffff>8939220f6afffff>8939220f0dbffff>8939220f0cbffff>8939220f0cfffff>8939220f057ffff>8939220f00bffff>8939220f073ffff>8939220f063ffff>8939220f067ffff
5,69,3309,5.408,16,119,78,8939220a96fffff>8939220f69bffff>8939220f683ffff>8939220f687ffff>8939220f6b3ffff>8939220f6b7ffff>8939220f46bffff>8939220f0d3ffff>8939220f0d7ffff>8939220f08bffff>8939220f013ffff>8939220f003ffff>8939220f00fffff>8939220f03bffff>8939220f077ffff>8939220f02bffff
5,70,3300,5.492,16,11,7,8939220f083ffff>8939220f097ffff>8939220f55bffff>8939220f427ffff>8939220f423ffff>8939220f43bffff>8939220f407ffff>8939220f417ffff>8939220f48fffff>8939220f483ffff>8939220f493ffff>89392201a2bffff>89392201a3bffff>89392201a07ffff>89392201a17ffff>89392201a8fffff
5,71,3278,9.476,27,6,4,8939220c697ffff>8939220f12fffff>8939220f127ffff>8939220f123ffff>8939220f137ffff>8939220c4dbffff>8939220c4d3ffff>8939220e26bffff>8939220e27bffff>8939220e247ffff>8939220e243ffff>8939220e257ffff>8939220e2cfffff>8939220e21bffff>8939220e2c7ffff>8939220e28bffff>8939220e283ffff>8939220e293ffff>8939220e62fffff>8939220e627ffff>8939220e053ffff>8939220e0cbffff>8939220e0cfffff>8939220e0c7ffff>8939220e0cfffff>8939220e0c3ffff>8939220e0cbffff
5,72,3215,5.456,16,14,9,8939220f027ffff>8939220f037ffff>8939220f1cbffff>8939220f1dbffff>8939220f1d3ffff>8939220f56fffff>8939220f567ffff>8939220f52bffff>8939220f523ffff>8939220f537ffff>8939220f533ffff>8939220f5abffff>8939220f517ffff>8939220f513ffff>8939220f58bffff>8939220f583ffff
5,73,3206,5.797,17,7,5,8939220f533ffff>8939220f5abffff>8939220f517ffff>8939220f513ffff>8939220f5c7ffff>8939220f5c3ffff>8939220f5dbffff>8939220f4afffff>8939220f4abffff>8939220f407ffff>8939220f417ffff>8939220f48fffff>8939220f483ffff>8939220f493ffff>89392201a2bffff>89392201a2fffff>89392201a23ffff
5,74,3206,5.797,17,24,18,8939220f533ffff>8939220f5abffff>8939220f517ffff>8939220f513ffff>8939220f5c7ffff>8939220f5c3ffff>8939220f5dbffff>8939220f4afffff>8939220f4abffff>8939220f407ffff>8939220f417ffff>8939220f48fffff>8939220f483ffff>8939220f493ffff>89392201a2bffff>89392201a2fffff>89392201a23ffff
5,75,3081,6.579,19,17,11,8939220f013ffff>8939220f08bffff>8939220f0c7ffff>8939220f0d7ffff>8939220f0c3ffff>8939220f0d3ffff>8939220f6a7ffff>8939220f6b7ffff>8939220f47bffff>8939220f447ffff>8939220f457ffff>8939220f40bffff>8939220f403ffff>8939220f407ffff>8939220f417ffff>8939220f48fffff>8939220f483ffff>8939220f493ffff>89392201a2bffff
5,76,3080,6.174,18,4,3,8939220f167ffff>8939220c69bffff>8939220c683ffff>8939220c693ffff>8939220c697ffff>8939220f12fffff>8939220f127ffff>8939220f123ffff>8939220f137ffff>8939220c4dbffff>8939220c4d3ffff>8939220e26bffff>8939220e27bffff>8939220e24fffff>8939220e247ffff>8939220e243ffff>8939220e253ffff>8939220f527ffff
5,77,3028,6.838,20,10,6,8939220f40bffff>8939220f403ffff>8939220f407ffff>8939220f4abffff>8939220f4afffff>8939220f5dbffff>8939220f5c3ffff>8939220f5c7ffff>8939220f513ffff>8939220f517ffff>8939220f5abffff>8939220f533ffff>8939220f523ffff>8939220f527ffff>8939220e253ffff>8939220e257ffff>8939220e243ffff>8939220e247ffff>8939220e24fffff>8939220e27bffff
5,78,3009,9.844,28,3,2,8939220c697ffff>8939220f12fffff>8939220f127ffff>8939220f123ffff>8939220f137ffff>8939220c4dbffff>8939220c4d3ffff>8939220e26bffff>8939220e27bffff>8939220e247ffff>8939220e243ffff>8939220e257ffff>8939220e2cfffff>8939220e21bffff>8939220e2c7ffff>8939220e28bffff>8939220e283ffff>8939220e293ffff>8939220e62fffff>8939220e627ffff>8939220e053ffff>8939220e0cbffff>8939220e0cfffff>8939220e0c7ffff>8939220e0cfffff>8939220e0c3ffff>8939220e0cbffff>8939220e0dbffff
5,79,3002,5.391,16,6,5,8939220f40bffff>8939220f403ffff>8939220f407ffff>8939220f4abffff>8939220f4afffff>8939220f5dbffff>8939220f5c3ffff>8939220f5c7ffff>8939220f513ffff>8939220f517ffff>8939220f5abffff>8939220f533ffff>8939220f537ffff>8939220f523ffff>8939220f527ffff>8939220e253ffff
5,80,2971,11.629,33,12,9,89392201b2fffff>89392201b23ffff>89392201b37ffff>89392201b33ffff>89392201bafffff>89392201ba7ffff>89392201bb7ffff>8939220196bffff>8939220197bffff>89392201963ffff>89392201967ffff>89392201977ffff>8939220190fffff>8939220190bffff>89392201957ffff>89392201953ffff>89392201827ffff>89392201823ffff>8939220183bffff>89392201833ffff>893922018abffff>893922018a3ffff>893922018b3ffff>89392201d4bffff>89392201d43ffff>89392201d5bffff>89392201d53ffff>89392201dcbffff>89392201ddbffff>89392201ca7ffff>8939220036bffff>89392200363ffff>89392200373ffff
5,81,2937,7.318,21,6,4,8939220f0c7ffff>8939220f0d7ffff>8939220f0c3ffff>8939220f0d3ffff>8939220f6a7ffff>8939220f6b7ffff>8939220f47bffff>8939220f447ffff>8939220f457ffff>8939220f40bffff>8939220f403ffff>8939220f407ffff>8939220f417ffff>8939220f48fffff>8939220f483ffff>8939220f493ffff>89392201a2bffff>89392201a3bffff>89392201a07ffff>89392201a17ffff>89392201a8fffff
5,82,2829,9.107,26,16,10,8939220f533ffff>8939220f5abffff>8939220f517ffff>8939220f513ffff>8939220f58bffff>8939220f583ffff>8939220f593ffff>89392201b2fffff>89392201b23ffff>89392201b37ffff>89392201b33ffff>89392201bafffff>89392201ba7ffff>89392201bb7ffff>8939220196bffff>8939220197bffff>89392201973ffff>8939220190fffff>89392201903ffff>89392201907ffff>89392201917ffff>893922019bbffff>893922019b3ffff>89392200a4bffff>89392200a4fffff>89392200a43ffff
5,83,2740,5.431,16,37,26,8939220f477ffff>8939220f473ffff>8939220f447ffff>8939220f457ffff>8939220f453ffff>8939220f4cbffff>8939220a937ffff>8939220a9afffff>8939220a9abffff>8939220a917ffff>8939220a98fffff>8939220a98bffff>8939220a99bffff>8939220ad6fffff>8939220ad67ffff>8939220ad77ffff
5,84,2674,8.752,25,14,11,8939220f5c7ffff>8939220f58bffff>8939220f583ffff>8939220f593ffff>89392201b2fffff>89392201b23ffff>89392201b37ffff>89392201b33ffff>89392201bafffff>89392201ba7ffff>89392201bb7ffff>8939220196bffff>8939220197bffff>89392201973ffff>8939220190fffff>89392201903ffff>89392201907ffff>89392201917ffff>893922019bbffff>893922019b3ffff>89392200a4bffff>89392200a4fffff>89392200a43ffff>89392200a57ffff>89392200a1bffff
5,85,2538,8.672,25,3,2,8939220c697ffff>8939220f12fffff>8939220f127ffff>8939220f123ffff>8939220f137ffff>8939220c4dbffff>8939220c4d3ffff>8939220e26bffff>8939220e27bffff>8939220e24fffff>8939220e247ffff>8939220e243ffff>8939220e257ffff>8939220e253ffff>8939220f527ffff>8939220f523ffff>8939220f533ffff>8939220f5abffff>8939220f517ffff>8939220f513ffff>8939220f5c7ffff>8939220f5c3ffff>8939220f5dbffff>8939220f4afffff>8939220f4abffff
5,86,2527,6.549,19,14,10,8939220f517ffff>8939220f513ffff>8939220f5c7ffff>8939220f5c3ffff>8939220f5dbffff>8939220f4afffff>8939220f4abffff>8939220f407ffff>8939220f417ffff>8939220f48fffff>8939220f483ffff>8939220f493ffff>89392201a2bffff>89392201a3bffff>89392201a07ffff>89392201a17ffff>89392201a8fffff>89392201a87ffff>8939220184bffff
5,87,2494,5.037,15,9,6,8939220e253ffff>8939220f527ffff>8939220f523ffff>8939220f533ffff>8939220f5abffff>8939220f517ffff>8939220f513ffff>8939220f5c7ffff>8939220f5c3ffff>8939220f5dbffff>8939220f4afffff>8939220f4abffff>8939220f407ffff>8939220f403ffff>8939220f40bffff
5,88,2431,7.669,22,5,3,8939220184fffff>89392201847ffff>89392201873ffff>8939220180fffff>8939220183bffff>8939220182bffff>8939220183bffff>89392201833ffff>893922018abffff>893922018a3ffff>893922018b3ffff>89392201d4bffff>89392201d43ffff>89392201d5bffff>89392201d53ffff>89392201dcbffff>89392201ddbffff>89392201ca7ffff>8939220036bffff>89392200363ffff>89392200373ffff>8939220037bffff
5,89,2431,7.669,22,4,3,8939220184fffff>89392201847ffff>89392201873ffff>8939220180fffff>8939220183bffff>8939220182bffff>8939220183bffff>89392201833ffff>893922018abffff>893922018a3ffff>893922018b3ffff>89392201d4bffff>89392201d43ffff>89392201d5bffff>89392201d53ffff>89392201dcbffff>89392201ddbffff>89392201ca7ffff>8939220036bffff>89392200363ffff>89392200373ffff>8939220037bffff
5,90,2370,6.9,20,32,22,8939220f517ffff>8939220f5abffff>8939220f533ffff>8939220f523ffff>8939220f527ffff>8939220e253ffff>8939220e243ffff>8939220e247ffff>8939220e24fffff>8939220e27bffff>8939220e26bffff>8939220c4d3ffff>8939220c4dbffff>8939220f137ffff>8939220f123ffff>8939220f12fffff>8939220f12bffff>8939220c693ffff>8939220f167ffff>8939220f12bffff
5,91,2368,5.402,16,13,12,8939220e66fffff>8939220e2d7ffff>8939220e2c3ffff>8939220e2cbffff>8939220f537ffff>8939220f533ffff>8939220f5abffff>8939220f517ffff>8939220f513ffff>8939220f5c7ffff>8939220f5c3ffff>8939220f5dbffff>8939220f4afffff>8939220f4abffff>8939220f407ffff>8939220f403ffff
5,92,2368,5.402,16,8,7,8939220e66fffff>8939220e2d7ffff>8939220e2c3ffff>8939220e2cbffff>8939220f537ffff>8939220f533ffff>8939220f5abffff>8939220f517ffff>8939220f513ffff>8939220f5c7ffff>8939220f5c3ffff>8939220f5dbffff>8939220f4afffff>8939220f4abffff>8939220f407ffff>8939220f403ffff
5,93,2368,5.402,16,4,3,8939220e66fffff>8939220e2d7ffff>8939220e2c3ffff>8939220e2cbffff>8939220f537ffff>8939220f533ffff>8939220f5abffff>8939220f517ffff>8939220f513ffff>8939220f5c7ffff>8939220f5c3ffff>8939220f5dbffff>8939220f4afffff>8939220f4abffff>8939220f407ffff>8939220f403ffff
5,94,2364,6.152,18,7,5,8939220f533ffff>8939220f5abffff>8939220f517ffff>8939220f513ffff>8939220f5c7ffff>8939220f5c3ffff>8939220f5dbffff>8939220f4afffff>8939220f4abffff>8939220f407ffff>8939220f417ffff>8939220f48fffff>8939220f483ffff>8939220f493ffff>89392201a2bffff>89392201a77ffff>89392201a73ffff>89392201a0fffff
5,95,2363,10.185,29,23,17,8939220f027ffff>8939220f037ffff>8939220f1cbffff>8939220f1dbffff>8939220f1d3ffff>8939220f56fffff>8939220f567ffff>8939220f52bffff>8939220f523ffff>8939220f537ffff>8939220f533ffff>8939220f5abffff>8939220f517ffff>8939220f513ffff>8939220f5c7ffff>8939220f5c3ffff>8939220f5dbffff>8939220f4afffff>8939220f4abffff>8939220f407ffff>8939220f417ffff>8939220f48fffff>8939220f483ffff>8939220f493ffff>89392201a2bffff>89392201a3bffff>89392201a07ffff>89392201a17ffff>89392201a8fffff
5,96,2363,10.185,29,10,7,8939220f027ffff>8939220f037ffff>8939220f1cbffff>8939220f1dbffff>8939220f1d3ffff>8939220f56fffff>8939220f567ffff>8939220f52bffff>8939220f523ffff>8939220f537ffff>8939220f533ffff>8939220f5abffff>8939220f517ffff>8939220f513ffff>8939220f5c7ffff>8939220f5c3ffff>8939220f5dbffff>8939220f4afffff>8939220f4abffff>8939220f407ffff>8939220f417ffff>8939220f48fffff>8939220f483ffff>8939220f493ffff>89392201a2bffff>89392201a3bffff>89392201a07ffff>89392201a17ffff>89392201a8fffff
5,97,2363,10.185,29,12,8,8939220f027ffff>8939220f037ffff>8939220f1cbffff>8939220f1dbffff>8939220f1d3ffff>8939220f56fffff>8939220f567ffff>8939220f52bffff>8939220f523ffff>8939220f537ffff>8939220f533ffff>8939220f5abffff>8939220f517ffff>8939220f513ffff>8939220f5c7ffff>8939220f5c3ffff>8939220f5dbffff>8939220f4afffff>8939220f4abffff>8939220f407ffff>8939220f417ffff>8939220f48fffff>8939220f483ffff>8939220f493ffff>89392201a2bffff>89392201a3bffff>89392201a07ffff>89392201a17ffff>89392201a8fffff
5,98,2340,8.009,23,14,9,8939220f56fffff>8939220f567ffff>8939220f52bffff>8939220f523ffff>8939220f537ffff>8939220f533ffff>8939220f5abffff>8939220f517ffff>8939220f513ffff>8939220f58bffff>8939220f583ffff>8939220f593ffff>89392201b2fffff>89392201b23ffff>89392201b37ffff>89392201b33ffff>89392201bafffff>89392201ba7ffff>89392201bb7ffff>8939220196bffff>8939220197bffff>89392201973ffff>8939220190fffff
5,99,2333,6.556,19,5,3,8939220f027ffff>8939220f037ffff>8939220f1cbffff>8939220f1dbffff>8939220f1d3ffff>8939220f56fffff>8939220f567ffff>8939220f52bffff>8939220f523ffff>8939220f537ffff>8939220f533ffff>8939220f5abffff>8939220f517ffff>8939220f513ffff>8939220f58bffff>8939220f583ffff>8939220f593ffff>89392201b2fffff>89392201b23ffff
5,100,2330,6.518,19,20,13,8939220f00bffff>8939220f057ffff>8939220f0cfffff>8939220f0cbffff>8939220f0dbffff>8939220f6afffff>8939220f6abffff>8939220f617ffff>8939220f68fffff>8939220f613ffff>8939220f68bffff>8939220f6d7ffff>8939220f6d3ffff>8939220a96bffff>8939220abb7ffff>8939220a94fffff>8939220a947ffff>8939220a943ffff>8939220a957ffff
10,1,19490,10.176,29,185,140,8939220e6afffff>8939220e6a3ffff>8939220e6bbffff>8939220e687ffff>8939220e683ffff>8939220e693ffff>89392201967ffff>89392201977ffff>8939220190fffff>8939220190bffff>89392201957ffff>89392201953ffff>89392201827ffff>89392201823ffff>8939220183bffff>89392201833ffff>893922018abffff>893922018a3ffff>893922018b3ffff>89392201d4bffff>89392201d43ffff>89392201d5bffff>89392201d53ffff>89392201dcbffff>89392201ddbffff>89392201ca7ffff>8939220036bffff>89392200363ffff>89392200373ffff
10,2,19490,10.176,29,24,17,8939220e6afffff>8939220e6a3ffff>8939220e6bbffff>8939220e687ffff>8939220e683ffff>8939220e693ffff>89392201967ffff>89392201977ffff>8939220190fffff>8939220190bffff>89392201957ffff>89392201953ffff>89392201827ffff>89392201823ffff>8939220183bffff>89392201833ffff>893922018abffff>893922018a3ffff>893922018b3ffff>89392201d4bffff>89392201d43ffff>89392201d5bffff>89392201d53ffff>89392201dcbffff>89392201ddbffff>89392201ca7ffff>8939220036bffff>89392200363ffff>89392200373ffff
10,3,19490,10.176,29,389,308,8939220e6afffff>8939220e6a3ffff>8939220e6bbffff>8939220e687ffff>8939220e683ffff>8939220e693ffff>89392201967ffff>89392201977ffff>8939220190fffff>8939220190bffff>89392201957ffff>89392201953ffff>89392201827ffff>89392201823ffff>8939220183bffff>89392201833ffff>893922018abffff>893922018a3ffff>893922018b3ffff>89392201d4bffff>89392201d43ffff>89392201d5bffff>89392201d53ffff>89392201dcbffff>89392201ddbffff>89392201ca7ffff>8939220036bffff>89392200363ffff>89392200373ffff
10,4,19490,10.176,29,59,48,8939220e6afffff>8939220e6a3ffff>8939220e6bbffff>8939220e687ffff>8939220e683ffff>8939220e693ffff>89392201967ffff>89392201977ffff>8939220190fffff>8939220190bffff>89392201957ffff>89392201953ffff>89392201827ffff>89392201823ffff>8939220183bffff>89392201833ffff>893922018abffff>893922018a3ffff>893922018b3ffff>89392201d4bffff>89392201d43ffff>89392201d5bffff>89392201d53ffff>89392201dcbffff>89392201ddbffff>89392201ca7ffff>8939220036bffff>89392200363ffff>89392200373ffff
10,5,19490,10.176,29,12,8,8939220e6afffff>8939220e6a3ffff>8939220e6bbffff>8939220e687ffff>8939220e683ffff>8939220e693ffff>89392201967ffff>89392201977ffff>8939220190fffff>8939220190bffff>89392201957ffff>89392201953ffff>89392201827ffff>89392201823ffff>8939220183bffff>89392201833ffff>893922018abffff>893922018a3ffff>893922018b3ffff>89392201d4bffff>89392201d43ffff>89392201d5bffff>89392201d53ffff>89392201dcbffff>89392201ddbffff>89392201ca7ffff>8939220036bffff>89392200363ffff>89392200373ffff
10,6,19490,10.176,29,4,3,8939220e6afffff>8939220e6a3ffff>8939220e6bbffff>8939220e687ffff>8939220e683ffff>8939220e693ffff>89392201967ffff>89392201977ffff>8939220190fffff>8939220190bffff>89392201957ffff>89392201953ffff>89392201827ffff>89392201823ffff>8939220183bffff>89392201833ffff>893922018abffff>893922018a3ffff>893922018b3ffff>89392201d4bffff>89392201d43ffff>89392201d5bffff>89392201d53ffff>89392201dcbffff>89392201ddbffff>89392201ca7ffff>8939220036bffff>89392200363ffff>89392200373ffff
10,7,2971,11.629,33,12,9,89392201b2fffff>89392201b23ffff>89392201b37ffff>89392201b33ffff>89392201bafffff>89392201ba7ffff>89392201bb7ffff>8939220196bffff>8939220197bffff>89392201963ffff>89392201967ffff>89392201977ffff>8939220190fffff>8939220190bffff>89392201957ffff>89392201953ffff>89392201827ffff>89392201823ffff>8939220183bffff>89392201833ffff>893922018abffff>893922018a3ffff>893922018b3ffff>89392201d4bffff>89392201d43ffff>89392201d5bffff>89392201d53ffff>89392201dcbffff>89392201ddbffff>89392201ca7ffff>8939220036bffff>89392200363ffff>89392200373ffff
10,8,2363,10.185,29,23,17,8939220f027ffff>8939220f037ffff>8939220f1cbffff>8939220f1dbffff>8939220f1d3ffff>8939220f56fffff>8939220f567ffff>8939220f52bffff>8939220f523ffff>8939220f537ffff>8939220f533ffff>8939220f5abffff>8939220f517ffff>8939220f513ffff>8939220f5c7ffff>8939220f5c3ffff>8939220f5dbffff>8939220f4afffff>8939220f4abffff>8939220f407ffff>8939220f417ffff>8939220f48fffff>8939220f483ffff>8939220f493ffff>89392201a2bffff>89392201a3bffff>89392201a07ffff>89392201a17ffff>89392201a8fffff
10,9,2363,10.185,29,10,7,8939220f027ffff>8939220f037ffff>8939220f1cbffff>8939220f1dbffff>8939220f1d3ffff>8939220f56fffff>8939220f567ffff>8939220f52bffff>8939220f523ffff>8939220f537ffff>8939220f533ffff>8939220f5abffff>8939220f517ffff>8939220f513ffff>8939220f5c7ffff>8939220f5c3ffff>8939220f5dbffff>8939220f4afffff>8939220f4abffff>8939220f407ffff>8939220f417ffff>8939220f48fffff>8939220f483ffff>8939220f493ffff>89392201a2bffff>89392201a3bffff>89392201a07ffff>89392201a17ffff>89392201a8fffff
10,10,2363,10.185,29,12,8,8939220f027ffff>8939220f037ffff>8939220f1cbffff>8939220f1dbffff>8939220f1d3ffff>8939220f56fffff>8939220f567ffff>8939220f52bffff>8939220f523ffff>8939220f537ffff>8939220f533ffff>8939220f5abffff>8939220f517ffff>8939220f513ffff>8939220f5c7ffff>8939220f5c3ffff>8939220f5dbffff>8939220f4afffff>8939220f4abffff>8939220f407ffff>8939220f417ffff>8939220f48fffff>8939220f483ffff>8939220f493ffff>89392201a2bffff>89392201a3bffff>89392201a07ffff>89392201a17ffff>89392201a8fffff
10,11,2064,12.065,34,5,3,8939220f40bffff>8939220f403ffff>8939220f407ffff>8939220f417ffff>8939220f48fffff>8939220f483ffff>8939220f493ffff>89392201a2bffff>89392201a3bffff>89392201a07ffff>89392201a17ffff>89392201a8fffff>89392201a87ffff>8939220184bffff>8939220184fffff>89392201847ffff>89392201873ffff>8939220180fffff>89392201877ffff>8939220183bffff>89392201833ffff>893922018abffff>893922018a3ffff>893922018b3ffff>89392201d4bffff>89392201d43ffff>89392201d5bffff>89392201d53ffff>89392201dcbffff>89392201ddbffff>89392201ca7ffff>8939220036bffff>89392200363ffff>89392200373ffff
10,12,1342,11.287,32,40,25,8939220f037ffff>8939220f1cbffff>8939220f1dbffff>8939220f1d3ffff>8939220f56fffff>8939220f567ffff>8939220f52bffff>8939220f523ffff>8939220f537ffff>8939220f533ffff>8939220f5abffff>8939220f517ffff>8939220f513ffff>8939220f58bffff>8939220f583ffff>8939220f593ffff>89392201b2fffff>89392201b23ffff>89392201b37ffff>89392201b33ffff>89392201bafffff>89392201ba7ffff>89392201bb7ffff>8939220196bffff>8939220197bffff>89392201973ffff>8939220190fffff>89392201903ffff>89392201907ffff>89392201917ffff>893922019bbffff>893922019b3ffff
10,13,1257,18.922,53,3,2,8939220f137ffff>8939220c4dbffff>8939220c4d3ffff>8939220e26bffff>8939220e27bffff>8939220e247ffff>8939220e243ffff>8939220e257ffff>8939220e2cfffff>8939220e21bffff>8939220e2c7ffff>8939220e28bffff>8939220e283ffff>8939220e293ffff>8939220e62fffff>8939220e627ffff>8939220e053ffff>8939220e0cbffff>8939220e0cfffff>8939220e0c7ffff>8939220e0cfffff>8939220e0c3ffff>8939220e0cbffff>8939220e0dbffff>8939220e6afffff>8939220e6a3ffff>8939220e6bbffff>8939220e687ffff>8939220e683ffff>8939220e693ffff>89392201967ffff>89392201977ffff>8939220190fffff>8939220190bffff>89392201957ffff>89392201953ffff>89392201827ffff>89392201823ffff>8939220183bffff>89392201833ffff>893922018abffff>893922018a3ffff>893922018b3ffff>89392201d4bffff>89392201d43ffff>89392201d5bffff>89392201d53ffff>89392201dcbffff>89392201ddbffff>89392201ca7ffff>8939220036bffff>89392200363ffff>89392200373ffff
10,14,1050,10.896,31,3,2,8939220e6afffff>8939220e6a3ffff>8939220e6bbffff>8939220e687ffff>8939220e683ffff>8939220e69bffff>8939220e693ffff>89392201967ffff>89392201977ffff>8939220190fffff>8939220190bffff>89392201957ffff>89392201953ffff>89392201827ffff>89392201823ffff>8939220183bffff>89392201833ffff>893922018abffff>893922018a3ffff>893922018b3ffff>89392201d4bffff>89392201d43ffff>89392201d5bffff>89392201d53ffff>89392201dcbffff>89392201ddbffff>89392201ca7ffff>8939220036bffff>89392200363ffff>89392200373ffff>8939220037bffff
10,15,843,10.538,30,14,11,8939220f40bffff>8939220f403ffff>8939220f407ffff>8939220f4abffff>8939220f4afffff>8939220f5dbffff>8939220f5c3ffff>8939220f5c7ffff>8939220f58bffff>8939220f583ffff>8939220f593ffff>89392201b2fffff>89392201b23ffff>89392201b37ffff>89392201b33ffff>89392201bafffff>89392201ba7ffff>89392201bb7ffff>8939220196bffff>8939220197bffff>89392201973ffff>8939220190fffff>89392201903ffff>89392201907ffff>89392201917ffff>893922019bbffff>893922019b3ffff>89392200a4bffff>89392200a4fffff>89392200a43ffff
10,16,787,10.539,30,40,24,8939220f1cbffff>8939220f1dbffff>8939220f1d3ffff>8939220f56fffff>8939220f567ffff>8939220f52bffff>8939220f523ffff>8939220f537ffff>8939220f533ffff>8939220f5abffff>8939220f517ffff>8939220f513ffff>8939220f5c7ffff>8939220f5c3ffff>8939220f5dbffff>8939220f4afffff>8939220f4abffff>8939220f407ffff>8939220f417ffff>8939220f48fffff>8939220f483ffff>8939220f493ffff>89392201a2bffff>89392201a3bffff>89392201a07ffff>89392201a17ffff>89392201a8fffff>89392201a8bffff>89392201ac7ffff>89392201ac3ffff
10,17,739,10.86,31,6,4,8939220f523ffff>8939220f527ffff>8939220e253ffff>8939220e257ffff>8939220e2cfffff>8939220e21bffff>8939220e2c7ffff>8939220e28bffff>8939220e283ffff>8939220e293ffff>8939220e62fffff>8939220e627ffff>8939220e053ffff>8939220e0cfffff>8939220e01bffff>8939220e003ffff>8939220e007ffff>8939220e03bffff>8939220e033ffff>8939220e037ffff>8939220e1cbffff>8939220e1cfffff>8939220e157ffff>8939220e10bffff>8939220e10fffff>8939220e13bffff>8939220e12bffff>8939220e123ffff>8939220e12fffff>8939220e127ffff>8939220ec5bffff
10,18,702,10.501,30,9,7,8939220f567ffff>8939220f52bffff>8939220f523ffff>8939220f527ffff>8939220e253ffff>8939220e257ffff>8939220e2cfffff>8939220e21bffff>8939220e2c7ffff>8939220e28bffff>8939220e283ffff>8939220e293ffff>8939220e62fffff>8939220e627ffff>8939220e053ffff>8939220e0cfffff>8939220e01bffff>8939220e003ffff>8939220e007ffff>8939220e03bffff>8939220e033ffff>8939220e037ffff>8939220e1cbffff>8939220e1cfffff>8939220e157ffff>8939220e10bffff>8939220e11bffff>8939220e10bffff>8939220e103ffff>8939220e107ffff
10,19,650,10.894,31,3,2,8939220f1dbffff>8939220f1d3ffff>8939220f56fffff>8939220f567ffff>8939220f52bffff>8939220f523ffff>8939220f537ffff>8939220f533ffff>8939220f5abffff>8939220f517ffff>8939220f513ffff>8939220f5c7ffff>8939220f5c3ffff>8939220f5dbffff>8939220f4afffff>8939220f4abffff>8939220f407ffff>8939220f417ffff>8939220f48fffff>8939220f483ffff>8939220f493ffff>89392201a2bffff>89392201a3bffff>89392201a07ffff>89392201a17ffff>89392201a8fffff>89392201a8bffff>89392201ac7ffff>89392201ac3ffff>89392201acbffff>8939220ad37ffff
10,20,541,10.173,29,4,3,8939220f00bffff>8939220f057ffff>8939220f0cfffff>8939220f0cbffff>8939220f0dbffff>8939220f6afffff>8939220f6abffff>8939220f617ffff>8939220f68fffff>8939220f613ffff>8939220f68bffff>8939220f6d7ffff>8939220f6d3ffff>8939220a96bffff>8939220abb7ffff>8939220a94fffff>8939220a947ffff>8939220a943ffff>8939220a957ffff>8939220a9cfffff>8939220a9c3ffff>8939220a9d7ffff>8939220a9d3ffff>8939220ad6fffff>8939220ad67ffff>8939220ad77ffff>8939220ad3bffff>8939220ad07ffff>8939220adabffff
10,21,473,14.575,41,5,3,8939220f533ffff>8939220f5abffff>8939220f517ffff>8939220f513ffff>8939220f5c7ffff>8939220f5c3ffff>8939220f5dbffff>8939220f4afffff>8939220f4abffff>8939220f407ffff>8939220f417ffff>8939220f48fffff>8939220f483ffff>8939220f493ffff>89392201a2bffff>89392201a3bffff>89392201a07ffff>89392201a17ffff>89392201a8fffff>89392201a87ffff>8939220184bffff>8939220184fffff>89392201847ffff>89392201873ffff>8939220180fffff>89392201877ffff>8939220183bffff>89392201833ffff>893922018abffff>893922018a3ffff>893922018b3ffff>89392201d4bffff>89392201d43ffff>89392201d5bffff>89392201d53ffff>89392201dcbffff>89392201ddbffff>89392201ca7ffff>8939220036bffff>89392200363ffff>89392200373ffff
10,22,472,10.522,30,3,2,8939220c697ffff>8939220f12fffff>8939220f127ffff>8939220f123ffff>8939220f137ffff>8939220c4dbffff>8939220c4d3ffff>8939220e26bffff>8939220e27bffff>8939220e247ffff>8939220e243ffff>8939220e257ffff>8939220e253ffff>8939220f527ffff>8939220f523ffff>8939220f533ffff>8939220f5abffff>8939220f517ffff>8939220f513ffff>8939220f5c7ffff>8939220f5c3ffff>8939220f5dbffff>8939220f4afffff>8939220f4abffff>8939220f407ffff>8939220f417ffff>8939220f48fffff>8939220f483ffff>8939220f493ffff>89392201a2bffff
10,23,469,14.499,41,15,9,8939220f523ffff>8939220f527ffff>8939220e253ffff>8939220e257ffff>8939220e2cfffff>8939220e21bffff>8939220e2c7ffff>8939220e28bffff>8939220e283ffff>8939220e293ffff>8939220e62fffff>8939220e627ffff>8939220e053ffff>8939220e0cfffff>8939220e01bffff>8939220e003ffff>8939220e007ffff>8939220e03bffff>8939220e033ffff>8939220e037ffff>8939220e1cbffff>8939220e1cfffff>8939220e157ffff>8939220e10bffff>8939220e10fffff>8939220e13bffff>8939220e12bffff>8939220e123ffff>8939220e12fffff>8939220e127ffff>8939220ec5bffff>8939220ec53ffff>8939220ec43ffff>8939220ec47ffff>8939220ec7bffff>8939220ec6bffff>8939220ec6fffff>8939220e8d7ffff>8939220e88bffff>8939220e813ffff>8939220e81bffff
10,24,437,10.946,31,6,4,8939220f58bffff>8939220f583ffff>8939220f593ffff>89392201b2fffff>89392201b23ffff>89392201b37ffff>89392201b33ffff>89392201bafffff>89392201ba7ffff>89392201bb7ffff>8939220196bffff>8939220197bffff>89392201973ffff>8939220190fffff>89392201903ffff>89392201907ffff>89392201917ffff>893922019bbffff>893922019b3ffff>89392200a4fffff>89392200a4bffff>89392200a43ffff>89392200a5bffff>89392201d27ffff>89392200acbffff>89392200adbffff>89392201da7ffff>89392201db7ffff>89392200e4fffff>89392200e43ffff>89392200e57ffff
10,25,351,10.167,29,21,13,8939220e66fffff>8939220e2d7ffff>8939220e29bffff>8939220e66fffff>8939220e663ffff>8939220e67bffff>8939220e64fffff>8939220e64bffff>8939220f597ffff>8939220f593ffff>89392201b2fffff>89392201b23ffff>89392201b37ffff>89392201b33ffff>89392201bafffff>89392201ba7ffff>89392201bb7ffff>8939220196bffff>8939220197bffff>89392201973ffff>8939220190fffff>89392201903ffff>89392201907ffff>89392201917ffff>893922019bbffff>893922019b3ffff>89392200a4bffff>89392200a4fffff>89392200a43ffff
10,26,350,13.477,38,3,2,8939220f037ffff>8939220f1cbffff>8939220f1dbffff>8939220f1d3ffff>8939220f56fffff>8939220f567ffff>8939220f52bffff>8939220f523ffff>8939220f537ffff>8939220f533ffff>8939220f5abffff>8939220f517ffff>8939220f513ffff>8939220f58bffff>8939220f583ffff>8939220f593ffff>89392201b2fffff>89392201b23ffff>89392201b37ffff>89392201b33ffff>89392201bafffff>89392201ba7ffff>89392201bb7ffff>8939220196bffff>8939220197bffff>89392201973ffff>8939220190fffff>89392201903ffff>89392201907ffff>89392201917ffff>893922019bbffff>893922019b3ffff>89392200a4bffff>89392200a4fffff>89392200a43ffff>89392200a57ffff>89392200a1bffff>89392200ac7ffff
10,27,331,11.957,34,7,5,8939220f02fffff>8939220f023ffff>8939220f027ffff>8939220f037ffff>8939220f1cbffff>8939220f1dbffff>8939220f1d3ffff>8939220f56fffff>8939220f567ffff>8939220f52bffff>8939220f523ffff>8939220f527ffff>8939220e253ffff>8939220e257ffff>8939220e2cfffff>8939220e21bffff>8939220e2c7ffff>8939220e28bffff>8939220e283ffff>8939220e293ffff>8939220e62fffff>8939220e627ffff>8939220e053ffff>8939220e0cfffff>8939220e01bffff>8939220e003ffff>8939220e007ffff>8939220e03bffff>8939220e033ffff>8939220e037ffff>8939220e1cbffff>8939220e1cfffff>8939220e157ffff>8939220e10bffff
10,28,324,10.153,29,13,9,8939220e27bffff>8939220e247ffff>8939220e243ffff>8939220e257ffff>8939220e253ffff>8939220f527ffff>8939220f523ffff>8939220f533ffff>8939220f5abffff>8939220f517ffff>8939220f513ffff>8939220f5c7ffff>8939220f5c3ffff>8939220f5dbffff>8939220f4afffff>8939220f4abffff>8939220f407ffff>8939220f417ffff>8939220f48fffff>8939220f483ffff>8939220f493ffff>89392201a2bffff>89392201a3bffff>89392201a07ffff>89392201a17ffff>89392201a8fffff>89392201a8bffff>89392201ac7ffff>89392201ac3ffff
10,29,284,10.53,30,4,3,8939220f403ffff>8939220f407ffff>8939220f4abffff>8939220f4afffff>8939220f5dbffff>8939220f5c3ffff>8939220f5c7ffff>8939220f58bffff>8939220f583ffff>8939220f593ffff>89392201b2fffff>89392201b23ffff>89392201b37ffff>89392201b33ffff>89392201bafffff>89392201ba7ffff>89392201bb7ffff>8939220196bffff>8939220197bffff>89392201973ffff>8939220190fffff>89392201903ffff>89392201907ffff>89392201917ffff>893922019bbffff>893922019b3ffff>89392200a4bffff>89392200a4fffff>89392200a43ffff>89392200a47ffff
10,30,264,10.594,30,3,2,8939220f027ffff>8939220f023ffff>8939220f03bffff>8939220f00fffff>8939220f003ffff>8939220f013ffff>8939220f08bffff>8939220f0c7ffff>8939220f0d7ffff>8939220f0c3ffff>8939220f0d3ffff>8939220f6a7ffff>8939220f6b7ffff>8939220f47bffff>8939220f447ffff>8939220f457ffff>8939220f40bffff>8939220f41bffff>8939220f40bffff>8939220f403ffff>8939220f407ffff>8939220f417ffff>8939220f48fffff>8939220f483ffff>8939220f493ffff>89392201a2bffff>89392201a3bffff>89392201a07ffff>89392201a17ffff>89392201a8fffff
10,31,234,11.263,32,3,2,8939220e637ffff>8939220e6afffff>8939220e6a3ffff>8939220e6bbffff>8939220e687ffff>8939220e683ffff>8939220e693ffff>89392201967ffff>89392201977ffff>89392201973ffff>8939220190fffff>8939220190bffff>89392201957ffff>89392201953ffff>89392201827ffff>89392201823ffff>8939220183bffff>89392201833ffff>893922018abffff>893922018a3ffff>893922018b3ffff>89392201d4bffff>89392201d43ffff>89392201d5bffff>89392201d53ffff>89392201dcbffff>89392201ddbffff>89392201ca7ffff>8939220036bffff>89392200363ffff>89392200373ffff>8939220037bffff
10,32,226,17.079,48,3,2,8939220f1dbffff>8939220f1d3ffff>8939220f56fffff>8939220f567ffff>8939220f52bffff>8939220f523ffff>8939220f537ffff>8939220f533ffff>8939220f5abffff>8939220f517ffff>8939220f513ffff>8939220f5c7ffff>8939220f58bffff>8939220f583ffff>8939220f593ffff>89392201b2fffff>89392201b23ffff>89392201b37ffff>89392201b33ffff>89392201bafffff>89392201ba7ffff>89392201bb7ffff>8939220196bffff>8939220197bffff>89392201963ffff>89392201967ffff>89392201977ffff>8939220190fffff>8939220190bffff>89392201957ffff>89392201953ffff>89392201827ffff>89392201823ffff>8939220183bffff>89392201833ffff>893922018abffff>893922018a3ffff>893922018b3ffff>89392201d4bffff>89392201d43ffff>89392201d5bffff>89392201d53ffff>89392201dcbffff>89392201ddbffff>89392201ca7ffff>8939220036bffff>89392200363ffff>89392200373ffff
10,33,222,12.636,36,6,4,8939220f407ffff>8939220f4abffff>8939220f4afffff>8939220f5dbffff>8939220f5c3ffff>8939220f5c7ffff>8939220f513ffff>8939220f517ffff>8939220f5abffff>8939220f533ffff>8939220f523ffff>8939220f527ffff>8939220e253ffff>8939220e257ffff>8939220e2cfffff>8939220e21bffff>8939220e2c7ffff>8939220e28bffff>8939220e283ffff>8939220e293ffff>8939220e62fffff>8939220e627ffff>8939220e053ffff>8939220e0cfffff>8939220e01bffff>8939220e003ffff>8939220e007ffff>8939220e03bffff>8939220e033ffff>8939220e037ffff>8939220e1cbffff>8939220e1cfffff>8939220e157ffff>8939220e10bffff>8939220e103ffff>8939220e107ffff
10,34,210,10.881,31,8,5,8939220e2d7ffff>8939220e28bffff>8939220e213ffff>8939220e28bffff>8939220e283ffff>8939220e293ffff>8939220e62fffff>8939220e627ffff>8939220e053ffff>8939220e0cfffff>8939220e01bffff>8939220e003ffff>8939220e007ffff>8939220e03bffff>8939220e033ffff>8939220e037ffff>8939220e1cbffff>8939220e1cfffff>8939220e157ffff>8939220e10bffff>8939220e10fffff>8939220e13bffff>8939220e12bffff>8939220e123ffff>8939220e12fffff>8939220e127ffff>8939220ec5bffff>8939220ec53ffff>8939220ec43ffff>8939220ec47ffff>8939220ec7bffff
10,35,197,11.287,32,6,5,8939220e253ffff>8939220f527ffff>8939220f523ffff>8939220f533ffff>8939220f5abffff>8939220f517ffff>8939220f513ffff>8939220f58bffff>8939220f583ffff>8939220f593ffff>89392201b2fffff>89392201b23ffff>89392201b37ffff>89392201b33ffff>89392201bafffff>89392201ba7ffff>89392201bb7ffff>8939220196bffff>8939220197bffff>89392201973ffff>8939220190fffff>89392201903ffff>89392201907ffff>89392201917ffff>893922019bbffff>893922019b3ffff>89392200a4bffff>89392200a4fffff>89392200a43ffff>89392200a57ffff>89392200a1bffff>89392200ac7ffff
10,36,193,10.485,30,6,4,8939220f5cfffff>8939220f5c7ffff>8939220f513ffff>8939220f517ffff>8939220f5abffff>8939220f533ffff>8939220f523ffff>8939220f527ffff>8939220e253ffff>8939220e257ffff>8939220e2cfffff>8939220e21bffff>8939220e2c7ffff>8939220e28bffff>8939220e283ffff>8939220e293ffff>8939220e62fffff>8939220e627ffff>8939220e053ffff>8939220e0cfffff>8939220e01bffff>8939220e003ffff>8939220e007ffff>8939220e03bffff>8939220e033ffff>8939220e037ffff>8939220e1cbffff>8939220e1cfffff>8939220e157ffff>8939220e10bffff
10,37,191,10.509,30,7,5,8939220f1b3ffff>8939220f1b7ffff>8939220e24fffff>8939220e27bffff>8939220e247ffff>8939220e243ffff>8939220e257ffff>8939220e253ffff>8939220f527ffff>8939220f523ffff>8939220f537ffff>8939220f533ffff>8939220f5abffff>8939220f517ffff>8939220f513ffff>8939220f5c7ffff>8939220f5c3ffff>8939220f5dbffff>8939220f4afffff>8939220f4abffff>8939220f407ffff>8939220f417ffff>8939220f48fffff>8939220f483ffff>8939220f493ffff>89392201a2bffff>89392201a3bffff>89392201a07ffff>89392201a17ffff>89392201a8fffff
10,38,186,10.223,29,5,3,89392201c27ffff>89392201d53ffff>89392201d5bffff>89392201d43ffff>89392201d4bffff>893922018b3ffff>893922018a3ffff>893922018abffff>89392201833ffff>8939220183bffff>8939220180fffff>89392201873ffff>8939220180bffff>89392201847ffff>89392201843ffff>8939220184bffff>89392201a87ffff>89392201a8fffff>89392201a17ffff>89392201a07ffff>89392201a3bffff>89392201a2bffff>8939220f493ffff>8939220f483ffff>8939220f48fffff>8939220f417ffff>8939220f407ffff>8939220f43bffff>8939220f423ffff
10,39,184,13.81,39,4,3,8939220e247ffff>8939220e243ffff>8939220e257ffff>8939220e2cfffff>8939220e21bffff>8939220e2c7ffff>8939220e28bffff>8939220e283ffff>8939220e293ffff>8939220e62fffff>8939220e627ffff>8939220e053ffff>8939220e0cbffff>8939220e0cfffff>8939220e0c7ffff>8939220e08bffff>8939220e08fffff>8939220e083ffff>8939220e087ffff>8939220e097ffff>8939220e54bffff>8939220e543ffff>8939220e557ffff>8939220e51bffff>8939220e513ffff>8939220e58fffff>8939220e5bbffff>8939220e587ffff>8939220e5b3ffff>8939220564fffff>89392205647ffff>89392205673ffff>8939220560fffff>8939220560bffff>8939220561bffff>89392205657ffff>893922056cfffff>89392205653ffff>893922056cbffff
10,40,179,13.834,39,3,2,8939220f567ffff>8939220f52bffff>8939220f523ffff>8939220f537ffff>8939220f533ffff>8939220f5abffff>8939220f517ffff>8939220f513ffff>8939220f58bffff>8939220f583ffff>8939220f593ffff>89392201b2fffff>89392201b23ffff>89392201b37ffff>89392201b33ffff>89392201bafffff>89392201ba7ffff>89392201bb7ffff>8939220196bffff>8939220197bffff>89392201973ffff>8939220190fffff>89392201903ffff>89392201907ffff>89392201917ffff>893922019bbffff>893922019b3ffff>89392200a4bffff>89392200a4fffff>89392200a43ffff>89392200a57ffff>89392200a1bffff>89392200ac7ffff>89392200a8bffff>89392200a8fffff>89392200a83ffff>89392200a87ffff>8939220084bffff>89392200843ffff
10,41,157,10.161,29,8,5,8939220f537ffff>8939220f523ffff>8939220f527ffff>8939220e253ffff>8939220e243ffff>8939220e247ffff>8939220e24fffff>8939220e27bffff>8939220e26bffff>8939220c4d3ffff>8939220c4dbffff>8939220f137ffff>8939220f123ffff>8939220f127ffff>8939220f12fffff>8939220c697ffff>8939220c693ffff>8939220c683ffff>8939220c69bffff>8939220c68bffff>8939220c6c7ffff>8939220c6cfffff>8939220c653ffff>8939220c6cbffff>8939220f327ffff>8939220f323ffff>8939220f32bffff>8939220f377ffff>8939220f373ffff
10,42,142,11.223,32,4,4,8939220f567ffff>8939220f52bffff>8939220f523ffff>8939220f527ffff>8939220e253ffff>8939220e257ffff>8939220e2cfffff>8939220e21bffff>8939220e2c7ffff>8939220e28bffff>8939220e283ffff>8939220e293ffff>8939220e62fffff>8939220e627ffff>8939220e053ffff>8939220e0cfffff>8939220e01bffff>8939220e003ffff>8939220e007ffff>8939220e03bffff>8939220e033ffff>8939220e037ffff>8939220e1cbffff>8939220e1cfffff>8939220e157ffff>8939220e10bffff>8939220e103ffff>8939220e107ffff>8939220e103ffff>8939220e113ffff>8939220e11bffff>8939220e1c7ffff
10,43,140,12.717,36,6,4,8939220e66fffff>8939220e2d7ffff>8939220e28bffff>8939220e213ffff>8939220e28bffff>8939220e283ffff>8939220e293ffff>8939220e62fffff>8939220e627ffff>8939220e053ffff>8939220e0cbffff>8939220e0cfffff>8939220e0c7ffff>8939220e08bffff>8939220e08fffff>8939220e083ffff>8939220e087ffff>8939220e097ffff>8939220e54bffff>8939220e543ffff>8939220e557ffff>8939220e51bffff>8939220e513ffff>8939220e58fffff>8939220e5bbffff>8939220e587ffff>8939220e5b3ffff>8939220564fffff>89392205647ffff>89392205673ffff>8939220560fffff>8939220563bffff>8939220562bffff>8939220562fffff>89392205297ffff>89392205287ffff
10,44,139,14.932,42,5,3,8939220f533ffff>8939220f5abffff>8939220f517ffff>8939220f513ffff>8939220f58bffff>8939220f583ffff>8939220f593ffff>89392201b2fffff>89392201b23ffff>89392201b37ffff>89392201b33ffff>89392201bafffff>89392201ba7ffff>89392201bb7ffff>8939220196bffff>8939220197bffff>89392201973ffff>8939220190fffff>89392201903ffff>89392201907ffff>89392201917ffff>893922019bbffff>893922019b3ffff>89392200a4bffff>89392200a4fffff>89392200a43ffff>89392200a57ffff>89392200a1bffff>89392200ac7ffff>89392200a8bffff>89392200a8fffff>89392200a83ffff>89392200a87ffff>8939220084bffff>89392200843ffff>89392200857ffff>8939220081bffff>89392200813ffff>8939220088fffff>89392200883ffff>89392200887ffff>89392200d4bffff
10,45,137,13.85,39,3,2,8939220f517ffff>8939220f513ffff>8939220f5c7ffff>8939220f5c3ffff>8939220f5dbffff>8939220f4afffff>8939220f4abffff>8939220f407ffff>8939220f417ffff>8939220f48fffff>8939220f483ffff>8939220f493ffff>89392201a2bffff>89392201a3bffff>89392201a07ffff>89392201a17ffff>89392201a8fffff>89392201a87ffff>8939220184bffff>89392201843ffff>89392201847ffff>89392201873ffff>8939220180fffff>89392201877ffff>8939220183bffff>89392201833ffff>893922018abffff>893922018a3ffff>893922018b3ffff>89392201d4bffff>89392201d43ffff>89392201d5bffff>89392201d53ffff>89392201dcbffff>89392201ddbffff>89392201ca7ffff>8939220036bffff>89392200363ffff>89392200373ffff
10,46,134,10.529,30,5,3,8939220e253ffff>8939220f527ffff>8939220f523ffff>8939220f533ffff>8939220f5abffff>8939220f517ffff>8939220f513ffff>8939220f5c7ffff>8939220f5c3ffff>8939220f5dbffff>8939220f4afffff>8939220f4abffff>8939220f407ffff>8939220f417ffff>8939220f48fffff>8939220f483ffff>8939220f493ffff>89392201a2bffff>89392201a3bffff>89392201a07ffff>89392201a17ffff>89392201a8fffff>89392201a8bffff>89392201ac7ffff>89392201ac3ffff>89392201acbffff>8939220ad37ffff>8939220adafffff>8939220ad33ffff>8939220adabffff
10,47,131,10.207,29,5,4,8939220f5cfffff>8939220f5c7ffff>8939220f58bffff>8939220f583ffff>8939220f593ffff>89392201b2fffff>89392201b23ffff>89392201b37ffff>89392201b33ffff>89392201bafffff>89392201ba7ffff>89392201bb7ffff>8939220196bffff>8939220197bffff>89392201973ffff>8939220190fffff>89392201903ffff>89392201907ffff>89392201917ffff>893922019bbffff>893922019b3ffff>89392200a4fffff>89392200a4bffff>89392200a43ffff>89392200a5bffff>89392201d27ffff>89392200acbffff>89392200adbffff>89392201da7ffff
10,48,128,12.335,35,6,4,8939220e2c7ffff>8939220e28bffff>8939220e283ffff>8939220e293ffff>8939220e62fffff>8939220e627ffff>8939220e053ffff>8939220e0cbffff>8939220e0cfffff>8939220e0c7ffff>8939220e08bffff>8939220e08fffff>8939220e083ffff>8939220e087ffff>8939220e097ffff>8939220e54bffff>8939220e543ffff>8939220e557ffff>8939220e51bffff>8939220e513ffff>8939220e58fffff>8939220e5bbffff>8939220e587ffff>8939220e5b3ffff>8939220564fffff>89392205647ffff>89392205673ffff>8939220560fffff>8939220563bffff>8939220562bffff>8939220562fffff>89392205297ffff>89392205287ffff>893922052b3ffff>893922052b7ffff
10,49,125,13.107,37,4,3,8939220f1cbffff>8939220f1dbffff>8939220f1d3ffff>8939220f56fffff>8939220f567ffff>8939220f52bffff>8939220f523ffff>8939220f537ffff>8939220f533ffff>8939220f5abffff>8939220f517ffff>8939220f513ffff>8939220f58bffff>8939220f583ffff>8939220f593ffff>89392201b2fffff>89392201b23ffff>89392201b37ffff>89392201b33ffff>89392201bafffff>89392201ba7ffff>89392201bb7ffff>8939220196bffff>8939220197bffff>89392201973ffff>8939220190fffff>89392201903ffff>89392201907ffff>89392201917ffff>893922019bbffff>893922019b3ffff>89392200a4fffff>89392200a4bffff>89392200a43ffff>89392200a5bffff>89392201d27ffff>89392200acbffff
10,50,125,11.232,32,8,5,8939220f167ffff>8939220c69bffff>8939220c683ffff>8939220c68bffff>8939220c69bffff>8939220f16fffff>8939220c6d3ffff>8939220f3a7ffff>8939220f3a3ffff>8939220f3b3ffff>8939220f387ffff>8939220f397ffff>8939220f383ffff>8939220f393ffff>8939220f067ffff>8939220f063ffff>8939220f073ffff>8939220f00bffff>8939220f057ffff>8939220f0cfffff>8939220f0cbffff>8939220f0dbffff>8939220f6afffff>8939220f6abffff>8939220f617ffff>8939220f68fffff>8939220f613ffff>8939220f68bffff>8939220f6d7ffff>8939220f6d3ffff>8939220a96bffff>8939220abb7ffff
10,51,123,13.091,37,6,4,8939220f02bffff>8939220f02fffff>8939220f023ffff>8939220f027ffff>8939220f037ffff>8939220f1cbffff>8939220f1dbffff>8939220f1d3ffff>8939220f56fffff>8939220f567ffff>8939220f52bffff>8939220f523ffff>8939220f537ffff>8939220f533ffff>8939220f5abffff>8939220f517ffff>8939220f513ffff>8939220f5c7ffff>8939220f58bffff>8939220f583ffff>8939220f593ffff>89392201b2fffff>89392201b23ffff>89392201b37ffff>89392201b33ffff>89392201bafffff>89392201ba7ffff>89392201bb7ffff>8939220196bffff>8939220197bffff>89392201973ffff>8939220190fffff>89392201903ffff>89392201907ffff>89392201917ffff>893922019bbffff>893922019b3ffff
10,52,122,12.378,35,4,3,8939220f533ffff>8939220f5abffff>8939220f517ffff>8939220f513ffff>8939220f5c7ffff>8939220f5c3ffff>8939220f5dbffff>8939220f4afffff>8939220f4abffff>8939220f407ffff>8939220f417ffff>8939220f48fffff>8939220f483ffff>8939220f493ffff>89392201a2bffff>89392201a3bffff>89392201a07ffff>89392201a17ffff>89392201a8fffff>89392201a8bffff>89392201a9bffff>89392201e67ffff>89392201e77ffff>89392201e0fffff>89392201e73ffff>89392201e47ffff>89392201e43ffff>89392201e4bffff>8939220ad97ffff>8939220ad83ffff>8939220ad93ffff>8939220132bffff>89392201323ffff>89392201333ffff>893922013abffff
10,53,121,12.775,36,3,2,8939220183bffff>89392201833ffff>893922018abffff>893922018a3ffff>893922018b3ffff>89392201d4bffff>89392201d43ffff>89392201d5bffff>89392201d53ffff>89392201dcbffff>89392201ddbffff>89392201ca7ffff>8939220036bffff>89392200363ffff>89392200373ffff>8939220037bffff>89392200373ffff>89392200363ffff>8939220036bffff>89392201ca7ffff>89392201cafffff>89392201c37ffff>89392201dcbffff>89392201c27ffff>89392201d53ffff>89392201d5bffff>89392201d43ffff>89392201d4bffff>893922018b3ffff>893922018a3ffff>893922018abffff>89392201833ffff>8939220183bffff>8939220180fffff>89392201873ffff>8939220180bffff
10,54,118,11.928,34,5,3,8939220f167ffff>8939220f12bffff>8939220f177ffff>8939220f163ffff>8939220f167ffff>8939220c69bffff>8939220c683ffff>8939220c697ffff>8939220f12fffff>8939220f127ffff>8939220f123ffff>8939220f137ffff>8939220c4dbffff>8939220c4d3ffff>8939220e26bffff>8939220e27bffff>8939220e247ffff>8939220e243ffff>8939220e257ffff>8939220e253ffff>8939220f527ffff>8939220f523ffff>8939220f537ffff>8939220f533ffff>8939220f5abffff>8939220f517ffff>8939220f513ffff>8939220f5c7ffff>8939220f5c3ffff>8939220f5dbffff>8939220f4afffff>8939220f4abffff>8939220f407ffff>8939220f403ffff
10,55,113,14.096,40,12,8,8939220f403ffff>8939220f407ffff>8939220f4abffff>8939220f4afffff>8939220f5dbffff>8939220f5c3ffff>8939220f5c7ffff>8939220f513ffff>8939220f517ffff>8939220f5abffff>8939220f533ffff>8939220f523ffff>8939220f527ffff>8939220e253ffff>8939220e257ffff>8939220e2cfffff>8939220e21bffff>8939220e2c7ffff>8939220e28bffff>8939220e283ffff>8939220e293ffff>8939220e62fffff>8939220e627ffff>8939220e053ffff>8939220e0cfffff>8939220e01bffff>8939220e003ffff>8939220e007ffff>8939220e03bffff>8939220e033ffff>8939220e037ffff>8939220e1cbffff>8939220e1cfffff>8939220e157ffff>8939220e10bffff>8939220e11bffff>8939220e10bffff>8939220e103ffff>8939220e107ffff>8939220e117ffff
10,56,111,10.157,29,3,2,8939220ad77ffff>8939220ad67ffff>8939220ad6fffff>8939220a9d3ffff>8939220a9d7ffff>8939220a9c3ffff>8939220a9cfffff>8939220a957ffff>8939220a943ffff>8939220a94fffff>8939220abb7ffff>8939220a96bffff>8939220f6d3ffff>8939220f6d7ffff>8939220f68bffff>8939220f613ffff>8939220f68fffff>8939220f617ffff>8939220f6abffff>8939220f6afffff>8939220f0dbffff>8939220f0cbffff>8939220f0cfffff>8939220f057ffff>8939220f00bffff>8939220f00fffff>8939220f03bffff>8939220f077ffff>8939220f02bffff
10,57,108,12.741,36,3,2,8939220c697ffff>8939220c45bffff>8939220c443ffff>8939220c457ffff>8939220c41bffff>8939220c40bffff>8939220c403ffff>8939220c40fffff>8939220c43bffff>8939220c42bffff>8939220c093ffff>8939220c097ffff>8939220c083ffff>8939220c08fffff>8939220c013ffff>8939220c003ffff>8939220c00fffff>8939220c077ffff>8939220c067ffff>8939220c39bffff>8939220c38bffff>8939220c38fffff>8939220c3bbffff>8939220c3a3ffff>8939220c3b3ffff>8939220c3b7ffff>8939220c14fffff>8939220c17bffff>8939220c147ffff>8939220c173ffff>8939220c10bffff>8939220c10fffff>8939220c107ffff>8939220c13bffff>8939220c133ffff>8939220c1abffff
10,58,104,10.594,30,4,3,8939220f6afffff>8939220f6a7ffff>8939220f0dbffff>8939220f637ffff>8939220f627ffff>8939220f62fffff>8939220f297ffff>8939220f283ffff>8939220f28fffff>8939220f213ffff>8939220f21bffff>8939220f257ffff>8939220f247ffff>8939220f27bffff>8939220f26bffff>8939220d4d3ffff>8939220d4dbffff>89392208937ffff>89392208927ffff>8939220892fffff>8939220d693ffff>8939220d69bffff>8939220d6d7ffff>8939220d6c3ffff>8939220d6cbffff>89392208b37ffff>89392208b23ffff>89392208b33ffff>89392208b07ffff>89392208b03ffff
10,59,102,11.542,33,8,5,8939220c697ffff>8939220f12fffff>8939220f127ffff>8939220f123ffff>8939220f137ffff>8939220c4dbffff>8939220c4d3ffff>8939220e26bffff>8939220e27bffff>8939220e24fffff>8939220e247ffff>8939220e243ffff>8939220e257ffff>8939220e253ffff>8939220f527ffff>8939220f523ffff>8939220f537ffff>8939220f533ffff>8939220f5abffff>8939220f517ffff>8939220f513ffff>8939220f5c7ffff>8939220f5c3ffff>8939220f5dbffff>8939220f4afffff>8939220f4abffff>8939220f407ffff>8939220f403ffff>8939220f41bffff>8939220f457ffff>8939220f453ffff>8939220a927ffff>8939220a923ffff
10,60,101,13.538,38,3,2,8939220f0d7ffff>8939220f0c3ffff>8939220f0d3ffff>8939220f6a7ffff>8939220f6b7ffff>8939220f47bffff>8939220f447ffff>8939220f457ffff>8939220f40bffff>8939220f403ffff>8939220f407ffff>8939220f417ffff>8939220f48fffff>8939220f483ffff>8939220f493ffff>89392201a2bffff>89392201a3bffff>89392201a07ffff>89392201a17ffff>89392201a8fffff>89392201a8bffff>89392201a9bffff>89392201e67ffff>89392201e77ffff>89392201e0fffff>89392201e03ffff>89392201e13ffff>89392201e8fffff>89392201e83ffff>89392201e87ffff>89392201e97ffff>89392201c5bffff>89392201c53ffff>89392201ccbffff>89392201cc3ffff>89392201cd3ffff>8939220026bffff>89392200263ffff
10,61,101,12.749,36,5,3,8939220f14bffff>8939220f3b3ffff>8939220f3bbffff>8939220f317ffff>8939220f307ffff>8939220f33bffff>8939220f377ffff>8939220f363ffff>8939220f36bffff>8939220d4b7ffff>8939220d4b3ffff>8939220d4a3ffff>8939220d4bbffff>8939220d4abffff>8939220d407ffff>8939220d40fffff>8939220d43bffff>8939220d477ffff>8939220d42bffff>8939220d467ffff>8939220d09bffff>8939220d083ffff>8939220d08bffff>8939220d08fffff>8939220d013ffff>8939220d017ffff>8939220d003ffff>8939220d00fffff>8939220d077ffff>8939220d063ffff>8939220d06fffff>8939220d3d3ffff>8939220d3c3ffff>8939220d3cbffff>8939220d353ffff>8939220d343ffff
10,62,87,14.248,40,3,2,8939220f47bffff>8939220f447ffff>8939220f457ffff>8939220f40bffff>8939220f403ffff>8939220f407ffff>8939220f417ffff>8939220f48fffff>8939220f483ffff>8939220f493ffff>89392201a2bffff>89392201a3bffff>89392201a07ffff>89392201a17ffff>89392201a8fffff>89392201a87ffff>8939220184bffff>8939220184fffff>89392201847ffff>89392201873ffff>8939220180fffff>8939220183bffff>8939220182bffff>8939220183bffff>89392201833ffff>893922018abffff>893922018a3ffff>893922018b3ffff>89392201d4bffff>89392201d43ffff>89392201d5bffff>89392201d53ffff>89392201dcbffff>89392201ddbffff>89392201ca7ffff>8939220036bffff>89392200363ffff>89392200373ffff>8939220037bffff>89392200373ffff
10,63,78,11.648,33,3,2,8939220c403ffff>8939220c40fffff>8939220c43bffff>8939220c42bffff>8939220c093ffff>8939220c097ffff>8939220c083ffff>8939220c08fffff>8939220c013ffff>8939220c003ffff>8939220c00fffff>8939220c077ffff>8939220c067ffff>8939220c39bffff>8939220c38bffff>8939220c38fffff>8939220c3bbffff>8939220c3a3ffff>8939220c3b3ffff>8939220c3b7ffff>8939220c14fffff>8939220c17bffff>8939220c147ffff>8939220c173ffff>8939220c10bffff>8939220c10fffff>8939220c107ffff>8939220c13bffff>8939220c133ffff>8939220c1abffff>8939220c1afffff>8939220c137ffff>8939220c127ffff
10,64,76,11.3,32,7,5,8939220c697ffff>8939220c45bffff>8939220c443ffff>8939220c457ffff>8939220c41bffff>8939220c40bffff>8939220c403ffff>8939220c40fffff>8939220c43bffff>8939220c42bffff>8939220c093ffff>8939220c097ffff>8939220c083ffff>8939220c08fffff>8939220c013ffff>8939220c003ffff>8939220c00fffff>8939220c077ffff>8939220c067ffff>8939220c39bffff>8939220c38bffff>8939220c38fffff>8939220c3bbffff>8939220c3a3ffff>8939220c3b3ffff>8939220c3b7ffff>8939220c3a3ffff>8939220c3afffff>8939220c333ffff>8939220c323ffff>8939220c32bffff>8939220dd93ffff
10,65,73,10.572,30,3,2,8939220c4d3ffff>8939220c4dbffff>8939220f137ffff>8939220f123ffff>8939220f127ffff>8939220f12fffff>8939220c697ffff>8939220c693ffff>8939220c683ffff>8939220c69bffff>8939220c68bffff>8939220c6c7ffff>8939220c61bffff>8939220c657ffff>8939220c60bffff>8939220c647ffff>8939220c67bffff>8939220d5b7ffff>8939220d5a7ffff>8939220d5afffff>8939220d537ffff>8939220d523ffff>8939220d52fffff>8939220d197ffff>8939220d183ffff>8939220d18bffff>8939220d1c7ffff>8939220d1c3ffff>8939220d1cbffff>8939220d027ffff
10,66,71,13.793,39,4,3,8939220e66fffff>8939220e663ffff>8939220e67bffff>8939220e64fffff>8939220e64bffff>8939220f597ffff>89392201b2fffff>89392201b23ffff>89392201b37ffff>89392201b33ffff>89392201bafffff>89392201ba7ffff>89392201bb7ffff>8939220196bffff>8939220197bffff>89392201963ffff>89392201967ffff>89392201977ffff>8939220190fffff>8939220190bffff>89392201957ffff>89392201953ffff>89392201827ffff>89392201823ffff>8939220183bffff>89392201833ffff>893922018abffff>893922018a3ffff>893922018b3ffff>89392201d4bffff>89392201d43ffff>89392201d5bffff>89392201d53ffff>89392201dcbffff>89392201ddbffff>89392201ca7ffff>8939220036bffff>89392200363ffff>89392200373ffff
10,67,69,10.202,29,3,2,8939220f12fffff>8939220c697ffff>8939220c45bffff>8939220c443ffff>8939220c457ffff>8939220c41bffff>8939220c40bffff>8939220c403ffff>8939220c40fffff>8939220c43bffff>8939220c42bffff>8939220c093ffff>8939220c097ffff>8939220c083ffff>8939220c08fffff>8939220c013ffff>8939220c003ffff>8939220c00fffff>8939220c077ffff>8939220c067ffff>8939220c39bffff>8939220c38bffff>8939220c38fffff>8939220c3bbffff>8939220c3a3ffff>8939220c3b3ffff>8939220c3b7ffff>8939220c14fffff>8939220c147ffff
10,68,68,12.364,35,3,2,8939220f43bffff>8939220f407ffff>8939220f4abffff>8939220f4afffff>8939220f5dbffff>8939220f5c3ffff>8939220f5c7ffff>8939220f58bffff>8939220f583ffff>8939220f593ffff>89392201b2fffff>89392201b23ffff>89392201b37ffff>89392201b33ffff>89392201bafffff>89392201ba7ffff>89392201bb7ffff>8939220196bffff>8939220197bffff>89392201973ffff>8939220190fffff>89392201903ffff>89392201907ffff>89392201917ffff>893922019bbffff>893922019b3ffff>89392200a4bffff>89392200a4fffff>89392200a4bffff>89392200a43ffff>89392200a5bffff>89392201d27ffff>89392200acbffff>89392200adbffff>89392201da7ffff
10,69,65,10.146,29,5,3,8939220f023ffff>8939220f03bffff>8939220f00fffff>8939220f00bffff>8939220f057ffff>8939220f0cfffff>8939220f0cbffff>8939220f0dbffff>8939220f6afffff>8939220f6abffff>8939220f617ffff>8939220f68fffff>8939220f613ffff>8939220f68bffff>8939220f6d7ffff>8939220f6d3ffff>8939220a96bffff>8939220abb7ffff>8939220a94fffff>8939220a947ffff>8939220a943ffff>8939220a957ffff>8939220a9cfffff>8939220a9c3ffff>8939220a9d7ffff>8939220a9d3ffff>8939220ad6fffff>8939220ad67ffff>8939220ad77ffff
10,70,64,13.812,39,5,3,8939220e66fffff>8939220e663ffff>8939220e67bffff>8939220e64fffff>8939220e64bffff>8939220f597ffff>8939220f593ffff>89392201b2fffff>89392201b23ffff>89392201b37ffff>89392201b33ffff>89392201bafffff>89392201ba7ffff>89392201bb7ffff>8939220196bffff>8939220197bffff>89392201973ffff>8939220190fffff>89392201903ffff>89392201907ffff>89392201917ffff>893922019bbffff>893922019b3ffff>89392200a4bffff>89392200a4fffff>89392200a43ffff>89392200a57ffff>89392200a1bffff>89392200ac7ffff>89392200a8bffff>89392200a8fffff>89392200a83ffff>89392200a87ffff>8939220084bffff>89392200843ffff>89392200857ffff>8939220081bffff>89392200813ffff>8939220088fffff
10,71,56,10.487,30,3,2,8939220a9cfffff>8939220a9c3ffff>8939220a9d7ffff>8939220a9d3ffff>8939220ad6fffff>8939220a99bffff>8939220a98bffff>8939220a98fffff>8939220a917ffff>8939220a9abffff>8939220a9afffff>8939220a937ffff>8939220f4cbffff>8939220f453ffff>8939220f457ffff>8939220f447ffff>8939220f457ffff>8939220f40bffff>8939220f403ffff>8939220f407ffff>8939220f4abffff>8939220f4afffff>8939220f5dbffff>8939220f5c3ffff>8939220f5c7ffff>8939220f513ffff>8939220f517ffff>8939220f5abffff>8939220f533ffff>8939220f523ffff
10,72,52,13.459,38,3,2,8939220f43bffff>8939220f407ffff>8939220f4abffff>8939220f4afffff>8939220f5dbffff>8939220f5c3ffff>8939220f5c7ffff>8939220f58bffff>8939220f583ffff>8939220f593ffff>89392201b2fffff>89392201b23ffff>89392201b37ffff>89392201b33ffff>89392201bafffff>89392201ba7ffff>89392201bb7ffff>8939220196bffff>8939220197bffff>89392201973ffff>8939220190fffff>89392201903ffff>89392201907ffff>89392201917ffff>893922019bbffff>893922019b3ffff>89392200a4bffff>89392200a4fffff>89392200a43ffff>89392200a57ffff>89392200a1bffff>89392200ac7ffff>89392200a8bffff>89392200a8fffff>89392200a83ffff>89392200a87ffff>8939220084bffff>89392200843ffff
10,74,50,12.372,35,3,2,8939220f533ffff>8939220f5abffff>8939220f517ffff>8939220f513ffff>8939220f5c7ffff>8939220f5c3ffff>8939220f5dbffff>8939220f4afffff>8939220f4abffff>8939220f407ffff>8939220f417ffff>8939220f48fffff>8939220f483ffff>8939220f493ffff>89392201a2bffff>89392201a3bffff>89392201a07ffff>89392201a17ffff>89392201a8fffff>89392201a8bffff>89392201a9bffff>89392201e67ffff>89392201e77ffff>89392201e0fffff>89392201e03ffff>89392201e13ffff>89392201e17ffff>89392201e8fffff>89392201e8bffff>89392201ec7ffff>89392201ec3ffff>89392201ed3ffff>89392201edbffff>893922013a7ffff>893922013a3ffff
10,75,48,10.95,31,3,2,89392201a63ffff>89392201a77ffff>89392201a2bffff>89392201a3bffff>89392201a07ffff>89392201a17ffff>89392201a8fffff>89392201a87ffff>8939220184bffff>8939220184fffff>89392201847ffff>89392201873ffff>8939220180fffff>8939220183bffff>8939220182bffff>8939220183bffff>89392201833ffff>893922018abffff>893922018a3ffff>893922018b3ffff>89392201d4bffff>89392201d43ffff>89392201d5bffff>89392201d53ffff>89392201dcbffff>89392201ddbffff>89392201ca7ffff>8939220036bffff>89392200363ffff>89392200373ffff>8939220037bffff
10,76,43,17.11,48,5,3,8939220e66fffff>8939220e2d7ffff>8939220e28bffff>8939220e213ffff>8939220e28bffff>8939220e283ffff>8939220e293ffff>8939220e62fffff>8939220e627ffff>8939220e053ffff>8939220e0cbffff>8939220e0cfffff>8939220e0c7ffff>8939220e0cfffff>8939220e0c3ffff>8939220e0cbffff>8939220e0dbffff>8939220e637ffff>8939220e6afffff>8939220e6a3ffff>8939220e6bbffff>8939220e687ffff>8939220e683ffff>8939220e693ffff>89392201967ffff>89392201977ffff>8939220190fffff>8939220190bffff>89392201957ffff>89392201953ffff>89392201827ffff>89392201823ffff>8939220183bffff>89392201833ffff>893922018abffff>893922018a3ffff>893922018b3ffff>89392201d4bffff>89392201d43ffff>89392201d5bffff>89392201d53ffff>89392201dcbffff>89392201ddbffff>89392201ca7ffff>8939220036bffff>89392200363ffff>89392200373ffff>8939220037bffff
10,77,42,13.862,39,3,2,8939220f067ffff>8939220f063ffff>8939220f073ffff>8939220f00bffff>8939220f057ffff>8939220f0cfffff>8939220f0c7ffff>8939220f013ffff>8939220f08bffff>8939220f0c7ffff>8939220f0d7ffff>8939220f0c3ffff>8939220f0d3ffff>8939220f6a7ffff>8939220f6b7ffff>8939220f47bffff>8939220f447ffff>8939220f457ffff>8939220f40bffff>8939220f41bffff>8939220f40bffff>8939220f403ffff>8939220f407ffff>8939220f417ffff>8939220f48fffff>8939220f483ffff>8939220f493ffff>89392201a2bffff>89392201a3bffff>89392201a07ffff>89392201a17ffff>89392201a8fffff>89392201a87ffff>8939220184bffff>8939220184fffff>89392201843ffff>89392201847ffff>89392201873ffff>8939220180fffff
10,78,41,12.384,35,5,3,8939220c683ffff>8939220c693ffff>8939220c683ffff>8939220c69bffff>8939220c68bffff>8939220c6c7ffff>8939220c6cfffff>8939220c653ffff>8939220c6cbffff>8939220f327ffff>8939220f323ffff>8939220f32bffff>8939220f377ffff>8939220f373ffff>8939220f347ffff>8939220f343ffff>8939220f35bffff>8939220d497ffff>8939220f22fffff>8939220d493ffff>8939220f22bffff>8939220f267ffff>8939220f263ffff>8939220f26bffff>8939220f27bffff>8939220f247ffff>8939220f257ffff>8939220f21bffff>8939220f213ffff>8939220f28fffff>8939220f283ffff>8939220f297ffff>8939220f62fffff>8939220f627ffff>8939220f05bffff
10,79,40,10.133,29,3,2,8939220c693ffff>8939220c697ffff>8939220f12fffff>8939220f127ffff>8939220f123ffff>8939220f137ffff>8939220c4dbffff>8939220c4d3ffff>8939220e26bffff>8939220e27bffff>8939220e247ffff>8939220e243ffff>8939220e253ffff>8939220f527ffff>8939220f523ffff>8939220f533ffff>8939220f5abffff>8939220f517ffff>8939220f513ffff>8939220f5c7ffff>8939220f5c3ffff>8939220f5dbffff>8939220f4afffff>8939220f4abffff>8939220f407ffff>8939220f403ffff>8939220f40bffff>8939220f457ffff>8939220f447ffff
10,80,38,14.125,40,4,3,8939220f013ffff>8939220f08bffff>8939220f0c7ffff>8939220f0d7ffff>8939220f0c3ffff>8939220f0d3ffff>8939220f6a7ffff>8939220f6b7ffff>8939220f47bffff>8939220f447ffff>8939220f457ffff>8939220f40bffff>8939220f403ffff>8939220f407ffff>8939220f4abffff>8939220f4afffff>8939220f5dbffff>8939220f5c3ffff>8939220f5c7ffff>8939220f513ffff>8939220f517ffff>8939220f5abffff>8939220f533ffff>8939220f523ffff>8939220f527ffff>8939220e253ffff>8939220e257ffff>8939220e2cfffff>8939220e21bffff>8939220e2c7ffff>8939220e28bffff>8939220e283ffff>8939220e293ffff>8939220e62fffff>8939220e627ffff>8939220e053ffff>8939220e0cfffff>8939220e01bffff>8939220e003ffff>8939220e007ffff
10,81,38,13.441,38,4,3,8939220f167ffff>8939220c69bffff>8939220c683ffff>8939220c697ffff>8939220f12fffff>8939220f127ffff>8939220f123ffff>8939220f137ffff>8939220c4dbffff>8939220c4d3ffff>8939220e26bffff>8939220e27bffff>8939220e24fffff>8939220e247ffff>8939220e243ffff>8939220e253ffff>8939220f527ffff>8939220f537ffff>8939220f533ffff>8939220f5abffff>8939220f517ffff>8939220f513ffff>8939220f5c7ffff>8939220f5c3ffff>8939220f5dbffff>8939220f4afffff>8939220f4abffff>8939220f407ffff>8939220f417ffff>8939220f48fffff>8939220f483ffff>8939220f493ffff>89392201a2bffff>89392201a3bffff>89392201a07ffff>89392201a17ffff>89392201a8fffff>89392201a8bffff
10,82,37,11.608,33,3,2,8939220c4d3ffff>8939220e26bffff>8939220e27bffff>8939220e24fffff>8939220e247ffff>8939220e243ffff>8939220e253ffff>8939220f527ffff>8939220f523ffff>8939220f537ffff>8939220f533ffff>8939220f5abffff>8939220f517ffff>8939220f513ffff>8939220f5c7ffff>8939220f5c3ffff>8939220f5dbffff>8939220f4afffff>8939220f4abffff>8939220f407ffff>8939220f417ffff>8939220f48fffff>8939220f483ffff>8939220f493ffff>89392201a2bffff>89392201a3bffff>89392201a07ffff>89392201a17ffff>89392201a8fffff>89392201a8bffff>89392201ac7ffff>89392201ac3ffff>89392201acbffff
10,83,35,10.543,30,3,2,8939220f027ffff>8939220f037ffff>8939220f1cbffff>8939220f1dbffff>8939220f1cbffff>8939220f1c3ffff>8939220f1cfffff>8939220f1c3ffff>8939220f1c7ffff>8939220f1d7ffff>8939220f19bffff>8939220f193ffff>8939220f197ffff>8939220e24bffff>8939220e243ffff>8939220e24fffff>8939220e247ffff>8939220e20bffff>8939220e20fffff>8939220e203ffff>8939220e207ffff>8939220e217ffff>8939220e2abffff>8939220e2bbffff>8939220e2a3ffff>8939220e2b3ffff>8939220e2b7ffff>8939220e04fffff>8939220e07bffff>8939220e047ffff
10,84,33,13.794,39,3,2,8939220e24bffff>8939220e243ffff>8939220e24fffff>8939220e247ffff>8939220e27bffff>8939220e247ffff>8939220e243ffff>8939220e257ffff>8939220e2cfffff>8939220e21bffff>8939220e2c7ffff>8939220e28bffff>8939220e283ffff>8939220e293ffff>8939220e62fffff>8939220e627ffff>8939220e053ffff>8939220e0cfffff>8939220e01bffff>8939220e003ffff>8939220e007ffff>8939220e03bffff>8939220e033ffff>8939220e037ffff>8939220e1cbffff>8939220e1cfffff>8939220e157ffff>8939220e10bffff>8939220e103ffff>8939220e107ffff>8939220e103ffff>8939220e113ffff>8939220e11bffff>8939220e1c7ffff>8939220e1c3ffff>8939220e1d3ffff>8939220e1d7ffff>8939220e56fffff>8939220e1d7ffff
10,85,31,10.945,31,3,2,8939220f447ffff>8939220f47bffff>8939220f6b7ffff>8939220f6a7ffff>8939220f0dbffff>8939220f637ffff>8939220f627ffff>8939220f62fffff>8939220f297ffff>8939220f283ffff>8939220f28fffff>8939220f213ffff>8939220f21bffff>8939220f257ffff>8939220f247ffff>8939220f27bffff>8939220f26bffff>8939220d4d3ffff>8939220d4d7ffff>8939220d48bffff>8939220d413ffff>8939220d417ffff>8939220d403ffff>8939220d407ffff>8939220d43bffff>8939220d40fffff>8939220d407ffff>8939220d4abffff>8939220d4afffff>8939220d437ffff>8939220d427ffff
10,86,29,11.976,34,3,2,8939220e27bffff>8939220e247ffff>8939220e243ffff>8939220e257ffff>8939220e253ffff>8939220f527ffff>8939220f523ffff>8939220f537ffff>8939220f533ffff>8939220f5abffff>8939220f517ffff>8939220f513ffff>8939220f5c7ffff>8939220f5c3ffff>8939220f5dbffff>8939220f4afffff>8939220f4abffff>8939220f407ffff>8939220f417ffff>8939220f48fffff>8939220f483ffff>8939220f493ffff>89392201a2bffff>89392201a3bffff>89392201a07ffff>89392201a17ffff>89392201a8fffff>89392201a83ffff>89392201a8bffff>89392201a9bffff>89392201e67ffff>89392201e63ffff>89392201e6bffff>8939220adb7ffff
10,87,28,11.988,34,4,3,8939220037bffff>89392200373ffff>89392200363ffff>8939220036bffff>89392201ca7ffff>89392201cafffff>89392201c37ffff>89392201c27ffff>89392201d53ffff>89392201d5bffff>89392201d43ffff>89392201d4bffff>893922018b3ffff>893922018a3ffff>893922018abffff>89392201833ffff>8939220183bffff>89392201823ffff>89392201827ffff>89392201953ffff>89392201957ffff>8939220190bffff>8939220190fffff>89392201973ffff>89392201977ffff>89392201967ffff>89392201963ffff>89392201973ffff>8939220197bffff>8939220196bffff>89392201bb7ffff>89392201ba7ffff>89392201bafffff>89392201b33ffff
10,88,28,11.627,33,3,2,8939220e66fffff>8939220e2d7ffff>8939220e2c3ffff>8939220e2cbffff>8939220f537ffff>8939220f523ffff>8939220f527ffff>8939220e253ffff>8939220e243ffff>8939220e247ffff>8939220e24fffff>8939220e27bffff>8939220e26bffff>8939220c4d3ffff>8939220c4dbffff>8939220f137ffff>8939220f123ffff>8939220f127ffff>8939220f12fffff>8939220c697ffff>8939220c693ffff>8939220c683ffff>8939220c69bffff>8939220c68bffff>8939220c6c7ffff>8939220c6cfffff>8939220c653ffff>8939220c6cbffff>8939220f327ffff>8939220f323ffff>8939220f32bffff>8939220f377ffff>8939220f367ffff
10,89,26,14.562,41,5,3,8939220f537ffff>8939220f533ffff>8939220f5abffff>8939220f517ffff>8939220f513ffff>8939220f5c7ffff>8939220f5c3ffff>8939220f5dbffff>8939220f4afffff>8939220f4abffff>8939220f407ffff>8939220f403ffff>8939220f40bffff>8939220f457ffff>8939220f447ffff>8939220f47bffff>8939220f6b7ffff>8939220f6a7ffff>8939220f0dbffff>8939220f637ffff>8939220f627ffff>8939220f62fffff>8939220f297ffff>8939220f283ffff>8939220f28fffff>8939220f213ffff>8939220f21bffff>8939220f257ffff>8939220f247ffff>8939220f27bffff>8939220f26bffff>8939220d4d3ffff>8939220d4dbffff>89392208937ffff>89392208927ffff>8939220892fffff>8939220d693ffff>8939220d69bffff>8939220d6d7ffff>8939220d6c3ffff>8939220d6cbffff
10,90,25,12.012,34,3,2,8939220f19bffff>8939220f567ffff>8939220f52bffff>8939220f523ffff>8939220f537ffff>8939220f533ffff>8939220f5abffff>8939220f517ffff>8939220f513ffff>8939220f5c7ffff>8939220f5c3ffff>8939220f5dbffff>8939220f4afffff>8939220f4abffff>8939220f407ffff>8939220f417ffff>8939220f48fffff>8939220f483ffff>8939220f493ffff>89392201a2bffff>89392201a3bffff>89392201a07ffff>89392201a17ffff>89392201a8fffff>89392201a8bffff>89392201a9bffff>89392201e67ffff>89392201e77ffff>89392201e0fffff>89392201e03ffff>89392201e13ffff>89392201e17ffff>89392201e8fffff>89392201e8bffff
10,91,25,10.513,30,3,2,89392201b7bffff>89392201b63ffff>89392201b6fffff>89392201b67ffff>8939220f59bffff>8939220f583ffff>8939220f58bffff>8939220f5c7ffff>8939220f513ffff>8939220f517ffff>8939220f5abffff>8939220f533ffff>8939220f523ffff>8939220f527ffff>8939220e253ffff>8939220e257ffff>8939220e243ffff>8939220e247ffff>8939220e24fffff>8939220e27bffff>8939220e26bffff>8939220c4d3ffff>8939220c4dbffff>8939220f137ffff>8939220f123ffff>8939220f12fffff>8939220f12bffff>8939220c693ffff>8939220f167ffff>8939220f12bffff
10,92,24,11.271,32,3,2,8939220e247ffff>8939220e243ffff>8939220e253ffff>8939220f527ffff>8939220f537ffff>8939220f533ffff>8939220f5abffff>8939220f517ffff>8939220f513ffff>8939220f58bffff>8939220f583ffff>8939220f593ffff>89392201b2fffff>89392201b23ffff>89392201b37ffff>89392201b33ffff>89392201bafffff>89392201ba7ffff>89392201bb7ffff>8939220196bffff>8939220197bffff>89392201973ffff>8939220190fffff>89392201903ffff>89392201907ffff>89392201917ffff>893922019bbffff>893922019b3ffff>89392200a4bffff>89392200a4fffff>89392200a43ffff>89392200a47ffff
10,93,21,10.964,31,3,2,8939220f00fffff>8939220f003ffff>8939220f013ffff>8939220f08fffff>8939220f083ffff>8939220f097ffff>8939220f55bffff>8939220f427ffff>8939220f423ffff>8939220f43bffff>8939220f407ffff>8939220f417ffff>8939220f48fffff>8939220f483ffff>8939220f493ffff>89392201a2bffff>89392201a3bffff>89392201a07ffff>89392201a17ffff>89392201a8fffff>89392201a8bffff>89392201a83ffff>89392201a8bffff>89392201a9bffff>89392201e67ffff>89392201e77ffff>89392201e0fffff>89392201e73ffff>89392201e47ffff>89392201e43ffff>89392201e4bffff
10,94,19,11.975,34,3,2,89392201a77ffff>89392201a67ffff>89392201a2bffff>8939220f493ffff>8939220f483ffff>8939220f48fffff>8939220f417ffff>8939220f407ffff>8939220f4abffff>8939220f4afffff>8939220f5dbffff>8939220f5c3ffff>8939220f5c7ffff>8939220f513ffff>8939220f517ffff>8939220f5abffff>8939220f533ffff>8939220f523ffff>8939220f527ffff>8939220e253ffff>8939220e257ffff>8939220e243ffff>8939220e247ffff>8939220e24fffff>8939220e27bffff>8939220e26bffff>8939220c4d3ffff>8939220c4dbffff>8939220f137ffff>8939220f123ffff>8939220f127ffff>8939220f12fffff>8939220c693ffff>8939220c683ffff
10,95,18,18.884,53,3,2,8939220f0d7ffff>8939220f0c3ffff>8939220f0d3ffff>8939220f6a7ffff>8939220f6b7ffff>8939220f47bffff>8939220f447ffff>8939220f457ffff>8939220f40bffff>8939220f41bffff>8939220f403ffff>8939220f407ffff>8939220f4abffff>8939220f4afffff>8939220f5dbffff>8939220f5c3ffff>8939220f5c7ffff>8939220f58bffff>8939220f583ffff>8939220f593ffff>89392201b2fffff>89392201b23ffff>89392201b37ffff>89392201b33ffff>89392201bafffff>89392201ba7ffff>89392201bb7ffff>8939220196bffff>8939220197bffff>89392201963ffff>89392201967ffff>89392201977ffff>8939220190fffff>8939220190bffff>89392201957ffff>89392201953ffff>89392201827ffff>89392201823ffff>8939220183bffff>89392201833ffff>893922018abffff>893922018a3ffff>893922018b3ffff>89392201d4bffff>89392201d43ffff>89392201d5bffff>89392201d53ffff>89392201dcbffff>89392201ddbffff>89392201ca7ffff>8939220036bffff>89392200363ffff>89392200373ffff
10,96,18,14.872,42,3,2,8939220e27bffff>8939220e247ffff>8939220e243ffff>8939220e257ffff>8939220e2cfffff>8939220e21bffff>8939220e2c7ffff>8939220e28bffff>8939220e283ffff>8939220e293ffff>8939220e62fffff>8939220e627ffff>8939220e053ffff>8939220e0cfffff>8939220e01bffff>8939220e003ffff>8939220e007ffff>8939220e03bffff>8939220e033ffff>8939220e037ffff>8939220e1cbffff>8939220e1cfffff>8939220e157ffff>8939220e10bffff>8939220e10fffff>8939220e13bffff>8939220e12bffff>8939220e123ffff>8939220e12fffff>8939220e127ffff>8939220ec5bffff>8939220ec53ffff>8939220ec43ffff>8939220ec47ffff>8939220ec7bffff>8939220ec63ffff>8939220ec6bffff>8939220ec6fffff>8939220e8d7ffff>8939220e88bffff>8939220e813ffff>8939220e81bffff
10,97,18,14.155,40,5,3,8939220f397ffff>8939220f14bffff>8939220f143ffff>8939220f14fffff>8939220f17bffff>8939220f163ffff>8939220f167ffff>8939220c69bffff>8939220c683ffff>8939220c693ffff>8939220c697ffff>8939220f12fffff>8939220f127ffff>8939220f123ffff>8939220f137ffff>8939220c4dbffff>8939220c4d3ffff>8939220e26bffff>8939220e27bffff>8939220e24fffff>8939220e247ffff>8939220e243ffff>8939220e257ffff>8939220e253ffff>8939220e257ffff>8939220e2cfffff>8939220e21bffff>8939220e2c7ffff>8939220e28bffff>8939220e283ffff>8939220e293ffff>8939220e62fffff>8939220e627ffff>8939220e053ffff>8939220e0cbffff>8939220e0cfffff>8939220e0c7ffff>8939220e0cfffff>8939220e0c3ffff>8939220e0cbffff
10,98,18,10.159,29,6,4,8939220f1dbffff>8939220f0a7ffff>8939220f0a3ffff>8939220f0bbffff>8939220f087ffff>8939220f083ffff>8939220f097ffff>8939220f083ffff>8939220f093ffff>8939220f467ffff>8939220f477ffff>8939220f473ffff>8939220f447ffff>8939220f457ffff>8939220f453ffff>8939220f4cbffff>8939220a937ffff>8939220a9afffff>8939220a9abffff>8939220a917ffff>8939220a98fffff>8939220a98bffff>8939220a99bffff>8939220ad6fffff>8939220ad67ffff>8939220ad77ffff>8939220ad3bffff>8939220ad07ffff>8939220adabffff
10,99,17,10.861,31,3,2,8939220f453ffff>8939220f457ffff>8939220f447ffff>8939220f457ffff>8939220f40bffff>8939220f41bffff>8939220f40bffff>8939220f403ffff>8939220f407ffff>8939220f4abffff>8939220f4afffff>8939220f5dbffff>8939220f5c3ffff>8939220f5c7ffff>8939220f513ffff>8939220f517ffff>8939220f5abffff>8939220f533ffff>8939220f523ffff>8939220f527ffff>8939220e253ffff>8939220e257ffff>8939220e243ffff>8939220e247ffff>8939220e24fffff>8939220e27bffff>8939220e26bffff>8939220c4d3ffff>8939220e26fffff>8939220c4d7ffff>8939220c4c7ffff
10,100,16,23.631,66,3,2,8939220f027ffff>8939220f023ffff>8939220f027ffff>8939220f037ffff>8939220f1cbffff>8939220f1dbffff>8939220f1d3ffff>8939220f56fffff>8939220f567ffff>8939220f52bffff>8939220f523ffff>8939220f527ffff>8939220e253ffff>8939220e257ffff>8939220e2cfffff>8939220e21bffff>8939220e2c7ffff>8939220e28bffff>8939220e283ffff>8939220e293ffff>8939220e62fffff>8939220e627ffff>8939220e053ffff>8939220e0cbffff>8939220e0cfffff>8939220e0c7ffff>8939220e0cfffff>8939220e0c3ffff>8939220e0cbffff>8939220e0dbffff>8939220e6afffff>8939220e6a3ffff>8939220e6bbffff>8939220e687ffff>8939220e683ffff>8939220e693ffff>89392201967ffff>89392201977ffff>8939220190fffff>8939220190bffff>89392201957ffff>89392201953ffff>89392201827ffff>89392201823ffff>8939220183bffff>89392201833ffff>893922018abffff>893922018a3ffff>893922018b3ffff>89392201d4bffff>89392201d43ffff>89392201d5bffff>89392201d53ffff>89392201dcbffff>89392201ddbffff>89392201ca7ffff>8939220036bffff>89392200363ffff>89392200373ffff>8939220037bffff>89392200373ffff>89392200363ffff>8939220036bffff>89392201ca7ffff>89392201cafffff>89392201c37ffff
20,1,16,23.631,66,3,2,8939220f027ffff>8939220f023ffff>8939220f027ffff>8939220f037ffff>8939220f1cbffff>8939220f1dbffff>8939220f1d3ffff>8939220f56fffff>8939220f567ffff>8939220f52bffff>8939220f523ffff>8939220f527ffff>8939220e253ffff>8939220e257ffff>8939220e2cfffff>8939220e21bffff>8939220e2c7ffff>8939220e28bffff>8939220e283ffff>8939220e293ffff>8939220e62fffff>8939220e627ffff>8939220e053ffff>8939220e0cbffff>8939220e0cfffff>8939220e0c7ffff>8939220e0cfffff>8939220e0c3ffff>8939220e0cbffff>8939220e0dbffff>8939220e6afffff>8939220e6a3ffff>8939220e6bbffff>8939220e687ffff>8939220e683ffff>8939220e693ffff>89392201967ffff>89392201977ffff>8939220190fffff>8939220190bffff>89392201957ffff>89392201953ffff>89392201827ffff>89392201823ffff>8939220183bffff>89392201833ffff>893922018abffff>893922018a3ffff>893922018b3ffff>89392201d4bffff>89392201d43ffff>89392201d5bffff>89392201d53ffff>89392201dcbffff>89392201ddbffff>89392201ca7ffff>8939220036bffff>89392200363ffff>89392200373ffff>8939220037bffff>89392200373ffff>89392200363ffff>8939220036bffff>89392201ca7ffff>89392201cafffff>89392201c37ffff
