min_len_km,rank,support,length_km,n_cells,route
1,1,68133,1.098,4,8939220f1cbffff>8939220f1dbffff>8939220f1d3ffff>8939220f56fffff
1,2,66413,1.093,4,8939220f027ffff>8939220f037ffff>8939220f1cbffff>8939220f1dbffff
1,3,42662,2.193,7,8939220f1cbffff>8939220f1dbffff>8939220f1d3ffff>8939220f56fffff>8939220f567ffff>8939220f52bffff>8939220f523ffff
1,4,37819,1.436,5,8939220e247ffff>8939220e243ffff>8939220e257ffff>8939220e253ffff>8939220f527ffff
1,5,37230,1.071,4,8939220f523ffff>8939220f527ffff>8939220e253ffff>8939220e257ffff
1,6,35150,1.101,4,8939220f1cfffff>8939220f1c3ffff>8939220f1cbffff>8939220f1dbffff
1,7,33993,1.447,5,8939220f167ffff>8939220f12bffff>8939220f177ffff>8939220f10fffff>8939220f10bffff
1,8,32113,1.818,6,8939220f067ffff>8939220f063ffff>8939220f073ffff>8939220f00bffff>8939220f057ffff>8939220f0cfffff
1,9,30335,1.09,4,8939220f12bffff>8939220f167ffff>8939220c69bffff>8939220c683ffff
1,10,27789,1.093,4,8939220f447ffff>8939220f457ffff>8939220f40bffff>8939220f41bffff
1,11,27649,1.101,4,8939220f6b7ffff>8939220f47bffff>8939220f447ffff>8939220f457ffff
1,12,24865,1.082,4,8939220f523ffff>8939220f527ffff>8939220e253ffff>8939220e243ffff
1,13,23874,1.072,4,8939220f6b7ffff>8939220f6b3ffff>8939220f687ffff>8939220f683ffff
1,14,23321,1.082,4,8939220f457ffff>8939220f447ffff>8939220f473ffff>8939220f477ffff
1,15,22194,2.889,9,8939220f027ffff>8939220f023ffff>8939220f03bffff>8939220f00fffff>8939220f003ffff>8939220f013ffff>8939220f08bffff>8939220f0d7ffff>8939220f0d3ffff
1,16,22053,1.45,5,8939220f467ffff>8939220f477ffff>8939220f473ffff>8939220f447ffff>8939220f457ffff
1,17,21485,1.436,5,8939220f523ffff>8939220f527ffff>8939220e253ffff>8939220e257ffff>8939220e243ffff
1,18,20573,1.082,4,8939220f093ffff>8939220f467ffff>8939220f477ffff>8939220f473ffff
1,19,19167,1.807,6,8939220f55bffff>8939220f543ffff>8939220f54fffff>8939220f57bffff>8939220f563ffff>8939220f56fffff
1,20,19085,1.082,4,8939220e247ffff>8939220e243ffff>8939220e253ffff>8939220f527ffff
1,21,17982,1.439,5,8939220f08fffff>8939220f0bbffff>8939220f0a3ffff>8939220f0afffff>8939220f1dbffff
1,22,17202,2.18,7,8939220f167ffff>8939220f12bffff>8939220f177ffff>8939220f10fffff>8939220f10bffff>8939220f147ffff>8939220f157ffff
1,23,16589,1.093,4,8939220f447ffff>8939220f457ffff>8939220f453ffff>8939220f4cbffff
1,24,15787,1.439,5,8939220f0dbffff>8939220f6afffff>8939220f6abffff>8939220f617ffff>8939220f68fffff
1,25,15436,1.087,4,8939220e24fffff>8939220e27bffff>8939220e273ffff>8939220e20fffff
1,26,14896,1.082,4,8939220f19bffff>8939220f18bffff>8939220f18fffff>8939220f1bbffff
1,27,14864,1.093,4,8939220f44fffff>8939220f47bffff>8939220f447ffff>8939220f457ffff
1,28,14520,1.429,5,8939220f6b7ffff>8939220f6b3ffff>8939220f687ffff>8939220f683ffff>8939220f69bffff
1,29,13801,1.087,4,8939220f523ffff>8939220f537ffff>8939220e2cbffff>8939220e2c3ffff
1,30,13762,3.614,11,8939220f027ffff>8939220f023ffff>8939220f03bffff>8939220f00fffff>8939220f003ffff>8939220f013ffff>8939220f08bffff>8939220f0d7ffff>8939220f0d3ffff>8939220f46bffff>8939220f6b7ffff
1,31,13475,1.45,5,8939220f447ffff>8939220f457ffff>8939220f453ffff>8939220f4cbffff>8939220a937ffff
1,32,13461,2.543,8,8939220f067ffff>8939220f063ffff>8939220f073ffff>8939220f00bffff>8939220f057ffff>8939220f0cfffff>8939220f0cbffff>8939220f0dbffff
1,33,13314,1.447,5,8939220f1bbffff>8939220f1b3ffff>8939220f1b7ffff>8939220e24fffff>8939220e27bffff
1,34,13126,1.09,4,8939220e2d7ffff>8939220e29bffff>8939220e66fffff>8939220e663ffff
1,35,12909,1.082,4,8939220f68fffff>8939220f617ffff>8939220f6abffff>8939220f6afffff
1,36,12888,1.082,4,8939220e24fffff>8939220e27bffff>8939220e247ffff>8939220e243ffff
1,37,12654,1.093,4,8939220f4cbffff>8939220f453ffff>8939220f457ffff>8939220f447ffff
1,38,12527,2.54,8,8939220f027ffff>8939220f023ffff>8939220f03bffff>8939220f00fffff>8939220f003ffff>8939220f013ffff>8939220f08fffff>8939220f083ffff
1,39,11232,2.173,7,8939220a93bffff>8939220a92bffff>8939220a923ffff>8939220a927ffff>8939220f453ffff>8939220f457ffff>8939220f447ffff
1,40,11205,2.565,8,8939220f407ffff>8939220f417ffff>8939220f48fffff>8939220f483ffff>8939220f493ffff>89392201a2bffff>89392201a2fffff>89392201a23ffff
1,41,11045,1.45,5,8939220a973ffff>8939220a963ffff>8939220a96fffff>8939220f69bffff>8939220f683ffff
1,42,10653,1.437,5,8939220f027ffff>8939220f023ffff>8939220f03bffff>8939220f00fffff>8939220f007ffff
1,43,10153,4.736,14,8939220f12bffff>8939220f167ffff>8939220c69bffff>8939220c683ffff>8939220c693ffff>8939220c697ffff>8939220f12fffff>8939220f127ffff>8939220f123ffff>8939220f137ffff>8939220c4dbffff>8939220c4d3ffff>8939220e26bffff>8939220e27bffff
1,44,9926,2.554,8,8939220f407ffff>8939220f417ffff>8939220f48fffff>8939220f483ffff>8939220f493ffff>89392201a2bffff>89392201a77ffff>89392201a73ffff
1,45,9843,1.44,5,8939220f447ffff>8939220f457ffff>8939220f453ffff>8939220a927ffff>8939220a923ffff
1,46,9444,1.071,4,8939220e64bffff>8939220e64fffff>8939220e67bffff>8939220e663ffff
1,47,9311,1.098,4,8939220f19bffff>8939220f567ffff>8939220f52bffff>8939220f523ffff
1,48,9186,5.09,15,8939220e247ffff>8939220e243ffff>8939220e257ffff>8939220e2cfffff>8939220e21bffff>8939220e2c7ffff>8939220e28bffff>8939220e283ffff>8939220e293ffff>8939220e62fffff>8939220e627ffff>8939220e053ffff>8939220e0cbffff>8939220e0cfffff>8939220e0c7ffff
1,49,8654,1.808,6,8939220f68bffff>8939220f6d7ffff>8939220f6d3ffff>8939220a96bffff>8939220abb7ffff>8939220a94fffff
1,50,8637,4.376,13,8939220f12bffff>8939220f167ffff>8939220c69bffff>8939220c683ffff>8939220c697ffff>8939220f12fffff>8939220f127ffff>8939220f123ffff>8939220f137ffff>8939220c4dbffff>8939220c4d3ffff>8939220e26bffff>8939220e27bffff
1,51,8634,2.522,8,8939220f6b7ffff>8939220f6b3ffff>8939220f687ffff>8939220f683ffff>8939220f69bffff>8939220a96fffff>8939220a963ffff>8939220a973ffff
1,52,8566,1.088,4,89392201a0bffff>89392201a47ffff>89392201a43ffff>89392201a4bffff
1,53,8539,1.082,4,8939220a96bffff>8939220f6d3ffff>8939220f6d7ffff>8939220f68bffff
1,54,8527,1.093,4,8939220f57bffff>8939220f547ffff>8939220f543ffff>8939220f54fffff
1,55,8113,2.895,9,8939220a973ffff>8939220a977ffff>8939220a93bffff>8939220a92bffff>8939220a923ffff>8939220a927ffff>8939220f453ffff>8939220f457ffff>8939220f447ffff
1,56,7889,1.439,5,8939220f0c7ffff>8939220f013ffff>8939220f08bffff>8939220f0d7ffff>8939220f0d3ffff
1,57,7456,1.804,6,89392201b63ffff>89392201b7bffff>89392201b73ffff>89392201b47ffff>89392201b57ffff>89392201b53ffff
1,58,7419,1.461,5,8939220f6b7ffff>8939220f44fffff>8939220f47bffff>8939220f447ffff>8939220f457ffff
1,59,6785,3.98,12,8939220f0dbffff>8939220f6afffff>8939220f6abffff>8939220f617ffff>8939220f68fffff>8939220f613ffff>8939220f68bffff>8939220f6d7ffff>8939220f6d3ffff>8939220a96bffff>8939220abb7ffff>8939220a94fffff
1,60,6747,1.445,5,89392201a0bffff>89392201a47ffff>89392201a43ffff>89392201a4bffff>8939220a997ffff
1,61,6462,1.093,4,8939220a99bffff>8939220a98bffff>8939220a98fffff>8939220a917ffff
1,62,6297,1.804,6,8939220f087ffff>8939220f54bffff>8939220f54fffff>8939220f57bffff>8939220f563ffff>8939220f56fffff
1,63,6294,3.622,11,8939220f067ffff>8939220f063ffff>8939220f073ffff>8939220f00bffff>8939220f057ffff>8939220f0cfffff>8939220f0c7ffff>8939220f013ffff>8939220f08bffff>8939220f0d7ffff>8939220f0d3ffff
1,64,6245,1.079,4,8939220f083ffff>8939220f08bffff>8939220f0d7ffff>8939220f0d3ffff
1,65,5955,1.082,4,8939220f1bbffff>8939220f1a3ffff>8939220f1b3ffff>8939220f1b7ffff
1,66,5943,2.167,7,8939220ad2fffff>8939220a993ffff>8939220a997ffff>89392201a4bffff>89392201a43ffff>89392201a47ffff>89392201a0bffff
1,67,5789,1.447,5,8939220c483ffff>8939220c497ffff>8939220e34bffff>8939220e35bffff>8939220e343ffff
1,68,5672,2.903,9,89392201b5bffff>89392201b53ffff>89392201b57ffff>89392201b47ffff>89392201b73ffff>89392201b7bffff>89392201b63ffff>89392201b6fffff>89392201b67ffff
1,69,5628,1.804,6,8939220e2d7ffff>8939220e29bffff>8939220e66fffff>8939220e663ffff>8939220e67bffff>8939220e64fffff
1,70,5535,2.533,8,8939220f447ffff>8939220f457ffff>8939220f453ffff>8939220f4cbffff>8939220a937ffff>8939220a9afffff>8939220a9abffff>8939220a917ffff
1,71,5479,2.17,7,89392201b63ffff>89392201b7bffff>89392201b73ffff>89392201b47ffff>89392201b57ffff>89392201b53ffff>89392201b5bffff
1,72,5403,1.082,4,8939220e343ffff>8939220e35bffff>8939220e34bffff>8939220c497ffff
1,73,5401,2.542,8,8939220f167ffff>8939220f12bffff>8939220f177ffff>8939220f10fffff>8939220f10bffff>8939220f103ffff>8939220f117ffff>8939220f1bbffff
1,74,5292,1.101,4,8939220e26fffff>8939220c4d3ffff>8939220e26bffff>8939220e27bffff
1,75,5237,2.196,7,8939220f1cbffff>8939220f1dbffff>8939220f1d3ffff>8939220f56fffff>8939220f567ffff>8939220f52bffff>8939220f193ffff
1,76,5226,1.804,6,8939220f55bffff>8939220f427ffff>8939220f423ffff>8939220f42bffff>8939220f477ffff>8939220f473ffff
1,77,5195,2.919,9,8939220f407ffff>8939220f417ffff>8939220f48fffff>8939220f483ffff>8939220f493ffff>89392201a2bffff>89392201a77ffff>89392201a73ffff>89392201a0fffff
1,78,5153,5.856,17,8939220182bffff>8939220183bffff>89392201833ffff>893922018abffff>893922018a3ffff>893922018b3ffff>89392201d4bffff>89392201d43ffff>89392201d5bffff>89392201d53ffff>89392201dcbffff>89392201ddbffff>89392201ca7ffff>8939220036bffff>89392200363ffff>89392200373ffff>8939220037bffff
1,79,5116,1.09,4,8939220f1bbffff>8939220f1b3ffff>8939220f1b7ffff>8939220f1a7ffff
1,80,5106,1.444,5,8939220f167ffff>8939220f12bffff>8939220f177ffff>8939220f163ffff>8939220f17bffff
1,81,5067,2.167,7,89392201a0bffff>89392201a47ffff>89392201a43ffff>89392201a4bffff>8939220a997ffff>8939220a993ffff>8939220ad2fffff
1,82,5030,1.455,5,8939220f0dbffff>8939220f637ffff>8939220f627ffff>8939220f623ffff>8939220f62bffff
1,83,4846,2.545,8,8939220f167ffff>8939220f12bffff>8939220f177ffff>8939220f10fffff>8939220f10bffff>8939220f103ffff>8939220f117ffff>8939220f18fffff
1,84,4723,3.244,10,8939220f43bffff>8939220f423ffff>8939220f42bffff>8939220f42fffff>8939220f55bffff>8939220f543ffff>8939220f54fffff>8939220f57bffff>8939220f563ffff>8939220f56fffff
1,85,4480,3.257,10,8939220f15bffff>8939220f027ffff>8939220f023ffff>8939220f03bffff>8939220f00fffff>8939220f003ffff>8939220f013ffff>8939220f08bffff>8939220f0d7ffff>8939220f0d3ffff
1,86,4380,1.807,6,8939220f0dbffff>8939220f6afffff>8939220f6abffff>8939220f617ffff>8939220f68fffff>8939220f683ffff
1,87,4278,5.113,15,8939220f407ffff>8939220f417ffff>8939220f48fffff>8939220f483ffff>8939220f493ffff>89392201a2bffff>89392201a3bffff>89392201a07ffff>89392201a17ffff>89392201a8fffff>89392201a8bffff>89392201ac7ffff>89392201ac3ffff>89392201acbffff>8939220ad37ffff
1,88,4249,2.173,7,8939220f68bffff>8939220f6d7ffff>8939220f6d3ffff>8939220a96bffff>8939220abb7ffff>8939220a94fffff>8939220a947ffff
1,89,4161,4.345,13,8939220f027ffff>8939220f023ffff>8939220f03bffff>8939220f00fffff>8939220f003ffff>8939220f013ffff>8939220f08bffff>8939220f0d7ffff>8939220f0d3ffff>8939220f46fffff>8939220f467ffff>8939220f477ffff>8939220f473ffff
1,90,3900,1.09,4,8939220f457ffff>8939220f447ffff>8939220f44fffff>8939220f47bffff
1,91,3896,1.805,6,8939220f447ffff>8939220f457ffff>8939220f453ffff>8939220a927ffff>8939220a923ffff>8939220a92bffff
1,92,3751,1.812,6,8939220f523ffff>8939220f537ffff>8939220f533ffff>8939220f5abffff>8939220f517ffff>8939220f5bbffff
1,93,3688,2.542,8,8939220e2abffff>8939220e2afffff>8939220e237ffff>8939220e3cbffff>8939220e353ffff>8939220e343ffff>8939220e35bffff>8939220e34bffff
1,94,3596,1.455,5,8939220f1cbffff>8939220f1dbffff>8939220f1d3ffff>8939220f56fffff>8939220f19bffff
1,95,3515,1.455,5,8939220f467ffff>8939220f477ffff>8939220f463ffff>8939220f46bffff>8939220f6b7ffff
1,96,3473,2.159,7,8939220f58bffff>8939220f583ffff>8939220f597ffff>8939220e64bffff>8939220e64fffff>8939220e67bffff>8939220e663ffff
1,97,3428,1.45,5,8939220e64fffff>8939220e67bffff>8939220e663ffff>8939220e66fffff>8939220e2d7ffff
1,98,3404,3.298,10,8939220f0dbffff>8939220f637ffff>8939220f627ffff>8939220f62fffff>8939220f297ffff>8939220f283ffff>8939220f28fffff>8939220f213ffff>8939220f21bffff>8939220f2c7ffff
1,99,3383,2.172,7,89392201b6fffff>89392201b63ffff>89392201b7bffff>89392201b73ffff>89392201b47ffff>89392201b57ffff>89392201b53ffff
1,100,3346,1.101,4,8939220f407ffff>8939220f417ffff>8939220f4bbffff>8939220f487ffff
3,1,13762,3.614,11,8939220f027ffff>8939220f023ffff>8939220f03bffff>8939220f00fffff>8939220f003ffff>8939220f013ffff>8939220f08bffff>8939220f0d7ffff>8939220f0d3ffff>8939220f46bffff>8939220f6b7ffff
3,2,10153,4.736,14,8939220f12bffff>8939220f167ffff>8939220c69bffff>8939220c683ffff>8939220c693ffff>8939220c697ffff>8939220f12fffff>8939220f127ffff>8939220f123ffff>8939220f137ffff>8939220c4dbffff>8939220c4d3ffff>8939220e26bffff>8939220e27bffff
3,3,9186,5.09,15,8939220e247ffff>8939220e243ffff>8939220e257ffff>8939220e2cfffff>8939220e21bffff>8939220e2c7ffff>8939220e28bffff>8939220e283ffff>8939220e293ffff>8939220e62fffff>8939220e627ffff>8939220e053ffff>8939220e0cbffff>8939220e0cfffff>8939220e0c7ffff
3,4,8637,4.376,13,8939220f12bffff>8939220f167ffff>8939220c69bffff>8939220c683ffff>8939220c697ffff>8939220f12fffff>8939220f127ffff>8939220f123ffff>8939220f137ffff>8939220c4dbffff>8939220c4d3ffff>8939220e26bffff>8939220e27bffff
3,5,6785,3.98,12,8939220f0dbffff>8939220f6afffff>8939220f6abffff>8939220f617ffff>8939220f68fffff>8939220f613ffff>8939220f68bffff>8939220f6d7ffff>8939220f6d3ffff>8939220a96bffff>8939220abb7ffff>8939220a94fffff
3,6,6294,3.622,11,8939220f067ffff>8939220f063ffff>8939220f073ffff>8939220f00bffff>8939220f057ffff>8939220f0cfffff>8939220f0c7ffff>8939220f013ffff>8939220f08bffff>8939220f0d7ffff>8939220f0d3ffff
3,7,5153,5.856,17,8939220182bffff>8939220183bffff>89392201833ffff>893922018abffff>893922018a3ffff>893922018b3ffff>89392201d4bffff>89392201d43ffff>89392201d5bffff>89392201d53ffff>89392201dcbffff>89392201ddbffff>89392201ca7ffff>8939220036bffff>89392200363ffff>89392200373ffff>8939220037bffff
3,8,4723,3.244,10,8939220f43bffff>8939220f423ffff>8939220f42bffff>8939220f42fffff>8939220f55bffff>8939220f543ffff>8939220f54fffff>8939220f57bffff>8939220f563ffff>8939220f56fffff
3,9,4480,3.257,10,8939220f15bffff>8939220f027ffff>8939220f023ffff>8939220f03bffff>8939220f00fffff>8939220f003ffff>8939220f013ffff>8939220f08bffff>8939220f0d7ffff>8939220f0d3ffff
3,10,4278,5.113,15,8939220f407ffff>8939220f417ffff>8939220f48fffff>8939220f483ffff>8939220f493ffff>89392201a2bffff>89392201a3bffff>89392201a07ffff>89392201a17ffff>89392201a8fffff>89392201a8bffff>89392201ac7ffff>89392201ac3ffff>89392201acbffff>8939220ad37ffff
3,11,4161,4.345,13,8939220f027ffff>8939220f023ffff>8939220f03bffff>8939220f00fffff>8939220f003ffff>8939220f013ffff>8939220f08bffff>8939220f0d7ffff>8939220f0d3ffff>8939220f46fffff>8939220f467ffff>8939220f477ffff>8939220f473ffff
3,12,3404,3.298,10,8939220f0dbffff>8939220f637ffff>8939220f627ffff>8939220f62fffff>8939220f297ffff>8939220f283ffff>8939220f28fffff>8939220f213ffff>8939220f21bffff>8939220f2c7ffff
3,13,2831,12.364,35,8939220e0c7ffff>8939220e0cfffff>8939220e0c3ffff>8939220e0cbffff>8939220e0dbffff>8939220e6afffff>8939220e6a3ffff>8939220e6bbffff>8939220e687ffff>8939220e683ffff>8939220e693ffff>89392201967ffff>89392201977ffff>8939220190fffff>8939220190bffff>89392201957ffff>89392201953ffff>89392201827ffff>89392201823ffff>8939220183bffff>89392201833ffff>893922018abffff>893922018a3ffff>893922018b3ffff>89392201d4bffff>89392201d43ffff>89392201d5bffff>89392201d53ffff>89392201dcbffff>89392201ddbffff>89392201ca7ffff>8939220036bffff>89392200363ffff>89392200373ffff>8939220037bffff
3,14,2805,3.278,10,8939220e213ffff>8939220e28bffff>8939220e283ffff>8939220e293ffff>8939220e62fffff>8939220e627ffff>8939220e053ffff>8939220e0cbffff>8939220e0cfffff>8939220e0c7ffff
3,15,2744,4.364,13,8939220f407ffff>8939220f417ffff>8939220f48fffff>8939220f483ffff>8939220f493ffff>89392201a2bffff>89392201a77ffff>89392201a73ffff>89392201a0fffff>89392201a0bffff>89392201a47ffff>89392201a43ffff>89392201a4bffff
3,16,2254,3.246,10,8939220f153ffff>8939220f027ffff>8939220f023ffff>8939220f03bffff>8939220f00fffff>8939220f003ffff>8939220f013ffff>8939220f08bffff>8939220f0d7ffff>8939220f0d3ffff
3,17,1832,11.263,32,8939220e637ffff>8939220e0dbffff>8939220e6afffff>8939220e6a3ffff>8939220e6bbffff>8939220e687ffff>8939220e683ffff>8939220e693ffff>89392201967ffff>89392201977ffff>8939220190fffff>8939220190bffff>89392201957ffff>89392201953ffff>89392201827ffff>89392201823ffff>8939220183bffff>89392201833ffff>893922018abffff>893922018a3ffff>893922018b3ffff>89392201d4bffff>89392201d43ffff>89392201d5bffff>89392201d53ffff>89392201dcbffff>89392201ddbffff>89392201ca7ffff>8939220036bffff>89392200363ffff>89392200373ffff>8939220037bffff
3,18,1807,11.707,33,8939220f407ffff>8939220f417ffff>8939220f48fffff>8939220f483ffff>8939220f493ffff>89392201a2bffff>89392201a3bffff>89392201a07ffff>89392201a17ffff>89392201a8fffff>89392201a87ffff>8939220184bffff>8939220184fffff>89392201847ffff>89392201873ffff>8939220180fffff>89392201877ffff>8939220183bffff>89392201833ffff>893922018abffff>893922018a3ffff>893922018b3ffff>89392201d4bffff>89392201d43ffff>89392201d5bffff>89392201d53ffff>89392201dcbffff>89392201ddbffff>89392201ca7ffff>8939220036bffff>89392200363ffff>89392200373ffff>8939220037bffff
3,19,1760,4.034,12,8939220f407ffff>8939220f417ffff>8939220f48fffff>8939220f483ffff>8939220f493ffff>89392201a2bffff>89392201a3bffff>89392201a07ffff>89392201a17ffff>89392201a8fffff>89392201a8bffff>89392201a83ffff
3,20,1728,6.241,18,8939220f407ffff>8939220f417ffff>8939220f48fffff>8939220f483ffff>8939220f493ffff>89392201a2bffff>89392201a3bffff>89392201a07ffff>89392201a17ffff>89392201a8fffff>89392201a8bffff>89392201a9bffff>89392201e67ffff>89392201e77ffff>89392201e0fffff>89392201e03ffff>89392201e13ffff>89392201e8fffff
3,21,1543,3.254,10,8939220f1cbffff>8939220f027ffff>8939220f023ffff>8939220f03bffff>8939220f00fffff>8939220f003ffff>8939220f013ffff>8939220f08bffff>8939220f0d7ffff>8939220f0d3ffff
3,22,1391,4.009,12,8939220f407ffff>8939220f417ffff>8939220f48fffff>8939220f483ffff>8939220f493ffff>89392201a2bffff>89392201a77ffff>89392201a73ffff>89392201a0bffff>89392201a47ffff>89392201a43ffff>89392201a4bffff
3,23,1339,8.056,23,8939220f0dbffff>8939220f637ffff>8939220f627ffff>8939220f62fffff>8939220f297ffff>8939220f283ffff>8939220f28fffff>8939220f213ffff>8939220f21bffff>8939220f257ffff>8939220f247ffff>8939220f27bffff>8939220f26bffff>8939220d4d3ffff>8939220d4dbffff>89392208937ffff>89392208927ffff>8939220892fffff>8939220d693ffff>8939220d69bffff>8939220d6d7ffff>8939220d6c3ffff>8939220d6cbffff
3,24,1331,4.751,14,8939220c40bffff>8939220c403ffff>8939220c40fffff>8939220c43bffff>8939220c42bffff>8939220c093ffff>8939220c097ffff>8939220c083ffff>8939220c08fffff>8939220c013ffff>8939220c003ffff>8939220c00fffff>8939220c077ffff>8939220c067ffff
3,25,1304,5.862,17,8939220f0dbffff>8939220f637ffff>8939220f627ffff>8939220f62fffff>8939220f297ffff>8939220f283ffff>8939220f28fffff>8939220f213ffff>8939220f21bffff>8939220f257ffff>8939220f247ffff>8939220f27bffff>8939220f26bffff>8939220d4d3ffff>8939220f26fffff>8939220f267ffff>8939220f22bffff
3,26,1212,6.601,19,8939220f407ffff>8939220f417ffff>8939220f48fffff>8939220f483ffff>8939220f493ffff>89392201a2bffff>89392201a3bffff>89392201a07ffff>89392201a17ffff>89392201a8fffff>89392201a8bffff>89392201a9bffff>89392201e67ffff>89392201e77ffff>89392201e0fffff>89392201e03ffff>89392201e13ffff>89392201e17ffff>89392201e8fffff
3,27,1200,3.655,11,8939220f407ffff>8939220f417ffff>8939220f48fffff>8939220f483ffff>8939220f493ffff>89392201a2bffff>89392201a2fffff>89392201a23ffff>89392201a27ffff>89392201a37ffff>89392201bdbffff
3,28,1160,7.677,22,89392201843ffff>8939220184fffff>89392201847ffff>89392201873ffff>8939220180fffff>89392201877ffff>8939220183bffff>89392201833ffff>893922018abffff>893922018a3ffff>893922018b3ffff>89392201d4bffff>89392201d43ffff>89392201d5bffff>89392201d53ffff>89392201dcbffff>89392201ddbffff>89392201ca7ffff>8939220036bffff>89392200363ffff>89392200373ffff>8939220037bffff
3,29,1053,3.257,10,8939220f037ffff>8939220f027ffff>8939220f023ffff>8939220f03bffff>8939220f00fffff>8939220f003ffff>8939220f013ffff>8939220f08bffff>8939220f0d7ffff>8939220f0d3ffff
3,30,995,4.73,14,8939220e247ffff>8939220e243ffff>8939220e257ffff>8939220e2cfffff>8939220e2c7ffff>8939220e28bffff>8939220e283ffff>8939220e293ffff>8939220e62fffff>8939220e627ffff>8939220e053ffff>8939220e0cbffff>8939220e0cfffff>8939220e0c7ffff
3,31,939,12.067,34,8939220f407ffff>8939220f417ffff>8939220f48fffff>8939220f483ffff>8939220f493ffff>89392201a2bffff>89392201a3bffff>89392201a07ffff>89392201a17ffff>89392201a8fffff>89392201a87ffff>8939220184bffff>8939220184fffff>89392201843ffff>89392201847ffff>89392201873ffff>8939220180fffff>89392201877ffff>8939220183bffff>89392201833ffff>893922018abffff>893922018a3ffff>893922018b3ffff>89392201d4bffff>89392201d43ffff>89392201d5bffff>89392201d53ffff>89392201dcbffff>89392201ddbffff>89392201ca7ffff>8939220036bffff>89392200363ffff>89392200373ffff>8939220037bffff
3,32,907,3.254,10,8939220f027ffff>8939220f023ffff>8939220f03bffff>8939220f00fffff>8939220f003ffff>8939220f013ffff>8939220f08bffff>8939220f0d7ffff>8939220f0c3ffff>8939220f0dbffff
3,33,905,3.306,10,8939220f407ffff>8939220f417ffff>8939220f48fffff>8939220f483ffff>8939220f493ffff>89392201a2bffff>89392201a3bffff>89392201a07ffff>89392201aabffff>89392201aa3ffff
3,34,888,13.092,37,8939220f58bffff>8939220f583ffff>8939220f593ffff>89392201b2fffff>89392201b23ffff>89392201b37ffff>89392201b33ffff>89392201bafffff>89392201ba7ffff>89392201bb7ffff>8939220196bffff>8939220197bffff>89392201963ffff>89392201967ffff>89392201977ffff>8939220190fffff>8939220190bffff>89392201957ffff>89392201953ffff>89392201827ffff>89392201823ffff>8939220183bffff>89392201833ffff>893922018abffff>893922018a3ffff>893922018b3ffff>89392201d4bffff>89392201d43ffff>89392201d5bffff>89392201d53ffff>89392201dcbffff>89392201ddbffff>89392201ca7ffff>8939220036bffff>89392200363ffff>89392200373ffff>8939220037bffff
3,35,812,6.953,20,8939220f407ffff>8939220f417ffff>8939220f48fffff>8939220f483ffff>8939220f493ffff>89392201a2bffff>89392201a3bffff>89392201a07ffff>89392201a17ffff>89392201a8fffff>89392201a8bffff>89392201a9bffff>89392201e67ffff>89392201e77ffff>89392201e0fffff>89392201e73ffff>89392201e47ffff>89392201e43ffff>89392201e4bffff>89392201e5bffff
3,36,805,6.241,18,8939220f407ffff>8939220f417ffff>8939220f48fffff>8939220f483ffff>8939220f493ffff>89392201a2bffff>89392201a3bffff>89392201a07ffff>89392201a17ffff>89392201a8fffff>89392201a8bffff>89392201a9bffff>89392201e67ffff>89392201e77ffff>89392201e0fffff>89392201e03ffff>89392201e17ffff>89392201e8fffff
3,37,788,3.99,12,8939220d407ffff>8939220d43bffff>8939220d477ffff>8939220d42bffff>8939220d467ffff>8939220d09bffff>8939220d083ffff>8939220d08bffff>8939220d08fffff>8939220d013ffff>8939220d017ffff>8939220d003ffff
3,38,779,5.114,15,8939220a943ffff>8939220a957ffff>8939220a9cfffff>8939220a9c3ffff>8939220a9d7ffff>8939220a9d3ffff>8939220ad6fffff>8939220ad67ffff>8939220ad77ffff>8939220ad3bffff>8939220ad07ffff>8939220adabffff>8939220adbbffff>8939220ad87ffff>8939220adb3ffff
3,39,779,4.748,14,8939220f407ffff>8939220f417ffff>8939220f48fffff>8939220f483ffff>8939220f493ffff>89392201a2bffff>89392201a3bffff>89392201a07ffff>89392201a17ffff>89392201a8fffff>89392201a8bffff>89392201ac7ffff>89392201ac3ffff>89392201adbffff
3,40,727,8.732,25,8939220192bffff>89392201967ffff>89392201977ffff>8939220190fffff>8939220190bffff>89392201957ffff>89392201953ffff>89392201827ffff>89392201823ffff>8939220183bffff>89392201833ffff>893922018abffff>893922018a3ffff>893922018b3ffff>89392201d4bffff>89392201d43ffff>89392201d5bffff>89392201d53ffff>89392201dcbffff>89392201ddbffff>89392201ca7ffff>8939220036bffff>89392200363ffff>89392200373ffff>8939220037bffff
3,41,718,3.614,11,8939220f143ffff>8939220f15bffff>8939220f027ffff>8939220f023ffff>8939220f03bffff>8939220f00fffff>8939220f003ffff>8939220f013ffff>8939220f08bffff>8939220f0d7ffff>8939220f0d3ffff
3,42,717,4.381,13,8939220f12bffff>8939220f167ffff>8939220c69bffff>8939220c683ffff>8939220c693ffff>8939220c697ffff>8939220f12fffff>8939220f127ffff>8939220f137ffff>8939220c4dbffff>8939220c4d3ffff>8939220e26bffff>8939220e27bffff
3,43,716,5.491,16,8939220f0dbffff>8939220f637ffff>8939220f627ffff>8939220f62fffff>8939220f297ffff>8939220f283ffff>8939220f28fffff>8939220f213ffff>8939220f21bffff>8939220f257ffff>8939220f247ffff>8939220f27bffff>8939220f26bffff>8939220d4d3ffff>8939220d4d7ffff>8939220d4c7ffff
3,44,705,3.265,10,8939220f027ffff>8939220f023ffff>8939220f03bffff>8939220f00fffff>8939220f003ffff>8939220f013ffff>8939220f08bffff>8939220f0d7ffff>8939220f0c3ffff>8939220f0d3ffff
3,45,695,7.296,21,8939220f0dbffff>8939220f637ffff>8939220f627ffff>8939220f62fffff>8939220f297ffff>8939220f283ffff>8939220f28fffff>8939220f213ffff>8939220f21bffff>8939220f257ffff>8939220f247ffff>8939220f27bffff>8939220f26bffff>8939220d4d3ffff>8939220d4d7ffff>8939220d48bffff>8939220d413ffff>8939220d417ffff>8939220d403ffff>8939220d407ffff>8939220d43bffff
3,46,665,12.075,34,8939220f43bffff>8939220f407ffff>8939220f417ffff>8939220f48fffff>8939220f483ffff>8939220f493ffff>89392201a2bffff>89392201a3bffff>89392201a07ffff>89392201a17ffff>89392201a8fffff>89392201a87ffff>8939220184bffff>8939220184fffff>89392201847ffff>89392201873ffff>8939220180fffff>89392201877ffff>8939220183bffff>89392201833ffff>893922018abffff>893922018a3ffff>893922018b3ffff>89392201d4bffff>89392201d43ffff>89392201d5bffff>89392201d53ffff>89392201dcbffff>89392201ddbffff>89392201ca7ffff>8939220036bffff>89392200363ffff>89392200373ffff>8939220037bffff
3,47,639,3.265,10,8939220f027ffff>8939220f023ffff>8939220f03bffff>8939220f007ffff>8939220f00fffff>8939220f003ffff>8939220f013ffff>8939220f08bffff>8939220f0d7ffff>8939220f0d3ffff
3,48,610,3.283,10,8939220f12bffff>8939220f167ffff>8939220c69bffff>8939220c683ffff>8939220c68fffff>8939220c6bbffff>8939220c6abffff>8939220c633ffff>8939220c6afffff>8939220c637ffff
3,49,600,6.198,18,8939220f407ffff>8939220f417ffff>8939220f48fffff>8939220f483ffff>8939220f493ffff>89392201a2bffff>89392201a3bffff>89392201a07ffff>89392201a17ffff>89392201a8fffff>89392201a8bffff>89392201a9bffff>89392201e67ffff>89392201e63ffff>89392201e6bffff>8939220adb7ffff>8939220adb3ffff>8939220ad87ffff
3,50,566,6.617,19,8939220f407ffff>8939220f417ffff>8939220f48fffff>8939220f483ffff>8939220f493ffff>89392201a2bffff>89392201a3bffff>89392201a07ffff>89392201a17ffff>89392201a8fffff>89392201a83ffff>89392201a8bffff>89392201a9bffff>89392201e67ffff>89392201e77ffff>89392201e0fffff>89392201e03ffff>89392201e13ffff>89392201e8fffff
3,51,562,4.015,12,8939220f26fffff>8939220f26bffff>8939220d4d3ffff>8939220d4dbffff>89392208937ffff>89392208927ffff>8939220892fffff>8939220d693ffff>8939220d69bffff>8939220d6d7ffff>8939220d6c3ffff>8939220d6cbffff
3,52,560,8.421,24,8939220f0dbffff>8939220f637ffff>8939220f627ffff>8939220f62fffff>8939220f297ffff>8939220f283ffff>8939220f28fffff>8939220f213ffff>8939220f21bffff>8939220f257ffff>8939220f247ffff>8939220f27bffff>8939220f26bffff>8939220d4d3ffff>8939220d4dbffff>89392208937ffff>89392208927ffff>8939220892fffff>8939220d693ffff>8939220d69bffff>8939220d6d7ffff>8939220d6c3ffff>8939220d6cbffff>89392208b27ffff
3,53,553,4.37,13,8939220a943ffff>8939220a957ffff>8939220a9cfffff>8939220a9c3ffff>8939220a9d7ffff>8939220a9d3ffff>8939220ad6fffff>8939220ad67ffff>8939220ad77ffff>8939220ad3bffff>8939220ad23ffff>8939220ad27ffff>8939220ad37ffff
3,54,538,4.388,13,8939220a943ffff>8939220a957ffff>8939220a9cfffff>8939220a9c3ffff>8939220a9d7ffff>8939220a9d3ffff>8939220ad6fffff>8939220ad67ffff>8939220ad77ffff>8939220ad3bffff>8939220ad07ffff>8939220adabffff>8939220ad33ffff
3,55,490,13.155,37,8939220f447ffff>8939220f457ffff>8939220f40bffff>8939220f403ffff>8939220f407ffff>8939220f417ffff>8939220f48fffff>8939220f483ffff>8939220f493ffff>89392201a2bffff>89392201a3bffff>89392201a07ffff>89392201a17ffff>89392201a8fffff>89392201a87ffff>8939220184bffff>8939220184fffff>89392201847ffff>89392201873ffff>8939220180fffff>89392201877ffff>8939220183bffff>89392201833ffff>893922018abffff>893922018a3ffff>893922018b3ffff>89392201d4bffff>89392201d43ffff>89392201d5bffff>89392201d53ffff>89392201dcbffff>89392201ddbffff>89392201ca7ffff>8939220036bffff>89392200363ffff>89392200373ffff>8939220037bffff
3,56,479,3.267,10,8939220f12bffff>8939220f167ffff>8939220c69bffff>8939220c683ffff>8939220c693ffff>8939220c697ffff>8939220c45bffff>8939220c443ffff>8939220c457ffff>8939220c41bffff
3,57,477,3.989,12,8939220e2abffff>8939220e2bbffff>8939220e2a3ffff>8939220e2b3ffff>8939220e2b7ffff>8939220e04fffff>8939220e07bffff>8939220e047ffff>8939220e073ffff>8939220e00fffff>8939220e077ffff>8939220e02bffff
3,58,464,4.023,12,8939220f407ffff>8939220f417ffff>8939220f48fffff>8939220f483ffff>8939220f493ffff>89392201a2bffff>89392201a2fffff>89392201a23ffff>89392201a27ffff>89392201a37ffff>89392201bdbffff>89392201aa7ffff
3,59,463,11.707,33,8939220f407ffff>8939220f417ffff>8939220f48fffff>8939220f483ffff>8939220f493ffff>89392201a2bffff>89392201a3bffff>89392201a07ffff>89392201a17ffff>89392201a8fffff>89392201a87ffff>8939220184bffff>89392201843ffff>89392201847ffff>89392201873ffff>8939220180fffff>89392201877ffff>8939220183bffff>89392201833ffff>893922018abffff>893922018a3ffff>893922018b3ffff>89392201d4bffff>89392201d43ffff>89392201d5bffff>89392201d53ffff>89392201dcbffff>89392201ddbffff>89392201ca7ffff>8939220036bffff>89392200363ffff>89392200373ffff>8939220037bffff
3,60,442,3.295,10,8939220f407ffff>8939220f417ffff>8939220f48fffff>8939220f483ffff>8939220f493ffff>89392201a2bffff>89392201a2fffff>89392201a23ffff>89392201a37ffff>89392201bdbffff
3,61,404,5.804,17,8939220a943ffff>8939220a957ffff>8939220a9cfffff>8939220a9c3ffff>8939220a9d7ffff>8939220a9d3ffff>8939220ad6fffff>8939220ad67ffff>8939220ad77ffff>8939220ad2bffff>8939220ad2fffff>8939220a993ffff>8939220a997ffff>89392201a4bffff>89392201a43ffff>89392201a47ffff>89392201a0bffff
3,62,380,12.798,36,8939220f41bffff>8939220f40bffff>8939220f403ffff>8939220f407ffff>8939220f417ffff>8939220f48fffff>8939220f483ffff>8939220f493ffff>89392201a2bffff>89392201a3bffff>89392201a07ffff>89392201a17ffff>89392201a8fffff>89392201a87ffff>8939220184bffff>8939220184fffff>89392201847ffff>89392201873ffff>8939220180fffff>89392201877ffff>8939220183bffff>89392201833ffff>893922018abffff>893922018a3ffff>893922018b3ffff>89392201d4bffff>89392201d43ffff>89392201d5bffff>89392201d53ffff>89392201dcbffff>89392201ddbffff>89392201ca7ffff>8939220036bffff>89392200363ffff>89392200373ffff>8939220037bffff
3,63,377,5.471,16,8939220a947ffff>8939220a943ffff>8939220a957ffff>8939220a9cfffff>8939220a9c3ffff>8939220a9d7ffff>8939220a9d3ffff>8939220ad6fffff>8939220ad67ffff>8939220ad77ffff>8939220ad3bffff>8939220ad07ffff>8939220adabffff>8939220adbbffff>8939220ad87ffff>8939220adb3ffff
3,64,348,3.284,10,8939220f0dbffff>8939220f637ffff>8939220f627ffff>8939220f623ffff>8939220f62bffff>8939220f667ffff>8939220f66fffff>8939220f2d3ffff>8939220f66bffff>89392208da7ffff
3,65,346,3.639,11,8939220a943ffff>8939220a957ffff>8939220a9cfffff>8939220a9c3ffff>8939220a9d7ffff>8939220a9d3ffff>8939220ad6fffff>8939220a99bffff>8939220a98bffff>8939220a98fffff>8939220a917ffff
3,66,345,3.674,11,8939220f407ffff>8939220f417ffff>8939220f48fffff>8939220f483ffff>8939220f493ffff>89392201a2bffff>89392201a3bffff>89392201a07ffff>89392201aabffff>89392201aa3ffff>89392201ab3ffff
3,67,339,7.672,22,8939220f0dbffff>8939220f637ffff>8939220f627ffff>8939220f62fffff>8939220f297ffff>8939220f283ffff>8939220f28fffff>8939220f213ffff>8939220f21bffff>8939220f257ffff>8939220f247ffff>8939220f27bffff>8939220f26bffff>8939220d4d3ffff>8939220d4d7ffff>8939220d4c7ffff>8939220d48bffff>8939220d413ffff>8939220d417ffff>8939220d403ffff>8939220d407ffff>8939220d43bffff
3,68,331,5.471,16,8939220a943ffff>8939220a957ffff>8939220a9cfffff>8939220a9c3ffff>8939220a9d7ffff>8939220a9d3ffff>8939220ad6fffff>8939220ad67ffff>8939220ad77ffff>8939220ad3bffff>8939220ad07ffff>8939220adabffff>8939220adbbffff>8939220ad87ffff>8939220adb3ffff>8939220adb7ffff
3,69,304,5.854,17,8939220f0dbffff>8939220f637ffff>8939220f627ffff>8939220f62fffff>8939220f297ffff>8939220f283ffff>8939220f28fffff>8939220f213ffff>8939220f21bffff>8939220f257ffff>8939220f247ffff>8939220f27bffff>8939220f26bffff>8939220d4d3ffff>8939220f26fffff>8939220f267ffff>8939220f263ffff
3,70,293,3.257,10,8939220f027ffff>8939220f023ffff>8939220f03bffff>8939220f00fffff>8939220f003ffff>8939220f013ffff>8939220f08bffff>8939220f0d7ffff>8939220f0d3ffff>8939220f0c3ffff
3,71,275,10.601,30,89392201a77ffff>89392201a67ffff>89392201a2bffff>89392201a3bffff>89392201a07ffff>89392201a17ffff>89392201a8fffff>89392201a87ffff>8939220184bffff>8939220184fffff>89392201847ffff>89392201873ffff>8939220180fffff>89392201877ffff>8939220183bffff>89392201833ffff>893922018abffff>893922018a3ffff>893922018b3ffff>89392201d4bffff>89392201d43ffff>89392201d5bffff>89392201d53ffff>89392201dcbffff>89392201ddbffff>89392201ca7ffff>8939220036bffff>89392200363ffff>89392200373ffff>8939220037bffff
3,72,263,13.157,37,8939220f55bffff>8939220f427ffff>8939220f423ffff>8939220f43bffff>8939220f407ffff>8939220f417ffff>8939220f48fffff>8939220f483ffff>8939220f493ffff>89392201a2bffff>89392201a3bffff>89392201a07ffff>89392201a17ffff>89392201a8fffff>89392201a87ffff>8939220184bffff>8939220184fffff>89392201847ffff>89392201873ffff>8939220180fffff>89392201877ffff>8939220183bffff>89392201833ffff>893922018abffff>893922018a3ffff>893922018b3ffff>89392201d4bffff>89392201d43ffff>89392201d5bffff>89392201d53ffff>89392201dcbffff>89392201ddbffff>89392201ca7ffff>8939220036bffff>89392200363ffff>89392200373ffff>8939220037bffff
3,73,261,4.759,14,8939220f407ffff>8939220f417ffff>8939220f48fffff>8939220f483ffff>8939220f493ffff>89392201a2bffff>89392201a3bffff>89392201a07ffff>89392201a17ffff>89392201a8fffff>89392201a8bffff>89392201ac7ffff>89392201ac3ffff>89392201acfffff
3,74,242,4.365,13,8939220f12bffff>8939220f167ffff>8939220c69bffff>8939220c683ffff>8939220c693ffff>8939220c697ffff>8939220f12fffff>8939220f127ffff>8939220f123ffff>8939220f137ffff>8939220c4dbffff>8939220c4d3ffff>8939220e26fffff
3,75,241,8.753,25,89392201a8bffff>89392201a8fffff>89392201a87ffff>8939220184bffff>8939220184fffff>89392201847ffff>89392201873ffff>8939220180fffff>89392201877ffff>8939220183bffff>89392201833ffff>893922018abffff>893922018a3ffff>893922018b3ffff>89392201d4bffff>89392201d43ffff>89392201d5bffff>89392201d53ffff>89392201dcbffff>89392201ddbffff>89392201ca7ffff>8939220036bffff>89392200363ffff>89392200373ffff>8939220037bffff
3,76,236,4.756,14,8939220f0dbffff>8939220f637ffff>8939220f627ffff>8939220f62fffff>8939220f297ffff>8939220f283ffff>8939220f28fffff>8939220f213ffff>8939220f21bffff>8939220f2c7ffff>8939220f2c3ffff>8939220f2d3ffff>8939220f66bffff>89392208da7ffff
3,77,227,4.697,14,8939220e2abffff>8939220e2afffff>8939220e237ffff>8939220e3cbffff>8939220e3cfffff>8939220e31bffff>8939220e303ffff>8939220e317ffff>8939220e3abffff>8939220e3a3ffff>8939220e3afffff>8939220e3a7ffff>8939220eed3ffff>8939220eec3ffff
3,78,222,5.474,16,8939220a943ffff>8939220a957ffff>8939220a9cfffff>8939220a9c3ffff>8939220a9d7ffff>8939220a9d3ffff>8939220ad6fffff>8939220ad67ffff>8939220ad77ffff>8939220ad3bffff>8939220ad07ffff>8939220ad33ffff>8939220adabffff>8939220adbbffff>8939220ad87ffff>8939220adb3ffff
3,79,214,3.635,11,8939220f12bffff>8939220f167ffff>8939220c69bffff>8939220c683ffff>8939220c693ffff>8939220c697ffff>8939220c45bffff>8939220c443ffff>8939220c457ffff>8939220c41bffff>8939220c40bffff
3,80,183,11.325,32,8939220f0dbffff>8939220f637ffff>8939220f627ffff>8939220f62fffff>8939220f297ffff>8939220f283ffff>8939220f28fffff>8939220f213ffff>8939220f21bffff>8939220f257ffff>8939220f247ffff>8939220f27bffff>8939220f26bffff>8939220d4d3ffff>8939220d4dbffff>89392208937ffff>89392208927ffff>8939220892fffff>8939220d693ffff>8939220d69bffff>8939220d6d7ffff>8939220d6c3ffff>8939220d6cbffff>89392208b27ffff>89392208b2fffff>89392208b2bffff>89392208b67ffff>89392208b63ffff>89392208b6fffff>89392208b6bffff>893922725d3ffff>893922725dbffff
3,81,183,5.111,15,8939220c40bffff>8939220c473ffff>8939220c477ffff>8939220c40fffff>8939220c43bffff>8939220c42bffff>8939220c093ffff>8939220c097ffff>8939220c083ffff>8939220c08fffff>8939220c013ffff>8939220c003ffff>8939220c00fffff>8939220c077ffff>8939220c067ffff
3,82,174,3.265,10,8939220f027ffff>8939220f037ffff>8939220f023ffff>8939220f03bffff>8939220f00fffff>8939220f003ffff>8939220f013ffff>8939220f08bffff>8939220f0d7ffff>8939220f0d3ffff
3,83,170,3.245,10,8939220e2abffff>8939220e2afffff>8939220e237ffff>8939220e3cbffff>8939220e3cfffff>8939220e31bffff>8939220e3c7ffff>8939220e3d7ffff>8939220e38bffff>8939220e38fffff
3,84,162,4.369,13,8939220f407ffff>8939220f417ffff>8939220f48fffff>8939220f483ffff>8939220f493ffff>89392201a2bffff>89392201a2fffff>89392201a23ffff>89392201a27ffff>89392201a37ffff>89392201bcbffff>89392201bc3ffff>89392201bdbffff
3,85,161,5.079,15,8939220f523ffff>8939220f527ffff>8939220e253ffff>8939220e2cfffff>8939220e21bffff>8939220e2c7ffff>8939220e28bffff>8939220e283ffff>8939220e293ffff>8939220e62fffff>8939220e627ffff>8939220e053ffff>8939220e0cbffff>8939220e0cfffff>8939220e0c7ffff
3,86,153,4.016,12,8939220f12bffff>8939220f167ffff>8939220c69bffff>8939220c683ffff>8939220c68fffff>8939220c6bbffff>8939220c6abffff>8939220c633ffff>8939220c6afffff>8939220c637ffff>8939220c627ffff>8939220c62fffff
3,87,153,3.623,11,8939220f447ffff>8939220f457ffff>8939220f453ffff>8939220f4cbffff>8939220a937ffff>8939220a9afffff>8939220a9abffff>8939220a9bbffff>8939220a9a3ffff>8939220a9b7ffff>89392201a6bffff
3,88,151,7.296,21,8939220f0dbffff>8939220f637ffff>8939220f627ffff>8939220f62fffff>8939220f297ffff>8939220f283ffff>8939220f28fffff>8939220f213ffff>8939220f21bffff>8939220f257ffff>8939220f247ffff>8939220f27bffff>8939220f26bffff>8939220d4d3ffff>8939220d4d7ffff>8939220d4c7ffff>8939220d413ffff>8939220d417ffff>8939220d403ffff>8939220d407ffff>8939220d43bffff
3,89,150,3.644,11,8939220f0dbffff>8939220f637ffff>8939220f627ffff>8939220f623ffff>8939220f62bffff>8939220f293ffff>8939220f667ffff>8939220f66fffff>8939220f2d3ffff>8939220f66bffff>89392208da7ffff
3,90,149,5.85,17,8939220a943ffff>8939220a957ffff>8939220a9cfffff>8939220a9c3ffff>8939220a9d7ffff>8939220a9d3ffff>8939220ad6fffff>8939220ad67ffff>8939220ad77ffff>8939220ad3bffff>8939220ad07ffff>8939220adabffff>8939220adbbffff>8939220ad87ffff>8939220adb3ffff>89392201e4bffff>89392201e5bffff
3,91,146,8.01,23,8939220f12bffff>8939220f167ffff>8939220c69bffff>8939220c683ffff>8939220c693ffff>8939220c697ffff>8939220c45bffff>8939220c443ffff>8939220c457ffff>8939220c41bffff>8939220c403ffff>8939220c40fffff>8939220c43bffff>8939220c42bffff>8939220c093ffff>8939220c097ffff>8939220c083ffff>8939220c08fffff>8939220c013ffff>8939220c003ffff>8939220c00fffff>8939220c077ffff>8939220c067ffff
3,92,144,12.067,34,8939220f407ffff>8939220f417ffff>8939220f48fffff>8939220f483ffff>8939220f493ffff>89392201a2bffff>89392201a3bffff>89392201a07ffff>89392201a17ffff>89392201a8fffff>89392201a87ffff>8939220184bffff>8939220184fffff>89392201847ffff>89392201873ffff>8939220180fffff>89392201877ffff>8939220182bffff>8939220183bffff>89392201833ffff>893922018abffff>893922018a3ffff>893922018b3ffff>89392201d4bffff>89392201d43ffff>89392201d5bffff>89392201d53ffff>89392201dcbffff>89392201ddbffff>89392201ca7ffff>8939220036bffff>89392200363ffff>89392200373ffff>8939220037bffff
3,93,135,15.662,44,8939220f523ffff>8939220f537ffff>8939220f533ffff>8939220f5abffff>8939220f517ffff>8939220f513ffff>8939220f5c7ffff>8939220f5c3ffff>8939220f5dbffff>8939220f4afffff>8939220f4abffff>8939220f407ffff>8939220f417ffff>8939220f48fffff>8939220f483ffff>8939220f493ffff>89392201a2bffff>89392201a3bffff>89392201a07ffff>89392201a17ffff>89392201a8fffff>89392201a87ffff>8939220184bffff>8939220184fffff>89392201847ffff>89392201873ffff>8939220180fffff>89392201877ffff>8939220183bffff>89392201833ffff>893922018abffff>893922018a3ffff>893922018b3ffff>89392201d4bffff>89392201d43ffff>89392201d5bffff>89392201d53ffff>89392201dcbffff>89392201ddbffff>89392201ca7ffff>8939220036bffff>89392200363ffff>89392200373ffff>8939220037bffff
3,94,133,15.594,44,8939220e247ffff>8939220e243ffff>8939220e257ffff>8939220e2cfffff>8939220e21bffff>8939220e2c7ffff>8939220e28bffff>8939220e283ffff>8939220e293ffff>8939220e62fffff>8939220e627ffff>8939220e053ffff>8939220e0cbffff>8939220e0cfffff>8939220e0c7ffff>8939220e08bffff>8939220e08fffff>8939220e083ffff>8939220e087ffff>8939220e097ffff>8939220e54bffff>8939220e543ffff>8939220e557ffff>8939220e51bffff>8939220e513ffff>8939220e58fffff>8939220e5bbffff>8939220e587ffff>8939220e5b3ffff>8939220564fffff>89392205647ffff>89392205673ffff>8939220560fffff>8939220560bffff>8939220561bffff>89392205657ffff>893922056cfffff>89392205653ffff>893922056cbffff>89392200b37ffff>89392200b33ffff>89392200b07ffff>89392200b03ffff>89392200b1bffff
3,95,130,11.702,33,8939220f4d7ffff>89392201a6fffff>89392201a63ffff>89392201a77ffff>89392201a67ffff>89392201a2bffff>89392201a3bffff>89392201a07ffff>89392201a17ffff>89392201a8fffff>89392201a87ffff>8939220184bffff>8939220184fffff>89392201847ffff>89392201873ffff>8939220180fffff>89392201877ffff>8939220183bffff>89392201833ffff>893922018abffff>893922018a3ffff>893922018b3ffff>89392201d4bffff>89392201d43ffff>89392201d5bffff>89392201d53ffff>89392201dcbffff>89392201ddbffff>89392201ca7ffff>8939220036bffff>89392200363ffff>89392200373ffff>8939220037bffff
3,96,128,5.478,16,8939220f407ffff>8939220f417ffff>8939220f48fffff>8939220f483ffff>8939220f493ffff>89392201a2bffff>89392201a3bffff>89392201a07ffff>89392201a17ffff>89392201a8fffff>89392201a8bffff>89392201ac7ffff>89392201ac3ffff>89392201ad7ffff>89392201ad3ffff>89392201adbffff
3,97,114,7.289,21,8939220f68bffff>8939220f6d7ffff>8939220f6d3ffff>8939220a96bffff>8939220abb7ffff>8939220a94fffff>8939220a943ffff>8939220a957ffff>8939220a9cfffff>8939220a9c3ffff>8939220a9d7ffff>8939220a9d3ffff>8939220ad6fffff>8939220ad67ffff>8939220ad77ffff>8939220ad3bffff>8939220ad07ffff>8939220adabffff>8939220adbbffff>8939220ad87ffff>8939220adb3ffff
3,98,113,3.614,11,8939220f077ffff>8939220f02bffff>8939220f02fffff>8939220f023ffff>8939220f03bffff>8939220f00fffff>8939220f003ffff>8939220f013ffff>8939220f08bffff>8939220f0d7ffff>8939220f0d3ffff
3,99,109,11.331,32,8939220f407ffff>8939220f417ffff>8939220f48fffff>8939220f483ffff>8939220f493ffff>89392201a2bffff>89392201a3bffff>89392201a07ffff>89392201a17ffff>89392201a8fffff>89392201a87ffff>8939220184bffff>8939220184fffff>89392201847ffff>89392201873ffff>8939220180fffff>8939220183bffff>89392201833ffff>893922018abffff>893922018a3ffff>893922018b3ffff>89392201d4bffff>89392201d43ffff>89392201d5bffff>89392201d53ffff>89392201dcbffff>89392201ddbffff>89392201ca7ffff>8939220036bffff>89392200363ffff>89392200373ffff>8939220037bffff
3,100,108,5.073,15,8939220e2abffff>8939220e2afffff>8939220e237ffff>8939220e3cbffff>8939220e3cfffff>8939220e31bffff>8939220e303ffff>8939220e317ffff>8939220e3bbffff>8939220e3abffff>8939220e3a3ffff>8939220e3afffff>8939220e3a7ffff>8939220eed3ffff>8939220eec3ffff
5,1,9186,5.09,15,8939220e247ffff>8939220e243ffff>8939220e257ffff>8939220e2cfffff>8939220e21bffff>8939220e2c7ffff>8939220e28bffff>8939220e283ffff>8939220e293ffff>8939220e62fffff>8939220e627ffff>8939220e053ffff>8939220e0cbffff>8939220e0cfffff>8939220e0c7ffff
5,2,5153,5.856,17,8939220182bffff>8939220183bffff>89392201833ffff>893922018abffff>893922018a3ffff>893922018b3ffff>89392201d4bffff>89392201d43ffff>89392201d5bffff>89392201d53ffff>89392201dcbffff>89392201ddbffff>89392201ca7ffff>8939220036bffff>89392200363ffff>89392200373ffff>8939220037bffff
5,3,4278,5.113,15,8939220f407ffff>8939220f417ffff>8939220f48fffff>8939220f483ffff>8939220f493ffff>89392201a2bffff>89392201a3bffff>89392201a07ffff>89392201a17ffff>89392201a8fffff>89392201a8bffff>89392201ac7ffff>89392201ac3ffff>89392201acbffff>8939220ad37ffff
5,4,2831,12.364,35,8939220e0c7ffff>8939220e0cfffff>8939220e0c3ffff>8939220e0cbffff>8939220e0dbffff>8939220e6afffff>8939220e6a3ffff>8939220e6bbffff>8939220e687ffff>8939220e683ffff>8939220e693ffff>89392201967ffff>89392201977ffff>8939220190fffff>8939220190bffff>89392201957ffff>89392201953ffff>89392201827ffff>89392201823ffff>8939220183bffff>89392201833ffff>893922018abffff>893922018a3ffff>893922018b3ffff>89392201d4bffff>89392201d43ffff>89392201d5bffff>89392201d53ffff>89392201dcbffff>89392201ddbffff>89392201ca7ffff>8939220036bffff>89392200363ffff>89392200373ffff>8939220037bffff
5,5,1832,11.263,32,8939220e637ffff>8939220e0dbffff>8939220e6afffff>8939220e6a3ffff>8939220e6bbffff>8939220e687ffff>8939220e683ffff>8939220e693ffff>89392201967ffff>89392201977ffff>8939220190fffff>8939220190bffff>89392201957ffff>89392201953ffff>89392201827ffff>89392201823ffff>8939220183bffff>89392201833ffff>893922018abffff>893922018a3ffff>893922018b3ffff>89392201d4bffff>89392201d43ffff>89392201d5bffff>89392201d53ffff>89392201dcbffff>89392201ddbffff>89392201ca7ffff>8939220036bffff>89392200363ffff>89392200373ffff>8939220037bffff
5,6,1807,11.707,33,8939220f407ffff>8939220f417ffff>8939220f48fffff>8939220f483ffff>8939220f493ffff>89392201a2bffff>89392201a3bffff>89392201a07ffff>89392201a17ffff>89392201a8fffff>89392201a87ffff>8939220184bffff>8939220184fffff>89392201847ffff>89392201873ffff>8939220180fffff>89392201877ffff>8939220183bffff>89392201833ffff>893922018abffff>893922018a3ffff>893922018b3ffff>89392201d4bffff>89392201d43ffff>89392201d5bffff>89392201d53ffff>89392201dcbffff>89392201ddbffff>89392201ca7ffff>8939220036bffff>89392200363ffff>89392200373ffff>8939220037bffff
5,7,1728,6.241,18,8939220f407ffff>8939220f417ffff>8939220f48fffff>8939220f483ffff>8939220f493ffff>89392201a2bffff>89392201a3bffff>89392201a07ffff>89392201a17ffff>89392201a8fffff>89392201a8bffff>89392201a9bffff>89392201e67ffff>89392201e77ffff>89392201e0fffff>89392201e03ffff>89392201e13ffff>89392201e8fffff
5,8,1339,8.056,23,8939220f0dbffff>8939220f637ffff>8939220f627ffff>8939220f62fffff>8939220f297ffff>8939220f283ffff>8939220f28fffff>8939220f213ffff>8939220f21bffff>8939220f257ffff>8939220f247ffff>8939220f27bffff>8939220f26bffff>8939220d4d3ffff>8939220d4dbffff>89392208937ffff>89392208927ffff>8939220892fffff>8939220d693ffff>8939220d69bffff>8939220d6d7ffff>8939220d6c3ffff>8939220d6cbffff
5,9,1304,5.862,17,8939220f0dbffff>8939220f637ffff>8939220f627ffff>8939220f62fffff>8939220f297ffff>8939220f283ffff>8939220f28fffff>8939220f213ffff>8939220f21bffff>8939220f257ffff>8939220f247ffff>8939220f27bffff>8939220f26bffff>8939220d4d3ffff>8939220f26fffff>8939220f267ffff>8939220f22bffff
5,10,1212,6.601,19,8939220f407ffff>8939220f417ffff>8939220f48fffff>8939220f483ffff>8939220f493ffff>89392201a2bffff>89392201a3bffff>89392201a07ffff>89392201a17ffff>89392201a8fffff>89392201a8bffff>89392201a9bffff>89392201e67ffff>89392201e77ffff>89392201e0fffff>89392201e03ffff>89392201e13ffff>89392201e17ffff>89392201e8fffff
5,11,1160,7.677,22,89392201843ffff>8939220184fffff>89392201847ffff>89392201873ffff>8939220180fffff>89392201877ffff>8939220183bffff>89392201833ffff>893922018abffff>893922018a3ffff>893922018b3ffff>89392201d4bffff>89392201d43ffff>89392201d5bffff>89392201d53ffff>89392201dcbffff>89392201ddbffff>89392201ca7ffff>8939220036bffff>89392200363ffff>89392200373ffff>8939220037bffff
5,12,939,12.067,34,8939220f407ffff>8939220f417ffff>8939220f48fffff>8939220f483ffff>8939220f493ffff>89392201a2bffff>89392201a3bffff>89392201a07ffff>89392201a17ffff>89392201a8fffff>89392201a87ffff>8939220184bffff>8939220184fffff>89392201843ffff>89392201847ffff>89392201873ffff>8939220180fffff>89392201877ffff>8939220183bffff>89392201833ffff>893922018abffff>893922018a3ffff>893922018b3ffff>89392201d4bffff>89392201d43ffff>89392201d5bffff>89392201d53ffff>89392201dcbffff>89392201ddbffff>89392201ca7ffff>8939220036bffff>89392200363ffff>89392200373ffff>8939220037bffff
5,13,888,13.092,37,8939220f58bffff>8939220f583ffff>8939220f593ffff>89392201b2fffff>89392201b23ffff>89392201b37ffff>89392201b33ffff>89392201bafffff>89392201ba7ffff>89392201bb7ffff>8939220196bffff>8939220197bffff>89392201963ffff>89392201967ffff>89392201977ffff>8939220190fffff>8939220190bffff>89392201957ffff>89392201953ffff>89392201827ffff>89392201823ffff>8939220183bffff>89392201833ffff>893922018abffff>893922018a3ffff>893922018b3ffff>89392201d4bffff>89392201d43ffff>89392201d5bffff>89392201d53ffff>89392201dcbffff>89392201ddbffff>89392201ca7ffff>8939220036bffff>89392200363ffff>89392200373ffff>8939220037bffff
5,14,812,6.953,20,8939220f407ffff>8939220f417ffff>8939220f48fffff>8939220f483ffff>8939220f493ffff>89392201a2bffff>89392201a3bffff>89392201a07ffff>89392201a17ffff>89392201a8fffff>89392201a8bffff>89392201a9bffff>89392201e67ffff>89392201e77ffff>89392201e0fffff>89392201e73ffff>89392201e47ffff>89392201e43ffff>89392201e4bffff>89392201e5bffff
5,15,805,6.241,18,8939220f407ffff>8939220f417ffff>8939220f48fffff>8939220f483ffff>8939220f493ffff>89392201a2bffff>89392201a3bffff>89392201a07ffff>89392201a17ffff>89392201a8fffff>89392201a8bffff>89392201a9bffff>89392201e67ffff>89392201e77ffff>89392201e0fffff>89392201e03ffff>89392201e17ffff>89392201e8fffff
5,16,779,5.114,15,8939220a943ffff>8939220a957ffff>8939220a9cfffff>8939220a9c3ffff>8939220a9d7ffff>8939220a9d3ffff>8939220ad6fffff>8939220ad67ffff>8939220ad77ffff>8939220ad3bffff>8939220ad07ffff>8939220adabffff>8939220adbbffff>8939220ad87ffff>8939220adb3ffff
5,17,727,8.732,25,8939220192bffff>89392201967ffff>89392201977ffff>8939220190fffff>8939220190bffff>89392201957ffff>89392201953ffff>89392201827ffff>89392201823ffff>8939220183bffff>89392201833ffff>893922018abffff>893922018a3ffff>893922018b3ffff>89392201d4bffff>89392201d43ffff>89392201d5bffff>89392201d53ffff>89392201dcbffff>89392201ddbffff>89392201ca7ffff>8939220036bffff>89392200363ffff>89392200373ffff>8939220037bffff
5,18,716,5.491,16,8939220f0dbffff>8939220f637ffff>8939220f627ffff>8939220f62fffff>8939220f297ffff>8939220f283ffff>8939220f28fffff>8939220f213ffff>8939220f21bffff>8939220f257ffff>8939220f247ffff>8939220f27bffff>8939220f26bffff>8939220d4d3ffff>8939220d4d7ffff>8939220d4c7ffff
5,19,695,7.296,21,8939220f0dbffff>8939220f637ffff>8939220f627ffff>8939220f62fffff>8939220f297ffff>8939220f283ffff>8939220f28fffff>8939220f213ffff>8939220f21bffff>8939220f257ffff>8939220f247ffff>8939220f27bffff>8939220f26bffff>8939220d4d3ffff>8939220d4d7ffff>8939220d48bffff>8939220d413ffff>8939220d417ffff>8939220d403ffff>8939220d407ffff>8939220d43bffff
5,20,665,12.075,34,8939220f43bffff>8939220f407ffff>8939220f417ffff>8939220f48fffff>8939220f483ffff>8939220f493ffff>89392201a2bffff>89392201a3bffff>89392201a07ffff>89392201a17ffff>89392201a8fffff>89392201a87ffff>8939220184bffff>8939220184fffff>89392201847ffff>89392201873ffff>8939220180fffff>89392201877ffff>8939220183bffff>89392201833ffff>893922018abffff>893922018a3ffff>893922018b3ffff>89392201d4bffff>89392201d43ffff>89392201d5bffff>89392201d53ffff>89392201dcbffff>89392201ddbffff>89392201ca7ffff>8939220036bffff>89392200363ffff>89392200373ffff>8939220037bffff
5,21,600,6.198,18,8939220f407ffff>8939220f417ffff>8939220f48fffff>8939220f483ffff>8939220f493ffff>89392201a2bffff>89392201a3bffff>89392201a07ffff>89392201a17ffff>89392201a8fffff>89392201a8bffff>89392201a9bffff>89392201e67ffff>89392201e63ffff>89392201e6bffff>8939220adb7ffff>8939220adb3ffff>8939220ad87ffff
5,22,566,6.617,19,8939220f407ffff>8939220f417ffff>8939220f48fffff>8939220f483ffff>8939220f493ffff>89392201a2bffff>89392201a3bffff>89392201a07ffff>89392201a17ffff>89392201a8fffff>89392201a83ffff>89392201a8bffff>89392201a9bffff>89392201e67ffff>89392201e77ffff>89392201e0fffff>89392201e03ffff>89392201e13ffff>89392201e8fffff
5,23,560,8.421,24,8939220f0dbffff>8939220f637ffff>8939220f627ffff>8939220f62fffff>8939220f297ffff>8939220f283ffff>8939220f28fffff>8939220f213ffff>8939220f21bffff>8939220f257ffff>8939220f247ffff>8939220f27bffff>8939220f26bffff>8939220d4d3ffff>8939220d4dbffff>89392208937ffff>89392208927ffff>8939220892fffff>8939220d693ffff>8939220d69bffff>8939220d6d7ffff>8939220d6c3ffff>8939220d6cbffff>89392208b27ffff
5,24,490,13.155,37,8939220f447ffff>8939220f457ffff>8939220f40bffff>8939220f403ffff>8939220f407ffff>8939220f417ffff>8939220f48fffff>8939220f483ffff>8939220f493ffff>89392201a2bffff>89392201a3bffff>89392201a07ffff>89392201a17ffff>89392201a8fffff>89392201a87ffff>8939220184bffff>8939220184fffff>89392201847ffff>89392201873ffff>8939220180fffff>89392201877ffff>8939220183bffff>89392201833ffff>893922018abffff>893922018a3ffff>893922018b3ffff>89392201d4bffff>89392201d43ffff>89392201d5bffff>89392201d53ffff>89392201dcbffff>89392201ddbffff>89392201ca7ffff>8939220036bffff>89392200363ffff>89392200373ffff>8939220037bffff
5,25,463,11.707,33,8939220f407ffff>8939220f417ffff>8939220f48fffff>8939220f483ffff>8939220f493ffff>89392201a2bffff>89392201a3bffff>89392201a07ffff>89392201a17ffff>89392201a8fffff>89392201a87ffff>8939220184bffff>89392201843ffff>89392201847ffff>89392201873ffff>8939220180fffff>89392201877ffff>8939220183bffff>89392201833ffff>893922018abffff>893922018a3ffff>893922018b3ffff>89392201d4bffff>89392201d43ffff>89392201d5bffff>89392201d53ffff>89392201dcbffff>89392201ddbffff>89392201ca7ffff>8939220036bffff>89392200363ffff>89392200373ffff>8939220037bffff
5,26,404,5.804,17,8939220a943ffff>8939220a957ffff>8939220a9cfffff>8939220a9c3ffff>8939220a9d7ffff>8939220a9d3ffff>8939220ad6fffff>8939220ad67ffff>8939220ad77ffff>8939220ad2bffff>8939220ad2fffff>8939220a993ffff>8939220a997ffff>89392201a4bffff>89392201a43ffff>89392201a47ffff>89392201a0bffff
5,27,380,12.798,36,8939220f41bffff>8939220f40bffff>8939220f403ffff>8939220f407ffff>8939220f417ffff>8939220f48fffff>8939220f483ffff>8939220f493ffff>89392201a2bffff>89392201a3bffff>89392201a07ffff>89392201a17ffff>89392201a8fffff>89392201a87ffff>8939220184bffff>8939220184fffff>89392201847ffff>89392201873ffff>8939220180fffff>89392201877ffff>8939220183bffff>89392201833ffff>893922018abffff>893922018a3ffff>893922018b3ffff>89392201d4bffff>89392201d43ffff>89392201d5bffff>89392201d53ffff>89392201dcbffff>89392201ddbffff>89392201ca7ffff>8939220036bffff>89392200363ffff>89392200373ffff>8939220037bffff
5,28,377,5.471,16,8939220a947ffff>8939220a943ffff>8939220a957ffff>8939220a9cfffff>8939220a9c3ffff>8939220a9d7ffff>8939220a9d3ffff>8939220ad6fffff>8939220ad67ffff>8939220ad77ffff>8939220ad3bffff>8939220ad07ffff>8939220adabffff>8939220adbbffff>8939220ad87ffff>8939220adb3ffff
5,29,339,7.672,22,8939220f0dbffff>8939220f637ffff>8939220f627ffff>8939220f62fffff>8939220f297ffff>8939220f283ffff>8939220f28fffff>8939220f213ffff>8939220f21bffff>8939220f257ffff>8939220f247ffff>8939220f27bffff>8939220f26bffff>8939220d4d3ffff>8939220d4d7ffff>8939220d4c7ffff>8939220d48bffff>8939220d413ffff>8939220d417ffff>8939220d403ffff>8939220d407ffff>8939220d43bffff
5,30,331,5.471,16,8939220a943ffff>8939220a957ffff>8939220a9cfffff>8939220a9c3ffff>8939220a9d7ffff>8939220a9d3ffff>8939220ad6fffff>8939220ad67ffff>8939220ad77ffff>8939220ad3bffff>8939220ad07ffff>8939220adabffff>8939220adbbffff>8939220ad87ffff>8939220adb3ffff>8939220adb7ffff
5,31,304,5.854,17,8939220f0dbffff>8939220f637ffff>8939220f627ffff>8939220f62fffff>8939220f297ffff>8939220f283ffff>8939220f28fffff>8939220f213ffff>8939220f21bffff>8939220f257ffff>8939220f247ffff>8939220f27bffff>8939220f26bffff>8939220d4d3ffff>8939220f26fffff>8939220f267ffff>8939220f263ffff
5,32,275,10.601,30,89392201a77ffff>89392201a67ffff>89392201a2bffff>89392201a3bffff>89392201a07ffff>89392201a17ffff>89392201a8fffff>89392201a87ffff>8939220184bffff>8939220184fffff>89392201847ffff>89392201873ffff>8939220180fffff>89392201877ffff>8939220183bffff>89392201833ffff>893922018abffff>893922018a3ffff>893922018b3ffff>89392201d4bffff>89392201d43ffff>89392201d5bffff>89392201d53ffff>89392201dcbffff>89392201ddbffff>89392201ca7ffff>8939220036bffff>89392200363ffff>89392200373ffff>8939220037bffff
5,33,263,13.157,37,8939220f55bffff>8939220f427ffff>8939220f423ffff>8939220f43bffff>8939220f407ffff>8939220f417ffff>8939220f48fffff>8939220f483ffff>8939220f493ffff>89392201a2bffff>89392201a3bffff>89392201a07ffff>89392201a17ffff>89392201a8fffff>89392201a87ffff>8939220184bffff>8939220184fffff>89392201847ffff>89392201873ffff>8939220180fffff>89392201877ffff>8939220183bffff>89392201833ffff>893922018abffff>893922018a3ffff>893922018b3ffff>89392201d4bffff>89392201d43ffff>89392201d5bffff>89392201d53ffff>89392201dcbffff>89392201ddbffff>89392201ca7ffff>8939220036bffff>89392200363ffff>89392200373ffff>8939220037bffff
5,34,241,8.753,25,89392201a8bffff>89392201a8fffff>89392201a87ffff>8939220184bffff>8939220184fffff>89392201847ffff>89392201873ffff>8939220180fffff>89392201877ffff>8939220183bffff>89392201833ffff>893922018abffff>893922018a3ffff>893922018b3ffff>89392201d4bffff>89392201d43ffff>89392201d5bffff>89392201d53ffff>89392201dcbffff>89392201ddbffff>89392201ca7ffff>8939220036bffff>89392200363ffff>89392200373ffff>8939220037bffff
5,35,222,5.474,16,8939220a943ffff>8939220a957ffff>8939220a9cfffff>8939220a9c3ffff>8939220a9d7ffff>8939220a9d3ffff>8939220ad6fffff>8939220ad67ffff>8939220ad77ffff>8939220ad3bffff>8939220ad07ffff>8939220ad33ffff>8939220adabffff>8939220adbbffff>8939220ad87ffff>8939220adb3ffff
5,36,183,11.325,32,8939220f0dbffff>8939220f637ffff>8939220f627ffff>8939220f62fffff>8939220f297ffff>8939220f283ffff>8939220f28fffff>8939220f213ffff>8939220f21bffff>8939220f257ffff>8939220f247ffff>8939220f27bffff>8939220f26bffff>8939220d4d3ffff>8939220d4dbffff>89392208937ffff>89392208927ffff>8939220892fffff>8939220d693ffff>8939220d69bffff>8939220d6d7ffff>8939220d6c3ffff>8939220d6cbffff>89392208b27ffff>89392208b2fffff>89392208b2bffff>89392208b67ffff>89392208b63ffff>89392208b6fffff>89392208b6bffff>893922725d3ffff>893922725dbffff
5,37,183,5.111,15,8939220c40bffff>8939220c473ffff>8939220c477ffff>8939220c40fffff>8939220c43bffff>8939220c42bffff>8939220c093ffff>8939220c097ffff>8939220c083ffff>8939220c08fffff>8939220c013ffff>8939220c003ffff>8939220c00fffff>8939220c077ffff>8939220c067ffff
5,38,161,5.079,15,8939220f523ffff>8939220f527ffff>8939220e253ffff>8939220e2cfffff>8939220e21bffff>8939220e2c7ffff>8939220e28bffff>8939220e283ffff>8939220e293ffff>8939220e62fffff>8939220e627ffff>8939220e053ffff>8939220e0cbffff>8939220e0cfffff>8939220e0c7ffff
5,39,151,7.296,21,8939220f0dbffff>8939220f637ffff>8939220f627ffff>8939220f62fffff>8939220f297ffff>8939220f283ffff>8939220f28fffff>8939220f213ffff>8939220f21bffff>8939220f257ffff>8939220f247ffff>8939220f27bffff>8939220f26bffff>8939220d4d3ffff>8939220d4d7ffff>8939220d4c7ffff>8939220d413ffff>8939220d417ffff>8939220d403ffff>8939220d407ffff>8939220d43bffff
5,40,149,5.85,17,8939220a943ffff>8939220a957ffff>8939220a9cfffff>8939220a9c3ffff>8939220a9d7ffff>8939220a9d3ffff>8939220ad6fffff>8939220ad67ffff>8939220ad77ffff>8939220ad3bffff>8939220ad07ffff>8939220adabffff>8939220adbbffff>8939220ad87ffff>8939220adb3ffff>89392201e4bffff>89392201e5bffff
5,41,146,8.01,23,8939220f12bffff>8939220f167ffff>8939220c69bffff>8939220c683ffff>8939220c693ffff>8939220c697ffff>8939220c45bffff>8939220c443ffff>8939220c457ffff>8939220c41bffff>8939220c403ffff>8939220c40fffff>8939220c43bffff>8939220c42bffff>8939220c093ffff>8939220c097ffff>8939220c083ffff>8939220c08fffff>8939220c013ffff>8939220c003ffff>8939220c00fffff>8939220c077ffff>8939220c067ffff
5,42,144,12.067,34,8939220f407ffff>8939220f417ffff>8939220f48fffff>8939220f483ffff>8939220f493ffff>89392201a2bffff>89392201a3bffff>89392201a07ffff>89392201a17ffff>89392201a8fffff>89392201a87ffff>8939220184bffff>8939220184fffff>89392201847ffff>89392201873ffff>8939220180fffff>89392201877ffff>8939220182bffff>8939220183bffff>89392201833ffff>893922018abffff>893922018a3ffff>893922018b3ffff>89392201d4bffff>89392201d43ffff>89392201d5bffff>89392201d53ffff>89392201dcbffff>89392201ddbffff>89392201ca7ffff>8939220036bffff>89392200363ffff>89392200373ffff>8939220037bffff
5,43,135,15.662,44,8939220f523ffff>8939220f537ffff>8939220f533ffff>8939220f5abffff>8939220f517ffff>8939220f513ffff>8939220f5c7ffff>8939220f5c3ffff>8939220f5dbffff>8939220f4afffff>8939220f4abffff>8939220f407ffff>8939220f417ffff>8939220f48fffff>8939220f483ffff>8939220f493ffff>89392201a2bffff>89392201a3bffff>89392201a07ffff>89392201a17ffff>89392201a8fffff>89392201a87ffff>8939220184bffff>8939220184fffff>89392201847ffff>89392201873ffff>8939220180fffff>89392201877ffff>8939220183bffff>89392201833ffff>893922018abffff>893922018a3ffff>893922018b3ffff>89392201d4bffff>89392201d43ffff>89392201d5bffff>89392201d53ffff>89392201dcbffff>89392201ddbffff>89392201ca7ffff>8939220036bffff>89392200363ffff>89392200373ffff>8939220037bffff
5,44,133,15.594,44,8939220e247ffff>8939220e243ffff>8939220e257ffff>8939220e2cfffff>8939220e21bffff>8939220e2c7ffff>8939220e28bffff>8939220e283ffff>8939220e293ffff>8939220e62fffff>8939220e627ffff>8939220e053ffff>8939220e0cbffff>8939220e0cfffff>8939220e0c7ffff>8939220e08bffff>8939220e08fffff>8939220e083ffff>8939220e087ffff>8939220e097ffff>8939220e54bffff>8939220e543ffff>8939220e557ffff>8939220e51bffff>8939220e513ffff>8939220e58fffff>8939220e5bbffff>8939220e587ffff>8939220e5b3ffff>8939220564fffff>89392205647ffff>89392205673ffff>8939220560fffff>8939220560bffff>8939220561bffff>89392205657ffff>893922056cfffff>89392205653ffff>893922056cbffff>89392200b37ffff>89392200b33ffff>89392200b07ffff>89392200b03ffff>89392200b1bffff
5,45,130,11.702,33,8939220f4d7ffff>89392201a6fffff>89392201a63ffff>89392201a77ffff>89392201a67ffff>89392201a2bffff>89392201a3bffff>89392201a07ffff>89392201a17ffff>89392201a8fffff>89392201a87ffff>8939220184bffff>8939220184fffff>89392201847ffff>89392201873ffff>8939220180fffff>89392201877ffff>8939220183bffff>89392201833ffff>893922018abffff>893922018a3ffff>893922018b3ffff>89392201d4bffff>89392201d43ffff>89392201d5bffff>89392201d53ffff>89392201dcbffff>89392201ddbffff>89392201ca7ffff>8939220036bffff>89392200363ffff>89392200373ffff>8939220037bffff
5,46,128,5.478,16,8939220f407ffff>8939220f417ffff>8939220f48fffff>8939220f483ffff>8939220f493ffff>89392201a2bffff>89392201a3bffff>89392201a07ffff>89392201a17ffff>89392201a8fffff>89392201a8bffff>89392201ac7ffff>89392201ac3ffff>89392201ad7ffff>89392201ad3ffff>89392201adbffff
5,47,114,7.289,21,8939220f68bffff>8939220f6d7ffff>8939220f6d3ffff>8939220a96bffff>8939220abb7ffff>8939220a94fffff>8939220a943ffff>8939220a957ffff>8939220a9cfffff>8939220a9c3ffff>8939220a9d7ffff>8939220a9d3ffff>8939220ad6fffff>8939220ad67ffff>8939220ad77ffff>8939220ad3bffff>8939220ad07ffff>8939220adabffff>8939220adbbffff>8939220ad87ffff>8939220adb3ffff
5,48,109,11.331,32,8939220f407ffff>8939220f417ffff>8939220f48fffff>8939220f483ffff>8939220f493ffff>89392201a2bffff>89392201a3bffff>89392201a07ffff>89392201a17ffff>89392201a8fffff>89392201a87ffff>8939220184bffff>8939220184fffff>89392201847ffff>89392201873ffff>8939220180fffff>8939220183bffff>89392201833ffff>893922018abffff>893922018a3ffff>893922018b3ffff>89392201d4bffff>89392201d43ffff>89392201d5bffff>89392201d53ffff>89392201dcbffff>89392201ddbffff>89392201ca7ffff>8939220036bffff>89392200363ffff>89392200373ffff>8939220037bffff
5,49,108,5.073,15,8939220e2abffff>8939220e2afffff>8939220e237ffff>8939220e3cbffff>8939220e3cfffff>8939220e31bffff>8939220e303ffff>8939220e317ffff>8939220e3bbffff>8939220e3abffff>8939220e3a3ffff>8939220e3afffff>8939220e3a7ffff>8939220eed3ffff>8939220eec3ffff
5,50,98,13.436,38,8939220e247ffff>8939220e243ffff>8939220e257ffff>8939220e2cfffff>8939220e21bffff>8939220e2c7ffff>8939220e28bffff>8939220e283ffff>8939220e293ffff>8939220e62fffff>8939220e627ffff>8939220e053ffff>8939220e0cbffff>8939220e0cfffff>8939220e0c7ffff>8939220e08bffff>8939220e08fffff>8939220e083ffff>8939220e087ffff>8939220e097ffff>8939220e54bffff>8939220e543ffff>8939220e557ffff>8939220e51bffff>8939220e513ffff>8939220e58fffff>8939220e5bbffff>8939220e587ffff>8939220e5b3ffff>8939220564fffff>89392205647ffff>89392205673ffff>8939220560fffff>8939220563bffff>8939220562bffff>8939220562fffff>89392205297ffff>89392205287ffff
5,51,85,11.688,33,8939220a9b7ffff>89392201a6bffff>89392201a63ffff>89392201a77ffff>89392201a67ffff>89392201a2bffff>89392201a3bffff>89392201a07ffff>89392201a17ffff>89392201a8fffff>89392201a87ffff>8939220184bffff>8939220184fffff>89392201847ffff>89392201873ffff>8939220180fffff>89392201877ffff>8939220183bffff>89392201833ffff>893922018abffff>893922018a3ffff>893922018b3ffff>89392201d4bffff>89392201d43ffff>89392201d5bffff>89392201d53ffff>89392201dcbffff>89392201ddbffff>89392201ca7ffff>8939220036bffff>89392200363ffff>89392200373ffff>8939220037bffff
5,52,82,6.544,19,8939220c483ffff>8939220c48fffff>8939220c487ffff>8939220c4bbffff>8939220c4b3ffff>8939220c4b7ffff>8939220c4a7ffff>8939220e36bffff>8939220c5d3ffff>8939220c5c3ffff>8939220c5c7ffff>8939220c51bffff>8939220c503ffff>8939220c50bffff>8939220c50fffff>8939220c577ffff>8939220c52bffff>8939220c193ffff>8939220c197ffff
5,53,82,5.124,15,8939220f407ffff>8939220f417ffff>8939220f48fffff>8939220f483ffff>8939220f493ffff>89392201a2bffff>89392201a3bffff>89392201a07ffff>89392201a17ffff>89392201a8fffff>89392201a8bffff>89392201ac7ffff>89392201ac3ffff>89392201acbffff>89392201a53ffff
5,54,79,10.225,29,89392201a77ffff>89392201a2bffff>89392201a3bffff>89392201a07ffff>89392201a17ffff>89392201a8fffff>89392201a87ffff>8939220184bffff>8939220184fffff>89392201847ffff>89392201873ffff>8939220180fffff>89392201877ffff>8939220183bffff>89392201833ffff>893922018abffff>893922018a3ffff>893922018b3ffff>89392201d4bffff>89392201d43ffff>89392201d5bffff>89392201d53ffff>89392201dcbffff>89392201ddbffff>89392201ca7ffff>8939220036bffff>89392200363ffff>89392200373ffff>8939220037bffff
5,55,74,6.902,20,8939220f12bffff>8939220f167ffff>8939220c69bffff>8939220c683ffff>8939220c693ffff>8939220c697ffff>8939220f12fffff>8939220f127ffff>8939220f123ffff>8939220f137ffff>8939220c4dbffff>8939220c4d3ffff>8939220e26fffff>8939220c49bffff>8939220c493ffff>8939220c483ffff>8939220c497ffff>8939220e34bffff>8939220e35bffff>8939220e343ffff
5,56,61,7.302,21,8939220f0dbffff>8939220f637ffff>8939220f627ffff>8939220f62fffff>8939220f297ffff>8939220f283ffff>8939220f28fffff>8939220f213ffff>8939220f21bffff>8939220f257ffff>8939220f247ffff>8939220f27bffff>8939220f26bffff>8939220d4d3ffff>8939220d4dbffff>893922089afffff>893922089abffff>89392208917ffff>89392208903ffff>89392208913ffff>8939220891bffff
5,57,58,7.678,22,8939220f0dbffff>8939220f637ffff>8939220f627ffff>8939220f62fffff>8939220f297ffff>8939220f283ffff>8939220f28fffff>8939220f213ffff>8939220f21bffff>8939220f257ffff>8939220f247ffff>8939220f27bffff>8939220f26bffff>8939220d4d3ffff>8939220d4dbffff>893922089a7ffff>893922089afffff>893922089abffff>89392208917ffff>89392208903ffff>89392208913ffff>8939220891bffff
5,58,54,10.601,30,8939220f49bffff>8939220f493ffff>89392201a2bffff>89392201a3bffff>89392201a07ffff>89392201a17ffff>89392201a8fffff>89392201a87ffff>8939220184bffff>8939220184fffff>89392201847ffff>89392201873ffff>8939220180fffff>89392201877ffff>8939220183bffff>89392201833ffff>893922018abffff>893922018a3ffff>893922018b3ffff>89392201d4bffff>89392201d43ffff>89392201d5bffff>89392201d53ffff>89392201dcbffff>89392201ddbffff>89392201ca7ffff>8939220036bffff>89392200363ffff>89392200373ffff>8939220037bffff
5,59,54,9.463,27,8939220c483ffff>8939220c48fffff>8939220c487ffff>8939220c4bbffff>8939220c4b3ffff>8939220c4b7ffff>8939220e37bffff>8939220e363ffff>8939220e367ffff>8939220c59bffff>8939220c593ffff>8939220e32fffff>8939220c597ffff>8939220ee5bffff>8939220ee43ffff>8939220ee57ffff>8939220ee47ffff>8939220ee0bffff>8939220ee73ffff>8939220ee0fffff>8939220ee07ffff>8939220eeabffff>8939220eeafffff>8939220eea7ffff>8939220e8dbffff>8939220e8cbffff>8939220e8cfffff
5,60,51,6.908,20,8939220f447ffff>8939220f457ffff>8939220f453ffff>8939220f4cbffff>8939220a937ffff>8939220a9afffff>8939220a9abffff>8939220a917ffff>8939220a98fffff>8939220a98bffff>8939220a99bffff>8939220ad6fffff>8939220ad67ffff>8939220ad77ffff>8939220ad3bffff>8939220ad07ffff>8939220adabffff>8939220adbbffff>8939220ad87ffff>8939220adb3ffff
5,61,47,12.422,35,8939220f41bffff>8939220f403ffff>8939220f407ffff>8939220f417ffff>8939220f48fffff>8939220f483ffff>8939220f493ffff>89392201a2bffff>89392201a3bffff>89392201a07ffff>89392201a17ffff>89392201a8fffff>89392201a87ffff>8939220184bffff>8939220184fffff>89392201847ffff>89392201873ffff>8939220180fffff>89392201877ffff>8939220183bffff>89392201833ffff>893922018abffff>893922018a3ffff>893922018b3ffff>89392201d4bffff>89392201d43ffff>89392201d5bffff>89392201d53ffff>89392201dcbffff>89392201ddbffff>89392201ca7ffff>8939220036bffff>89392200363ffff>89392200373ffff>8939220037bffff
5,62,42,6.168,18,8939220c483ffff>8939220c48fffff>8939220c487ffff>8939220c4bbffff>8939220c4a3ffff>8939220c4a7ffff>8939220e36bffff>8939220c5d3ffff>8939220c5c3ffff>8939220c5c7ffff>8939220c51bffff>8939220c503ffff>8939220c50bffff>8939220c50fffff>8939220c577ffff>8939220c52bffff>8939220c193ffff>8939220c197ffff
5,63,36,10.966,31,8939220f4d7ffff>8939220f49bffff>8939220f493ffff>89392201a2bffff>89392201a3bffff>89392201a07ffff>89392201a17ffff>89392201a8fffff>89392201a87ffff>8939220184bffff>8939220184fffff>89392201847ffff>89392201873ffff>8939220180fffff>89392201877ffff>8939220183bffff>89392201833ffff>893922018abffff>893922018a3ffff>893922018b3ffff>89392201d4bffff>89392201d43ffff>89392201d5bffff>89392201d53ffff>89392201dcbffff>89392201ddbffff>89392201ca7ffff>8939220036bffff>89392200363ffff>89392200373ffff>8939220037bffff
5,64,29,10.225,29,89392201a2fffff>89392201a2bffff>89392201a3bffff>89392201a07ffff>89392201a17ffff>89392201a8fffff>89392201a87ffff>8939220184bffff>8939220184fffff>89392201847ffff>89392201873ffff>8939220180fffff>89392201877ffff>8939220183bffff>89392201833ffff>893922018abffff>893922018a3ffff>893922018b3ffff>89392201d4bffff>89392201d43ffff>89392201d5bffff>89392201d53ffff>89392201dcbffff>89392201ddbffff>89392201ca7ffff>8939220036bffff>89392200363ffff>89392200373ffff>8939220037bffff
5,65,26,12.757,36,8939220f0dbffff>8939220f637ffff>8939220f627ffff>8939220f62fffff>8939220f297ffff>8939220f283ffff>8939220f28fffff>8939220f213ffff>8939220f21bffff>8939220f257ffff>8939220f247ffff>8939220f27bffff>8939220f26bffff>8939220d4d3ffff>8939220d4dbffff>89392208937ffff>89392208927ffff>8939220892fffff>8939220d693ffff>8939220d69bffff>8939220d6d7ffff>8939220d6c3ffff>8939220d6cbffff>89392208b37ffff>89392208b23ffff>89392208b33ffff>89392208b07ffff>89392208b03ffff>89392208b1bffff>89392208bcfffff>89392208b57ffff>89392208b53ffff>89392208b43ffff>89392208b4bffff>89392208b4fffff>893922724b3ffff
5,66,26,5.073,15,89392201a0bffff>89392201a47ffff>89392201a43ffff>89392201a4bffff>8939220a997ffff>8939220a993ffff>8939220ad2fffff>8939220ad2bffff>8939220ad77ffff>8939220ad3bffff>8939220ad07ffff>8939220adabffff>8939220adbbffff>8939220ad87ffff>8939220adb3ffff
5,67,24,10.593,30,8939220f497ffff>8939220f493ffff>89392201a2bffff>89392201a3bffff>89392201a07ffff>89392201a17ffff>89392201a8fffff>89392201a87ffff>8939220184bffff>8939220184fffff>89392201847ffff>89392201873ffff>8939220180fffff>89392201877ffff>8939220183bffff>89392201833ffff>893922018abffff>893922018a3ffff>893922018b3ffff>89392201d4bffff>89392201d43ffff>89392201d5bffff>89392201d53ffff>89392201dcbffff>89392201ddbffff>89392201ca7ffff>8939220036bffff>89392200363ffff>89392200373ffff>8939220037bffff
5,68,22,9.108,26,8939220f12bffff>8939220f167ffff>8939220c69bffff>8939220c683ffff>8939220c693ffff>8939220c697ffff>8939220c45bffff>8939220c443ffff>8939220c457ffff>8939220c41bffff>8939220c403ffff>8939220c40fffff>8939220c43bffff>8939220c42bffff>8939220c093ffff>8939220c097ffff>8939220c083ffff>8939220c08fffff>8939220c013ffff>8939220c003ffff>8939220c00fffff>8939220c077ffff>8939220c067ffff>8939220c02bffff>8939220c023ffff>8939220c02fffff
5,69,21,10.958,31,89392201a73ffff>89392201a77ffff>89392201a67ffff>89392201a2bffff>89392201a3bffff>89392201a07ffff>89392201a17ffff>89392201a8fffff>89392201a87ffff>8939220184bffff>8939220184fffff>89392201847ffff>89392201873ffff>8939220180fffff>89392201877ffff>8939220183bffff>89392201833ffff>893922018abffff>893922018a3ffff>893922018b3ffff>89392201d4bffff>89392201d43ffff>89392201d5bffff>89392201d53ffff>89392201dcbffff>89392201ddbffff>89392201ca7ffff>8939220036bffff>89392200363ffff>89392200373ffff>8939220037bffff
5,70,20,14.526,41,8939220e247ffff>8939220e243ffff>8939220e257ffff>8939220e2cfffff>8939220e21bffff>8939220e2c7ffff>8939220e28bffff>8939220e283ffff>8939220e293ffff>8939220e62fffff>8939220e627ffff>8939220e053ffff>8939220e0cbffff>8939220e0cfffff>8939220e0c7ffff>8939220e08bffff>8939220e08fffff>8939220e083ffff>8939220e087ffff>8939220e097ffff>8939220e54bffff>8939220e543ffff>8939220e557ffff>8939220e51bffff>8939220e513ffff>8939220e58fffff>8939220e5bbffff>8939220e587ffff>8939220e5b3ffff>8939220564fffff>89392205647ffff>89392205673ffff>8939220560fffff>8939220563bffff>8939220562bffff>8939220562fffff>89392205297ffff>89392205287ffff>8939220528fffff>89392205283ffff>8939220529bffff
5,71,19,5.494,16,8939220f2c7ffff>8939220f21bffff>8939220f257ffff>8939220f247ffff>8939220f27bffff>8939220f26bffff>8939220d4d3ffff>8939220d4dbffff>89392208937ffff>89392208927ffff>8939220892fffff>8939220d693ffff>8939220d69bffff>8939220d6d7ffff>8939220d6c3ffff>8939220d6cbffff
5,72,17,15.308,43,8939220f523ffff>8939220f533ffff>8939220f5abffff>8939220f517ffff>8939220f513ffff>8939220f5c7ffff>8939220f5c3ffff>8939220f5dbffff>8939220f4afffff>8939220f4abffff>8939220f407ffff>8939220f417ffff>8939220f48fffff>8939220f483ffff>8939220f493ffff>89392201a2bffff>89392201a3bffff>89392201a07ffff>89392201a17ffff>89392201a8fffff>89392201a87ffff>8939220184bffff>8939220184fffff>89392201847ffff>89392201873ffff>8939220180fffff>89392201877ffff>8939220183bffff>89392201833ffff>893922018abffff>893922018a3ffff>893922018b3ffff>89392201d4bffff>89392201d43ffff>89392201d5bffff>89392201d53ffff>89392201dcbffff>89392201ddbffff>89392201ca7ffff>8939220036bffff>89392200363ffff>89392200373ffff>8939220037bffff
5,73,17,11.988,34,8939220e0c7ffff>8939220e0cfffff>8939220e0cbffff>8939220e0dbffff>8939220e6afffff>8939220e6a3ffff>8939220e6bbffff>8939220e687ffff>8939220e683ffff>8939220e693ffff>89392201967ffff>89392201977ffff>8939220190fffff>8939220190bffff>89392201957ffff>89392201953ffff>89392201827ffff>89392201823ffff>8939220183bffff>89392201833ffff>893922018abffff>893922018a3ffff>893922018b3ffff>89392201d4bffff>89392201d43ffff>89392201d5bffff>89392201d53ffff>89392201dcbffff>89392201ddbffff>89392201ca7ffff>8939220036bffff>89392200363ffff>89392200373ffff>8939220037bffff
5,74,15,14.583,41,8939220f507ffff>8939220f517ffff>8939220f513ffff>8939220f5c7ffff>8939220f5c3ffff>8939220f5dbffff>8939220f4afffff>8939220f4abffff>8939220f407ffff>8939220f417ffff>8939220f48fffff>8939220f483ffff>8939220f493ffff>89392201a2bffff>89392201a3bffff>89392201a07ffff>89392201a17ffff>89392201a8fffff>89392201a87ffff>8939220184bffff>8939220184fffff>89392201847ffff>89392201873ffff>8939220180fffff>89392201877ffff>8939220183bffff>89392201833ffff>893922018abffff>893922018a3ffff>893922018b3ffff>89392201d4bffff>89392201d43ffff>89392201d5bffff>89392201d53ffff>89392201dcbffff>89392201ddbffff>89392201ca7ffff>8939220036bffff>89392200363ffff>89392200373ffff>8939220037bffff
5,75,14,6.531,19,8939220f12bffff>8939220f167ffff>8939220c69bffff>8939220c683ffff>8939220c693ffff>8939220c697ffff>8939220c45bffff>8939220c443ffff>8939220c457ffff>8939220c41bffff>8939220c403ffff>8939220c40fffff>8939220c43bffff>8939220c42bffff>8939220c093ffff>8939220c097ffff>8939220c083ffff>8939220c08fffff>8939220c08bffff
5,76,14,5.489,16,8939220f407ffff>8939220f417ffff>8939220f48fffff>8939220f483ffff>8939220f493ffff>89392201a2bffff>89392201a3bffff>89392201a07ffff>89392201a17ffff>89392201a8fffff>89392201a8bffff>89392201ac7ffff>89392201ac3ffff>89392201acbffff>8939220ad27ffff>8939220ad37ffff
5,77,11,11.633,33,8939220f12bffff>8939220f167ffff>8939220c69bffff>8939220c683ffff>8939220c693ffff>8939220c697ffff>8939220c45bffff>8939220c443ffff>8939220c457ffff>8939220c41bffff>8939220c403ffff>8939220c40fffff>8939220c43bffff>8939220c42bffff>8939220c093ffff>8939220c097ffff>8939220c083ffff>8939220c08fffff>8939220c013ffff>8939220c003ffff>8939220c00fffff>8939220c077ffff>8939220c067ffff>8939220c39bffff>8939220c38bffff>8939220c38fffff>8939220c3bbffff>8939220c3a3ffff>8939220c3b3ffff>8939220c3b7ffff>8939220c14fffff>8939220c17bffff>8939220c147ffff
5,78,11,10.601,30,89392201a2fffff>8939220f493ffff>89392201a2bffff>89392201a3bffff>89392201a07ffff>89392201a17ffff>89392201a8fffff>89392201a87ffff>8939220184bffff>8939220184fffff>89392201847ffff>89392201873ffff>8939220180fffff>89392201877ffff>8939220183bffff>89392201833ffff>893922018abffff>893922018a3ffff>893922018b3ffff>89392201d4bffff>89392201d43ffff>89392201d5bffff>89392201d53ffff>89392201dcbffff>89392201ddbffff>89392201ca7ffff>8939220036bffff>89392200363ffff>89392200373ffff>8939220037bffff
5,79,11,5.059,15,8939220f077ffff>8939220f02bffff>8939220f02fffff>8939220f393ffff>8939220f397ffff>8939220f15bffff>8939220f027ffff>8939220f023ffff>8939220f03bffff>8939220f00fffff>8939220f003ffff>8939220f013ffff>8939220f08bffff>8939220f0d7ffff>8939220f0d3ffff
5,80,10,13.866,39,8939220f58bffff>8939220f5c7ffff>8939220f5c3ffff>8939220f5dbffff>8939220f4afffff>8939220f4abffff>8939220f407ffff>8939220f417ffff>8939220f48fffff>8939220f483ffff>8939220f493ffff>89392201a2bffff>89392201a3bffff>89392201a07ffff>89392201a17ffff>89392201a8fffff>89392201a87ffff>8939220184bffff>8939220184fffff>89392201847ffff>89392201873ffff>8939220180fffff>89392201877ffff>8939220183bffff>89392201833ffff>893922018abffff>893922018a3ffff>893922018b3ffff>89392201d4bffff>89392201d43ffff>89392201d5bffff>89392201d53ffff>89392201dcbffff>89392201ddbffff>89392201ca7ffff>8939220036bffff>89392200363ffff>89392200373ffff>8939220037bffff
5,81,9,11.323,32,89392201a0fffff>89392201a73ffff>89392201a77ffff>89392201a67ffff>89392201a2bffff>89392201a3bffff>89392201a07ffff>89392201a17ffff>89392201a8fffff>89392201a87ffff>8939220184bffff>8939220184fffff>89392201847ffff>89392201873ffff>8939220180fffff>89392201877ffff>8939220183bffff>89392201833ffff>893922018abffff>893922018a3ffff>893922018b3ffff>89392201d4bffff>89392201d43ffff>89392201d5bffff>89392201d53ffff>89392201dcbffff>89392201ddbffff>89392201ca7ffff>8939220036bffff>89392200363ffff>89392200373ffff>8939220037bffff
5,82,8,15.286,43,8939220f523ffff>8939220f537ffff>8939220f533ffff>8939220f5abffff>8939220f517ffff>8939220f513ffff>8939220f5c7ffff>8939220f5c3ffff>8939220f5dbffff>8939220f4afffff>8939220f4abffff>8939220f417ffff>8939220f48fffff>8939220f483ffff>8939220f493ffff>89392201a2bffff>89392201a3bffff>89392201a07ffff>89392201a17ffff>89392201a8fffff>89392201a87ffff>8939220184bffff>8939220184fffff>89392201847ffff>89392201873ffff>8939220180fffff>89392201877ffff>8939220183bffff>89392201833ffff>893922018abffff>893922018a3ffff>893922018b3ffff>89392201d4bffff>89392201d43ffff>89392201d5bffff>89392201d53ffff>89392201dcbffff>89392201ddbffff>89392201ca7ffff>8939220036bffff>89392200363ffff>89392200373ffff>8939220037bffff
5,83,8,14.58,41,8939220f5bbffff>8939220f517ffff>8939220f513ffff>8939220f5c7ffff>8939220f5c3ffff>8939220f5dbffff>8939220f4afffff>8939220f4abffff>8939220f407ffff>8939220f417ffff>8939220f48fffff>8939220f483ffff>8939220f493ffff>89392201a2bffff>89392201a3bffff>89392201a07ffff>89392201a17ffff>89392201a8fffff>89392201a87ffff>8939220184bffff>8939220184fffff>89392201847ffff>89392201873ffff>8939220180fffff>89392201877ffff>8939220183bffff>89392201833ffff>893922018abffff>893922018a3ffff>893922018b3ffff>89392201d4bffff>89392201d43ffff>89392201d5bffff>89392201d53ffff>89392201dcbffff>89392201ddbffff>89392201ca7ffff>8939220036bffff>89392200363ffff>89392200373ffff>8939220037bffff
5,84,8,5.114,15,8939220a91bffff>8939220a957ffff>8939220a9cfffff>8939220a9c3ffff>8939220a9d7ffff>8939220a9d3ffff>8939220ad6fffff>8939220ad67ffff>8939220ad77ffff>8939220ad3bffff>8939220ad07ffff>8939220adabffff>8939220adbbffff>8939220ad87ffff>8939220adb3ffff
5,85,6,13.493,38,8939220ad2fffff>8939220a993ffff>8939220a997ffff>89392201a4bffff>89392201a43ffff>89392201a47ffff>89392201a0bffff>89392201a73ffff>89392201a77ffff>89392201a67ffff>89392201a2bffff>89392201a3bffff>89392201a07ffff>89392201a17ffff>89392201a8fffff>89392201a87ffff>8939220184bffff>8939220184fffff>89392201847ffff>89392201873ffff>8939220180fffff>89392201877ffff>8939220183bffff>89392201833ffff>893922018abffff>893922018a3ffff>893922018b3ffff>89392201d4bffff>89392201d43ffff>89392201d5bffff>89392201d53ffff>89392201dcbffff>89392201ddbffff>89392201ca7ffff>8939220036bffff>89392200363ffff>89392200373ffff>8939220037bffff
5,86,6,5.116,15,8939220a947ffff>8939220a957ffff>8939220a9cfffff>8939220a9c3ffff>8939220a9d7ffff>8939220a9d3ffff>8939220ad6fffff>8939220ad67ffff>8939220ad77ffff>8939220ad3bffff>8939220ad07ffff>8939220adabffff>8939220adbbffff>8939220ad87ffff>8939220adb3ffff
5,87,4,15.717,44,8939220f407ffff>8939220f417ffff>8939220f48fffff>8939220f483ffff>8939220f493ffff>89392201a2bffff>89392201a3bffff>89392201a07ffff>89392201a17ffff>89392201a8fffff>89392201a8bffff>89392201a9bffff>89392201e67ffff>89392201e77ffff>89392201e0fffff>89392201e03ffff>89392201e13ffff>89392201e17ffff>89392201e8fffff>89392201e8bffff>89392201ec7ffff>89392201ec3ffff>89392201ed3ffff>89392201edbffff>893922013a7ffff>893922013a3ffff>893922013b3ffff>8939220114bffff>89392201143ffff>89392201157ffff>8939220111bffff>89392201113ffff>8939220118bffff>8939220119bffff>89392201193ffff>89392201567ffff>8939220152bffff>89392201523ffff>89392201533ffff>893922015abffff>893922015a3ffff>893922015b7ffff>8939220064fffff>8939220067bffff
5,88,4,10.172,29,8939220e2abffff>8939220e2afffff>8939220e237ffff>8939220e3cbffff>8939220e3cfffff>8939220e357ffff>8939220e30bffff>8939220e373ffff>8939220e37bffff>8939220e363ffff>8939220e367ffff>8939220c59bffff>8939220c593ffff>8939220e32fffff>8939220c597ffff>8939220ee5bffff>8939220ee43ffff>8939220ee57ffff>8939220ee47ffff>8939220ee0bffff>8939220ee73ffff>8939220ee0fffff>8939220ee07ffff>8939220eeabffff>8939220eeafffff>8939220eea7ffff>8939220e8dbffff>8939220e8cbffff>8939220e8cfffff
5,89,4,9.853,28,8939220f0dbffff>8939220f637ffff>8939220f627ffff>8939220f62fffff>8939220f297ffff>8939220f283ffff>8939220f28fffff>8939220f213ffff>8939220f21bffff>8939220f257ffff>8939220f247ffff>8939220f27bffff>8939220f26bffff>8939220d4d3ffff>8939220d4dbffff>89392208937ffff>8939220d4cbffff>8939220d4cfffff>8939220d453ffff>8939220d443ffff>8939220d44bffff>8939220d687ffff>8939220d6bbffff>8939220d617ffff>8939220d613ffff>8939220d61bffff>8939220d6cfffff>8939220d653ffff
5,90,4,8.733,25,8939220e347ffff>8939220e357ffff>8939220e30bffff>8939220e373ffff>8939220e37bffff>8939220e363ffff>8939220e367ffff>8939220c59bffff>8939220c593ffff>8939220e32fffff>8939220c597ffff>8939220ee5bffff>8939220ee43ffff>8939220ee57ffff>8939220ee47ffff>8939220ee0bffff>8939220ee73ffff>8939220ee0fffff>8939220ee07ffff>8939220eeabffff>8939220eeafffff>8939220eea7ffff>8939220e8dbffff>8939220e8cbffff>8939220e8cfffff
5,91,3,6.241,18,8939220f407ffff>8939220f417ffff>8939220f48fffff>8939220f483ffff>8939220f493ffff>89392201a2bffff>89392201a3bffff>89392201a07ffff>89392201a17ffff>89392201a8fffff>89392201a83ffff>89392201a9bffff>89392201e67ffff>89392201e77ffff>89392201e0fffff>89392201e03ffff>89392201e13ffff>89392201e8fffff
5,92,2,15.654,44,8939220e2cbffff>8939220f537ffff>8939220f533ffff>8939220f5abffff>8939220f517ffff>8939220f513ffff>8939220f5c7ffff>8939220f5c3ffff>8939220f5dbffff>8939220f4afffff>8939220f4abffff>8939220f407ffff>8939220f417ffff>8939220f48fffff>8939220f483ffff>8939220f493ffff>89392201a2bffff>89392201a3bffff>89392201a07ffff>89392201a17ffff>89392201a8fffff>89392201a87ffff>8939220184bffff>8939220184fffff>89392201847ffff>89392201873ffff>8939220180fffff>89392201877ffff>8939220183bffff>89392201833ffff>893922018abffff>893922018a3ffff>893922018b3ffff>89392201d4bffff>89392201d43ffff>89392201d5bffff>89392201d53ffff>89392201dcbffff>89392201ddbffff>89392201ca7ffff>8939220036bffff>89392200363ffff>89392200373ffff>8939220037bffff
5,93,2,7.998,23,8939220e347ffff>8939220e373ffff>8939220e37bffff>8939220e363ffff>8939220e367ffff>8939220c59bffff>8939220c593ffff>8939220e32fffff>8939220c597ffff>8939220ee5bffff>8939220ee43ffff>8939220ee57ffff>8939220ee47ffff>8939220ee0bffff>8939220ee73ffff>8939220ee0fffff>8939220ee07ffff>8939220eeabffff>8939220eeafffff>8939220eea7ffff>8939220e8dbffff>8939220e8cbffff>8939220e8cfffff
5,94,1,14.583,41,8939220f58fffff>8939220f517ffff>8939220f513ffff>8939220f5c7ffff>8939220f5c3ffff>8939220f5dbffff>8939220f4afffff>8939220f4abffff>8939220f407ffff>8939220f417ffff>8939220f48fffff>8939220f483ffff>8939220f493ffff>89392201a2bffff>89392201a3bffff>89392201a07ffff>89392201a17ffff>89392201a8fffff>89392201a87ffff>8939220184bffff>8939220184fffff>89392201847ffff>89392201873ffff>8939220180fffff>89392201877ffff>8939220183bffff>89392201833ffff>893922018abffff>893922018a3ffff>893922018b3ffff>89392201d4bffff>89392201d43ffff>89392201d5bffff>89392201d53ffff>89392201dcbffff>89392201ddbffff>89392201ca7ffff>8939220036bffff>89392200363ffff>89392200373ffff>8939220037bffff
5,95,1,11.337,32,8939220f413ffff>8939220f48bffff>8939220f49bffff>8939220f493ffff>89392201a2bffff>89392201a3bffff>89392201a07ffff>89392201a17ffff>89392201a8fffff>89392201a87ffff>8939220184bffff>8939220184fffff>89392201847ffff>89392201873ffff>8939220180fffff>89392201877ffff>8939220183bffff>89392201833ffff>893922018abffff>893922018a3ffff>893922018b3ffff>89392201d4bffff>89392201d43ffff>89392201d5bffff>89392201d53ffff>89392201dcbffff>89392201ddbffff>89392201ca7ffff>8939220036bffff>89392200363ffff>89392200373ffff>8939220037bffff
5,96,1,11.334,32,89392201a73ffff>89392201a63ffff>89392201a77ffff>89392201a67ffff>89392201a2bffff>89392201a3bffff>89392201a07ffff>89392201a17ffff>89392201a8fffff>89392201a87ffff>8939220184bffff>8939220184fffff>89392201847ffff>89392201873ffff>8939220180fffff>89392201877ffff>8939220183bffff>89392201833ffff>893922018abffff>893922018a3ffff>893922018b3ffff>89392201d4bffff>89392201d43ffff>89392201d5bffff>89392201d53ffff>89392201dcbffff>89392201ddbffff>89392201ca7ffff>8939220036bffff>89392200363ffff>89392200373ffff>8939220037bffff
5,97,1,6.522,19,8939220c483ffff>8939220c48fffff>8939220c487ffff>8939220c4bbffff>8939220c4a3ffff>8939220c4a7ffff>8939220e36bffff>8939220c5d3ffff>8939220c5d7ffff>8939220c58bffff>8939220c513ffff>8939220c51bffff>8939220c503ffff>8939220c50bffff>8939220c50fffff>8939220c577ffff>8939220c52bffff>8939220c193ffff>8939220c197ffff
5,98,1,5.816,17,8939220f407ffff>8939220f417ffff>8939220f48fffff>8939220f483ffff>8939220f493ffff>89392201a2bffff>89392201a2fffff>89392201a23ffff>89392201a27ffff>89392201b53ffff>89392201b57ffff>89392201b47ffff>89392201b73ffff>89392201b7bffff>89392201b63ffff>89392201b6fffff>89392201b67ffff
5,99,1,5.106,15,8939220a953ffff>8939220a957ffff>8939220a9cfffff>8939220a9c3ffff>8939220a9d7ffff>8939220a9d3ffff>8939220ad6fffff>8939220ad67ffff>8939220ad77ffff>8939220ad3bffff>8939220ad07ffff>8939220adabffff>8939220adbbffff>8939220ad87ffff>8939220adb3ffff
5,100,1,5.095,15,8939220f12bffff>8939220f167ffff>8939220c69bffff>8939220c683ffff>8939220c693ffff>8939220c697ffff>8939220f12fffff>8939220f127ffff>8939220f123ffff>8939220f137ffff>8939220c4dbffff>8939220c4d3ffff>8939220e26fffff>8939220e267ffff>8939220e22bffff
10,1,2831,12.364,35,8939220e0c7ffff>8939220e0cfffff>8939220e0c3ffff>8939220e0cbffff>8939220e0dbffff>8939220e6afffff>8939220e6a3ffff>8939220e6bbffff>8939220e687ffff>8939220e683ffff>8939220e693ffff>89392201967ffff>89392201977ffff>8939220190fffff>8939220190bffff>89392201957ffff>89392201953ffff>89392201827ffff>89392201823ffff>8939220183bffff>89392201833ffff>893922018abffff>893922018a3ffff>893922018b3ffff>89392201d4bffff>89392201d43ffff>89392201d5bffff>89392201d53ffff>89392201dcbffff>89392201ddbffff>89392201ca7ffff>8939220036bffff>89392200363ffff>89392200373ffff>8939220037bffff
10,2,1832,11.263,32,8939220e637ffff>8939220e0dbffff>8939220e6afffff>8939220e6a3ffff>8939220e6bbffff>8939220e687ffff>8939220e683ffff>8939220e693ffff>89392201967ffff>89392201977ffff>8939220190fffff>8939220190bffff>89392201957ffff>89392201953ffff>89392201827ffff>89392201823ffff>8939220183bffff>89392201833ffff>893922018abffff>893922018a3ffff>893922018b3ffff>89392201d4bffff>89392201d43ffff>89392201d5bffff>89392201d53ffff>89392201dcbffff>89392201ddbffff>89392201ca7ffff>8939220036bffff>89392200363ffff>89392200373ffff>8939220037bffff
10,3,1807,11.707,33,8939220f407ffff>8939220f417ffff>8939220f48fffff>8939220f483ffff>8939220f493ffff>89392201a2bffff>89392201a3bffff>89392201a07ffff>89392201a17ffff>89392201a8fffff>89392201a87ffff>8939220184bffff>8939220184fffff>89392201847ffff>89392201873ffff>8939220180fffff>89392201877ffff>8939220183bffff>89392201833ffff>893922018abffff>893922018a3ffff>893922018b3ffff>89392201d4bffff>89392201d43ffff>89392201d5bffff>89392201d53ffff>89392201dcbffff>89392201ddbffff>89392201ca7ffff>8939220036bffff>89392200363ffff>89392200373ffff>8939220037bffff
10,4,939,12.067,34,8939220f407ffff>8939220f417ffff>8939220f48fffff>8939220f483ffff>8939220f493ffff>89392201a2bffff>89392201a3bffff>89392201a07ffff>89392201a17ffff>89392201a8fffff>89392201a87ffff>8939220184bffff>8939220184fffff>89392201843ffff>89392201847ffff>89392201873ffff>8939220180fffff>89392201877ffff>8939220183bffff>89392201833ffff>893922018abffff>893922018a3ffff>893922018b3ffff>89392201d4bffff>89392201d43ffff>89392201d5bffff>89392201d53ffff>89392201dcbffff>89392201ddbffff>89392201ca7ffff>8939220036bffff>89392200363ffff>89392200373ffff>8939220037bffff
10,5,888,13.092,37,8939220f58bffff>8939220f583ffff>8939220f593ffff>89392201b2fffff>89392201b23ffff>89392201b37ffff>89392201b33ffff>89392201bafffff>89392201ba7ffff>89392201bb7ffff>8939220196bffff>8939220197bffff>89392201963ffff>89392201967ffff>89392201977ffff>8939220190fffff>8939220190bffff>89392201957ffff>89392201953ffff>89392201827ffff>89392201823ffff>8939220183bffff>89392201833ffff>893922018abffff>893922018a3ffff>893922018b3ffff>89392201d4bffff>89392201d43ffff>89392201d5bffff>89392201d53ffff>89392201dcbffff>89392201ddbffff>89392201ca7ffff>8939220036bffff>89392200363ffff>89392200373ffff>8939220037bffff
10,6,665,12.075,34,8939220f43bffff>8939220f407ffff>8939220f417ffff>8939220f48fffff>8939220f483ffff>8939220f493ffff>89392201a2bffff>89392201a3bffff>89392201a07ffff>89392201a17ffff>89392201a8fffff>89392201a87ffff>8939220184bffff>8939220184fffff>89392201847ffff>89392201873ffff>8939220180fffff>89392201877ffff>8939220183bffff>89392201833ffff>893922018abffff>893922018a3ffff>893922018b3ffff>89392201d4bffff>89392201d43ffff>89392201d5bffff>89392201d53ffff>89392201dcbffff>89392201ddbffff>89392201ca7ffff>8939220036bffff>89392200363ffff>89392200373ffff>8939220037bffff
10,7,490,13.155,37,8939220f447ffff>8939220f457ffff>8939220f40bffff>8939220f403ffff>8939220f407ffff>8939220f417ffff>8939220f48fffff>8939220f483ffff>8939220f493ffff>89392201a2bffff>89392201a3bffff>89392201a07ffff>89392201a17ffff>89392201a8fffff>89392201a87ffff>8939220184bffff>8939220184fffff>89392201847ffff>89392201873ffff>8939220180fffff>89392201877ffff>8939220183bffff>89392201833ffff>893922018abffff>893922018a3ffff>893922018b3ffff>89392201d4bffff>89392201d43ffff>89392201d5bffff>89392201d53ffff>89392201dcbffff>89392201ddbffff>89392201ca7ffff>8939220036bffff>89392200363ffff>89392200373ffff>8939220037bffff
10,8,463,11.707,33,8939220f407ffff>8939220f417ffff>8939220f48fffff>8939220f483ffff>8939220f493ffff>89392201a2bffff>89392201a3bffff>89392201a07ffff>89392201a17ffff>89392201a8fffff>89392201a87ffff>8939220184bffff>89392201843ffff>89392201847ffff>89392201873ffff>8939220180fffff>89392201877ffff>8939220183bffff>89392201833ffff>893922018abffff>893922018a3ffff>893922018b3ffff>89392201d4bffff>89392201d43ffff>89392201d5bffff>89392201d53ffff>89392201dcbffff>89392201ddbffff>89392201ca7ffff>8939220036bffff>89392200363ffff>89392200373ffff>8939220037bffff
10,9,380,12.798,36,8939220f41bffff>8939220f40bffff>8939220f403ffff>8939220f407ffff>8939220f417ffff>8939220f48fffff>8939220f483ffff>8939220f493ffff>89392201a2bffff>89392201a3bffff>89392201a07ffff>89392201a17ffff>89392201a8fffff>89392201a87ffff>8939220184bffff>8939220184fffff>89392201847ffff>89392201873ffff>8939220180fffff>89392201877ffff>8939220183bffff>89392201833ffff>893922018abffff>893922018a3ffff>893922018b3ffff>89392201d4bffff>89392201d43ffff>89392201d5bffff>89392201d53ffff>89392201dcbffff>89392201ddbffff>89392201ca7ffff>8939220036bffff>89392200363ffff>89392200373ffff>8939220037bffff
10,10,275,10.601,30,89392201a77ffff>89392201a67ffff>89392201a2bffff>89392201a3bffff>89392201a07ffff>89392201a17ffff>89392201a8fffff>89392201a87ffff>8939220184bffff>8939220184fffff>89392201847ffff>89392201873ffff>8939220180fffff>89392201877ffff>8939220183bffff>89392201833ffff>893922018abffff>893922018a3ffff>893922018b3ffff>89392201d4bffff>89392201d43ffff>89392201d5bffff>89392201d53ffff>89392201dcbffff>89392201ddbffff>89392201ca7ffff>8939220036bffff>89392200363ffff>89392200373ffff>8939220037bffff
10,11,263,13.157,37,8939220f55bffff>8939220f427ffff>8939220f423ffff>8939220f43bffff>8939220f407ffff>8939220f417ffff>8939220f48fffff>8939220f483ffff>8939220f493ffff>89392201a2bffff>89392201a3bffff>89392201a07ffff>89392201a17ffff>89392201a8fffff>89392201a87ffff>8939220184bffff>8939220184fffff>89392201847ffff>89392201873ffff>8939220180fffff>89392201877ffff>8939220183bffff>89392201833ffff>893922018abffff>893922018a3ffff>893922018b3ffff>89392201d4bffff>89392201d43ffff>89392201d5bffff>89392201d53ffff>89392201dcbffff>89392201ddbffff>89392201ca7ffff>8939220036bffff>89392200363ffff>89392200373ffff>8939220037bffff
10,12,183,11.325,32,8939220f0dbffff>8939220f637ffff>8939220f627ffff>8939220f62fffff>8939220f297ffff>8939220f283ffff>8939220f28fffff>8939220f213ffff>8939220f21bffff>8939220f257ffff>8939220f247ffff>8939220f27bffff>8939220f26bffff>8939220d4d3ffff>8939220d4dbffff>89392208937ffff>89392208927ffff>8939220892fffff>8939220d693ffff>8939220d69bffff>8939220d6d7ffff>8939220d6c3ffff>8939220d6cbffff>89392208b27ffff>89392208b2fffff>89392208b2bffff>89392208b67ffff>89392208b63ffff>89392208b6fffff>89392208b6bffff>893922725d3ffff>893922725dbffff
10,13,144,12.067,34,8939220f407ffff>8939220f417ffff>8939220f48fffff>8939220f483ffff>8939220f493ffff>89392201a2bffff>89392201a3bffff>89392201a07ffff>89392201a17ffff>89392201a8fffff>89392201a87ffff>8939220184bffff>8939220184fffff>89392201847ffff>89392201873ffff>8939220180fffff>89392201877ffff>8939220182bffff>8939220183bffff>89392201833ffff>893922018abffff>893922018a3ffff>893922018b3ffff>89392201d4bffff>89392201d43ffff>89392201d5bffff>89392201d53ffff>89392201dcbffff>89392201ddbffff>89392201ca7ffff>8939220036bffff>89392200363ffff>89392200373ffff>8939220037bffff
10,14,135,15.662,44,8939220f523ffff>8939220f537ffff>8939220f533ffff>8939220f5abffff>8939220f517ffff>8939220f513ffff>8939220f5c7ffff>8939220f5c3ffff>8939220f5dbffff>8939220f4afffff>8939220f4abffff>8939220f407ffff>8939220f417ffff>8939220f48fffff>8939220f483ffff>8939220f493ffff>89392201a2bffff>89392201a3bffff>89392201a07ffff>89392201a17ffff>89392201a8fffff>89392201a87ffff>8939220184bffff>8939220184fffff>89392201847ffff>89392201873ffff>8939220180fffff>89392201877ffff>8939220183bffff>89392201833ffff>893922018abffff>893922018a3ffff>893922018b3ffff>89392201d4bffff>89392201d43ffff>89392201d5bffff>89392201d53ffff>89392201dcbffff>89392201ddbffff>89392201ca7ffff>8939220036bffff>89392200363ffff>89392200373ffff>8939220037bffff
10,15,133,15.594,44,8939220e247ffff>8939220e243ffff>8939220e257ffff>8939220e2cfffff>8939220e21bffff>8939220e2c7ffff>8939220e28bffff>8939220e283ffff>8939220e293ffff>8939220e62fffff>8939220e627ffff>8939220e053ffff>8939220e0cbffff>8939220e0cfffff>8939220e0c7ffff>8939220e08bffff>8939220e08fffff>8939220e083ffff>8939220e087ffff>8939220e097ffff>8939220e54bffff>8939220e543ffff>8939220e557ffff>8939220e51bffff>8939220e513ffff>8939220e58fffff>8939220e5bbffff>8939220e587ffff>8939220e5b3ffff>8939220564fffff>89392205647ffff>89392205673ffff>8939220560fffff>8939220560bffff>8939220561bffff>89392205657ffff>893922056cfffff>89392205653ffff>893922056cbffff>89392200b37ffff>89392200b33ffff>89392200b07ffff>89392200b03ffff>89392200b1bffff
10,16,130,11.702,33,8939220f4d7ffff>89392201a6fffff>89392201a63ffff>89392201a77ffff>89392201a67ffff>89392201a2bffff>89392201a3bffff>89392201a07ffff>89392201a17ffff>89392201a8fffff>89392201a87ffff>8939220184bffff>8939220184fffff>89392201847ffff>89392201873ffff>8939220180fffff>89392201877ffff>8939220183bffff>89392201833ffff>893922018abffff>893922018a3ffff>893922018b3ffff>89392201d4bffff>89392201d43ffff>89392201d5bffff>89392201d53ffff>89392201dcbffff>89392201ddbffff>89392201ca7ffff>8939220036bffff>89392200363ffff>89392200373ffff>8939220037bffff
10,17,109,11.331,32,8939220f407ffff>8939220f417ffff>8939220f48fffff>8939220f483ffff>8939220f493ffff>89392201a2bffff>89392201a3bffff>89392201a07ffff>89392201a17ffff>89392201a8fffff>89392201a87ffff>8939220184bffff>8939220184fffff>89392201847ffff>89392201873ffff>8939220180fffff>8939220183bffff>89392201833ffff>893922018abffff>893922018a3ffff>893922018b3ffff>89392201d4bffff>89392201d43ffff>89392201d5bffff>89392201d53ffff>89392201dcbffff>89392201ddbffff>89392201ca7ffff>8939220036bffff>89392200363ffff>89392200373ffff>8939220037bffff
10,18,98,13.436,38,8939220e247ffff>8939220e243ffff>8939220e257ffff>8939220e2cfffff>8939220e21bffff>8939220e2c7ffff>8939220e28bffff>8939220e283ffff>8939220e293ffff>8939220e62fffff>8939220e627ffff>8939220e053ffff>8939220e0cbffff>8939220e0cfffff>8939220e0c7ffff>8939220e08bffff>8939220e08fffff>8939220e083ffff>8939220e087ffff>8939220e097ffff>8939220e54bffff>8939220e543ffff>8939220e557ffff>8939220e51bffff>8939220e513ffff>8939220e58fffff>8939220e5bbffff>8939220e587ffff>8939220e5b3ffff>8939220564fffff>89392205647ffff>89392205673ffff>8939220560fffff>8939220563bffff>8939220562bffff>8939220562fffff>89392205297ffff>89392205287ffff
10,19,85,11.688,33,8939220a9b7ffff>89392201a6bffff>89392201a63ffff>89392201a77ffff>89392201a67ffff>89392201a2bffff>89392201a3bffff>89392201a07ffff>89392201a17ffff>89392201a8fffff>89392201a87ffff>8939220184bffff>8939220184fffff>89392201847ffff>89392201873ffff>8939220180fffff>89392201877ffff>8939220183bffff>89392201833ffff>893922018abffff>893922018a3ffff>893922018b3ffff>89392201d4bffff>89392201d43ffff>89392201d5bffff>89392201d53ffff>89392201dcbffff>89392201ddbffff>89392201ca7ffff>8939220036bffff>89392200363ffff>89392200373ffff>8939220037bffff
10,20,79,10.225,29,89392201a77ffff>89392201a2bffff>89392201a3bffff>89392201a07ffff>89392201a17ffff>89392201a8fffff>89392201a87ffff>8939220184bffff>8939220184fffff>89392201847ffff>89392201873ffff>8939220180fffff>89392201877ffff>8939220183bffff>89392201833ffff>893922018abffff>893922018a3ffff>893922018b3ffff>89392201d4bffff>89392201d43ffff>89392201d5bffff>89392201d53ffff>89392201dcbffff>89392201ddbffff>89392201ca7ffff>8939220036bffff>89392200363ffff>89392200373ffff>8939220037bffff
10,21,54,10.601,30,8939220f49bffff>8939220f493ffff>89392201a2bffff>89392201a3bffff>89392201a07ffff>89392201a17ffff>89392201a8fffff>89392201a87ffff>8939220184bffff>8939220184fffff>89392201847ffff>89392201873ffff>8939220180fffff>89392201877ffff>8939220183bffff>89392201833ffff>893922018abffff>893922018a3ffff>893922018b3ffff>89392201d4bffff>89392201d43ffff>89392201d5bffff>89392201d53ffff>89392201dcbffff>89392201ddbffff>89392201ca7ffff>8939220036bffff>89392200363ffff>89392200373ffff>8939220037bffff
10,22,47,12.422,35,8939220f41bffff>8939220f403ffff>8939220f407ffff>8939220f417ffff>8939220f48fffff>8939220f483ffff>8939220f493ffff>89392201a2bffff>89392201a3bffff>89392201a07ffff>89392201a17ffff>89392201a8fffff>89392201a87ffff>8939220184bffff>8939220184fffff>89392201847ffff>89392201873ffff>8939220180fffff>89392201877ffff>8939220183bffff>89392201833ffff>893922018abffff>893922018a3ffff>893922018b3ffff>89392201d4bffff>89392201d43ffff>89392201d5bffff>89392201d53ffff>89392201dcbffff>89392201ddbffff>89392201ca7ffff>8939220036bffff>89392200363ffff>89392200373ffff>8939220037bffff
10,23,36,10.966,31,8939220f4d7ffff>8939220f49bffff>8939220f493ffff>89392201a2bffff>89392201a3bffff>89392201a07ffff>89392201a17ffff>89392201a8fffff>89392201a87ffff>8939220184bffff>8939220184fffff>89392201847ffff>89392201873ffff>8939220180fffff>89392201877ffff>8939220183bffff>89392201833ffff>893922018abffff>893922018a3ffff>893922018b3ffff>89392201d4bffff>89392201d43ffff>89392201d5bffff>89392201d53ffff>89392201dcbffff>89392201ddbffff>89392201ca7ffff>8939220036bffff>89392200363ffff>89392200373ffff>8939220037bffff
10,24,29,10.225,29,89392201a2fffff>89392201a2bffff>89392201a3bffff>89392201a07ffff>89392201a17ffff>89392201a8fffff>89392201a87ffff>8939220184bffff>8939220184fffff>89392201847ffff>89392201873ffff>8939220180fffff>89392201877ffff>8939220183bffff>89392201833ffff>893922018abffff>893922018a3ffff>893922018b3ffff>89392201d4bffff>89392201d43ffff>89392201d5bffff>89392201d53ffff>89392201dcbffff>89392201ddbffff>89392201ca7ffff>8939220036bffff>89392200363ffff>89392200373ffff>8939220037bffff
10,25,26,12.757,36,8939220f0dbffff>8939220f637ffff>8939220f627ffff>8939220f62fffff>8939220f297ffff>8939220f283ffff>8939220f28fffff>8939220f213ffff>8939220f21bffff>8939220f257ffff>8939220f247ffff>8939220f27bffff>8939220f26bffff>8939220d4d3ffff>8939220d4dbffff>89392208937ffff>89392208927ffff>8939220892fffff>8939220d693ffff>8939220d69bffff>8939220d6d7ffff>8939220d6c3ffff>8939220d6cbffff>89392208b37ffff>89392208b23ffff>89392208b33ffff>89392208b07ffff>89392208b03ffff>89392208b1bffff>89392208bcfffff>89392208b57ffff>89392208b53ffff>89392208b43ffff>89392208b4bffff>89392208b4fffff>893922724b3ffff
10,26,24,10.593,30,8939220f497ffff>8939220f493ffff>89392201a2bffff>89392201a3bffff>89392201a07ffff>89392201a17ffff>89392201a8fffff>89392201a87ffff>8939220184bffff>8939220184fffff>89392201847ffff>89392201873ffff>8939220180fffff>89392201877ffff>8939220183bffff>89392201833ffff>893922018abffff>893922018a3ffff>893922018b3ffff>89392201d4bffff>89392201d43ffff>89392201d5bffff>89392201d53ffff>89392201dcbffff>89392201ddbffff>89392201ca7ffff>8939220036bffff>89392200363ffff>89392200373ffff>8939220037bffff
10,27,21,10.958,31,89392201a73ffff>89392201a77ffff>89392201a67ffff>89392201a2bffff>89392201a3bffff>89392201a07ffff>89392201a17ffff>89392201a8fffff>89392201a87ffff>8939220184bffff>8939220184fffff>89392201847ffff>89392201873ffff>8939220180fffff>89392201877ffff>8939220183bffff>89392201833ffff>893922018abffff>893922018a3ffff>893922018b3ffff>89392201d4bffff>89392201d43ffff>89392201d5bffff>89392201d53ffff>89392201dcbffff>89392201ddbffff>89392201ca7ffff>8939220036bffff>89392200363ffff>89392200373ffff>8939220037bffff
10,28,20,14.526,41,8939220e247ffff>8939220e243ffff>8939220e257ffff>8939220e2cfffff>8939220e21bffff>8939220e2c7ffff>8939220e28bffff>8939220e283ffff>8939220e293ffff>8939220e62fffff>8939220e627ffff>8939220e053ffff>8939220e0cbffff>8939220e0cfffff>8939220e0c7ffff>8939220e08bffff>8939220e08fffff>8939220e083ffff>8939220e087ffff>8939220e097ffff>8939220e54bffff>8939220e543ffff>8939220e557ffff>8939220e51bffff>8939220e513ffff>8939220e58fffff>8939220e5bbffff>8939220e587ffff>8939220e5b3ffff>8939220564fffff>89392205647ffff>89392205673ffff>8939220560fffff>8939220563bffff>8939220562bffff>8939220562fffff>89392205297ffff>89392205287ffff>8939220528fffff>89392205283ffff>8939220529bffff
10,29,17,15.308,43,8939220f523ffff>8939220f533ffff>8939220f5abffff>8939220f517ffff>8939220f513ffff>8939220f5c7ffff>8939220f5c3ffff>8939220f5dbffff>8939220f4afffff>8939220f4abffff>8939220f407ffff>8939220f417ffff>8939220f48fffff>8939220f483ffff>8939220f493ffff>89392201a2bffff>89392201a3bffff>89392201a07ffff>89392201a17ffff>89392201a8fffff>89392201a87ffff>8939220184bffff>8939220184fffff>89392201847ffff>89392201873ffff>8939220180fffff>89392201877ffff>8939220183bffff>89392201833ffff>893922018abffff>893922018a3ffff>893922018b3ffff>89392201d4bffff>89392201d43ffff>89392201d5bffff>89392201d53ffff>89392201dcbffff>89392201ddbffff>89392201ca7ffff>8939220036bffff>89392200363ffff>89392200373ffff>8939220037bffff
10,30,17,11.988,34,8939220e0c7ffff>8939220e0cfffff>8939220e0cbffff>8939220e0dbffff>8939220e6afffff>8939220e6a3ffff>8939220e6bbffff>8939220e687ffff>8939220e683ffff>8939220e693ffff>89392201967ffff>89392201977ffff>8939220190fffff>8939220190bffff>89392201957ffff>89392201953ffff>89392201827ffff>89392201823ffff>8939220183bffff>89392201833ffff>893922018abffff>893922018a3ffff>893922018b3ffff>89392201d4bffff>89392201d43ffff>89392201d5bffff>89392201d53ffff>89392201dcbffff>89392201ddbffff>89392201ca7ffff>8939220036bffff>89392200363ffff>89392200373ffff>8939220037bffff
10,31,15,14.583,41,8939220f507ffff>8939220f517ffff>8939220f513ffff>8939220f5c7ffff>8939220f5c3ffff>8939220f5dbffff>8939220f4afffff>8939220f4abffff>8939220f407ffff>8939220f417ffff>8939220f48fffff>8939220f483ffff>8939220f493ffff>89392201a2bffff>89392201a3bffff>89392201a07ffff>89392201a17ffff>89392201a8fffff>89392201a87ffff>8939220184bffff>8939220184fffff>89392201847ffff>89392201873ffff>8939220180fffff>89392201877ffff>8939220183bffff>89392201833ffff>893922018abffff>893922018a3ffff>893922018b3ffff>89392201d4bffff>89392201d43ffff>89392201d5bffff>89392201d53ffff>89392201dcbffff>89392201ddbffff>89392201ca7ffff>8939220036bffff>89392200363ffff>89392200373ffff>8939220037bffff
10,32,11,11.633,33,8939220f12bffff>8939220f167ffff>8939220c69bffff>8939220c683ffff>8939220c693ffff>8939220c697ffff>8939220c45bffff>8939220c443ffff>8939220c457ffff>8939220c41bffff>8939220c403ffff>8939220c40fffff>8939220c43bffff>8939220c42bffff>8939220c093ffff>8939220c097ffff>8939220c083ffff>8939220c08fffff>8939220c013ffff>8939220c003ffff>8939220c00fffff>8939220c077ffff>8939220c067ffff>8939220c39bffff>8939220c38bffff>8939220c38fffff>8939220c3bbffff>8939220c3a3ffff>8939220c3b3ffff>8939220c3b7ffff>8939220c14fffff>8939220c17bffff>8939220c147ffff
10,33,11,10.601,30,89392201a2fffff>8939220f493ffff>89392201a2bffff>89392201a3bffff>89392201a07ffff>89392201a17ffff>89392201a8fffff>89392201a87ffff>8939220184bffff>8939220184fffff>89392201847ffff>89392201873ffff>8939220180fffff>89392201877ffff>8939220183bffff>89392201833ffff>893922018abffff>893922018a3ffff>893922018b3ffff>89392201d4bffff>89392201d43ffff>89392201d5bffff>89392201d53ffff>89392201dcbffff>89392201ddbffff>89392201ca7ffff>8939220036bffff>89392200363ffff>89392200373ffff>8939220037bffff
10,34,10,13.866,39,8939220f58bffff>8939220f5c7ffff>8939220f5c3ffff>8939220f5dbffff>8939220f4afffff>8939220f4abffff>8939220f407ffff>8939220f417ffff>8939220f48fffff>8939220f483ffff>8939220f493ffff>89392201a2bffff>89392201a3bffff>89392201a07ffff>89392201a17ffff>89392201a8fffff>89392201a87ffff>8939220184bffff>8939220184fffff>89392201847ffff>89392201873ffff>8939220180fffff>89392201877ffff>8939220183bffff>89392201833ffff>893922018abffff>893922018a3ffff>893922018b3ffff>89392201d4bffff>89392201d43ffff>89392201d5bffff>89392201d53ffff>89392201dcbffff>89392201ddbffff>89392201ca7ffff>8939220036bffff>89392200363ffff>89392200373ffff>8939220037bffff
10,35,9,11.323,32,89392201a0fffff>89392201a73ffff>89392201a77ffff>89392201a67ffff>89392201a2bffff>89392201a3bffff>89392201a07ffff>89392201a17ffff>89392201a8fffff>89392201a87ffff>8939220184bffff>8939220184fffff>89392201847ffff>89392201873ffff>8939220180fffff>89392201877ffff>8939220183bffff>89392201833ffff>893922018abffff>893922018a3ffff>893922018b3ffff>89392201d4bffff>89392201d43ffff>89392201d5bffff>89392201d53ffff>89392201dcbffff>89392201ddbffff>89392201ca7ffff>8939220036bffff>89392200363ffff>89392200373ffff>8939220037bffff
10,36,8,15.286,43,8939220f523ffff>8939220f537ffff>8939220f533ffff>8939220f5abffff>8939220f517ffff>8939220f513ffff>8939220f5c7ffff>8939220f5c3ffff>8939220f5dbffff>8939220f4afffff>8939220f4abffff>8939220f417ffff>8939220f48fffff>8939220f483ffff>8939220f493ffff>89392201a2bffff>89392201a3bffff>89392201a07ffff>89392201a17ffff>89392201a8fffff>89392201a87ffff>8939220184bffff>8939220184fffff>89392201847ffff>89392201873ffff>8939220180fffff>89392201877ffff>8939220183bffff>89392201833ffff>893922018abffff>893922018a3ffff>893922018b3ffff>89392201d4bffff>89392201d43ffff>89392201d5bffff>89392201d53ffff>89392201dcbffff>89392201ddbffff>89392201ca7ffff>8939220036bffff>89392200363ffff>89392200373ffff>8939220037bffff
10,37,8,14.58,41,8939220f5bbffff>8939220f517ffff>8939220f513ffff>8939220f5c7ffff>8939220f5c3ffff>8939220f5dbffff>8939220f4afffff>8939220f4abffff>8939220f407ffff>8939220f417ffff>8939220f48fffff>8939220f483ffff>8939220f493ffff>89392201a2bffff>89392201a3bffff>89392201a07ffff>89392201a17ffff>89392201a8fffff>89392201a87ffff>8939220184bffff>8939220184fffff>89392201847ffff>89392201873ffff>8939220180fffff>89392201877ffff>8939220183bffff>89392201833ffff>893922018abffff>893922018a3ffff>893922018b3ffff>89392201d4bffff>89392201d43ffff>89392201d5bffff>89392201d53ffff>89392201dcbffff>89392201ddbffff>89392201ca7ffff>8939220036bffff>89392200363ffff>89392200373ffff>8939220037bffff
10,38,6,13.493,38,8939220ad2fffff>8939220a993ffff>8939220a997ffff>89392201a4bffff>89392201a43ffff>89392201a47ffff>89392201a0bffff>89392201a73ffff>89392201a77ffff>89392201a67ffff>89392201a2bffff>89392201a3bffff>89392201a07ffff>89392201a17ffff>89392201a8fffff>89392201a87ffff>8939220184bffff>8939220184fffff>89392201847ffff>89392201873ffff>8939220180fffff>89392201877ffff>8939220183bffff>89392201833ffff>893922018abffff>893922018a3ffff>893922018b3ffff>89392201d4bffff>89392201d43ffff>89392201d5bffff>89392201d53ffff>89392201dcbffff>89392201ddbffff>89392201ca7ffff>8939220036bffff>89392200363ffff>89392200373ffff>8939220037bffff
10,39,4,15.717,44,8939220f407ffff>8939220f417ffff>8939220f48fffff>8939220f483ffff>8939220f493ffff>89392201a2bffff>89392201a3bffff>89392201a07ffff>89392201a17ffff>89392201a8fffff>89392201a8bffff>89392201a9bffff>89392201e67ffff>89392201e77ffff>89392201e0fffff>89392201e03ffff>89392201e13ffff>89392201e17ffff>89392201e8fffff>89392201e8bffff>89392201ec7ffff>89392201ec3ffff>89392201ed3ffff>89392201edbffff>893922013a7ffff>893922013a3ffff>893922013b3ffff>8939220114bffff>89392201143ffff>89392201157ffff>8939220111bffff>89392201113ffff>8939220118bffff>8939220119bffff>89392201193ffff>89392201567ffff>8939220152bffff>89392201523ffff>89392201533ffff>893922015abffff>893922015a3ffff>893922015b7ffff>8939220064fffff>8939220067bffff
10,40,4,10.172,29,8939220e2abffff>8939220e2afffff>8939220e237ffff>8939220e3cbffff>8939220e3cfffff>8939220e357ffff>8939220e30bffff>8939220e373ffff>8939220e37bffff>8939220e363ffff>8939220e367ffff>8939220c59bffff>8939220c593ffff>8939220e32fffff>8939220c597ffff>8939220ee5bffff>8939220ee43ffff>8939220ee57ffff>8939220ee47ffff>8939220ee0bffff>8939220ee73ffff>8939220ee0fffff>8939220ee07ffff>8939220eeabffff>8939220eeafffff>8939220eea7ffff>8939220e8dbffff>8939220e8cbffff>8939220e8cfffff
10,41,2,15.654,44,8939220e2cbffff>8939220f537ffff>8939220f533ffff>8939220f5abffff>8939220f517ffff>8939220f513ffff>8939220f5c7ffff>8939220f5c3ffff>8939220f5dbffff>8939220f4afffff>8939220f4abffff>8939220f407ffff>8939220f417ffff>8939220f48fffff>8939220f483ffff>8939220f493ffff>89392201a2bffff>89392201a3bffff>89392201a07ffff>89392201a17ffff>89392201a8fffff>89392201a87ffff>8939220184bffff>8939220184fffff>89392201847ffff>89392201873ffff>8939220180fffff>89392201877ffff>8939220183bffff>89392201833ffff>893922018abffff>893922018a3ffff>893922018b3ffff>89392201d4bffff>89392201d43ffff>89392201d5bffff>89392201d53ffff>89392201dcbffff>89392201ddbffff>89392201ca7ffff>8939220036bffff>89392200363ffff>89392200373ffff>8939220037bffff
10,42,1,14.583,41,8939220f58fffff>8939220f517ffff>8939220f513ffff>8939220f5c7ffff>8939220f5c3ffff>8939220f5dbffff>8939220f4afffff>8939220f4abffff>8939220f407ffff>8939220f417ffff>8939220f48fffff>8939220f483ffff>8939220f493ffff>89392201a2bffff>89392201a3bffff>89392201a07ffff>89392201a17ffff>89392201a8fffff>89392201a87ffff>8939220184bffff>8939220184fffff>89392201847ffff>89392201873ffff>8939220180fffff>89392201877ffff>8939220183bffff>89392201833ffff>893922018abffff>893922018a3ffff>893922018b3ffff>89392201d4bffff>89392201d43ffff>89392201d5bffff>89392201d53ffff>89392201dcbffff>89392201ddbffff>89392201ca7ffff>8939220036bffff>89392200363ffff>89392200373ffff>8939220037bffff
10,43,1,11.337,32,8939220f413ffff>8939220f48bffff>8939220f49bffff>8939220f493ffff>89392201a2bffff>89392201a3bffff>89392201a07ffff>89392201a17ffff>89392201a8fffff>89392201a87ffff>8939220184bffff>8939220184fffff>89392201847ffff>89392201873ffff>8939220180fffff>89392201877ffff>8939220183bffff>89392201833ffff>893922018abffff>893922018a3ffff>893922018b3ffff>89392201d4bffff>89392201d43ffff>89392201d5bffff>89392201d53ffff>89392201dcbffff>89392201ddbffff>89392201ca7ffff>8939220036bffff>89392200363ffff>89392200373ffff>8939220037bffff
10,44,1,11.334,32,89392201a73ffff>89392201a63ffff>89392201a77ffff>89392201a67ffff>89392201a2bffff>89392201a3bffff>89392201a07ffff>89392201a17ffff>89392201a8fffff>89392201a87ffff>8939220184bffff>8939220184fffff>89392201847ffff>89392201873ffff>8939220180fffff>89392201877ffff>8939220183bffff>89392201833ffff>893922018abffff>893922018a3ffff>893922018b3ffff>89392201d4bffff>89392201d43ffff>89392201d5bffff>89392201d53ffff>89392201dcbffff>89392201ddbffff>89392201ca7ffff>8939220036bffff>89392200363ffff>89392200373ffff>8939220037bffff
