min_len_km,min_sup,x_pct,rank,support,support_taxis,length_km,n_cells,subroute
1,5000,0.30969,1,11205,436,2.565,8,8939220f407ffff>8939220f417ffff>8939220f48fffff>8939220f483ffff>8939220f493ffff>89392201a2bffff>89392201a2fffff>89392201a23ffff
1,5000,0.30969,2,10912,411,1.445,5,8939220f067ffff>8939220f02bffff>8939220f02fffff>8939220f027ffff>8939220f023ffff
1,5000,0.30969,3,10461,427,1.082,4,8939220e2abffff>8939220e2afffff>8939220e237ffff>8939220e3cbffff
1,5000,0.30969,4,9266,435,1.458,5,8939220f08bffff>8939220f0d7ffff>8939220f0c7ffff>8939220f0d7ffff>8939220f0c3ffff
1,5000,0.30969,5,9155,424,1.098,4,8939220f507ffff>8939220f50fffff>8939220f577ffff>8939220f563ffff
1,5000,0.30969,6,9117,426,1.461,5,8939220f56fffff>8939220f1d3ffff>8939220f1dbffff>8939220f037ffff>8939220f023ffff
1,5000,0.30969,7,8948,425,4.352,13,8939220f067ffff>8939220f393ffff>8939220f383ffff>8939220f397ffff>8939220f387ffff>8939220f3b3ffff>8939220f3a3ffff>8939220f3a7ffff>8939220c6d3ffff>8939220f16fffff>8939220c69bffff>8939220c68bffff>8939220c683ffff
1,5000,0.30969,8,8875,434,2.154,7,8939220f477ffff>8939220f473ffff>8939220f447ffff>8939220f457ffff>8939220f453ffff>8939220a927ffff>8939220a923ffff
1,5000,0.30969,9,8871,435,1.439,5,8939220f023ffff>8939220f027ffff>8939220f037ffff>8939220f1cbffff>8939220f037ffff
1,5000,0.30969,10,8815,434,1.817,6,8939220e24fffff>8939220e27bffff>8939220e273ffff>8939220e20fffff>8939220e207ffff>8939220e2abffff
1,5000,0.30969,11,8725,285,5.101,15,8939220f167ffff>8939220f12bffff>8939220f167ffff>8939220c69bffff>8939220c683ffff>8939220c693ffff>8939220c697ffff>8939220f12fffff>8939220f127ffff>8939220f123ffff>8939220f137ffff>8939220c4dbffff>8939220c4d3ffff>8939220e26bffff>8939220e27bffff
1,5000,0.30969,12,8661,418,2.905,9,8939220f027ffff>8939220f023ffff>8939220f03bffff>8939220f00fffff>8939220f003ffff>8939220f013ffff>8939220f08fffff>8939220f083ffff>8939220f097ffff
1,5000,0.30969,13,8640,434,2.516,8,8939220f00fffff>8939220f03bffff>8939220f077ffff>8939220f02bffff>8939220f02fffff>8939220f393ffff>8939220f397ffff>8939220f14bffff
1,5000,0.30969,14,8409,432,1.793,6,8939220f583ffff>8939220f597ffff>8939220e64bffff>8939220e64fffff>8939220e67bffff>8939220e663ffff
1,5000,0.30969,15,8264,407,1.09,4,8939220f02fffff>8939220f027ffff>8939220f023ffff>8939220f02fffff
1,5000,0.30969,16,8124,425,1.802,6,8939220f00fffff>8939220f03bffff>8939220f077ffff>8939220f02bffff>8939220f02fffff>8939220f027ffff
1,5000,0.30969,17,8113,389,2.895,9,8939220a973ffff>8939220a977ffff>8939220a93bffff>8939220a92bffff>8939220a923ffff>8939220a927ffff>8939220f453ffff>8939220f457ffff>8939220f447ffff
1,5000,0.30969,18,8100,438,1.098,4,8939220f407ffff>8939220f417ffff>8939220f4bbffff>8939220f417ffff
1,5000,0.30969,19,8088,425,1.079,4,8939220f02bffff>8939220f02fffff>8939220f02bffff>8939220f067ffff
1,5000,0.30969,20,8086,424,5.037,15,8939220f40bffff>8939220f403ffff>8939220f407ffff>8939220f4abffff>8939220f4afffff>8939220f5dbffff>8939220f5c3ffff>8939220f5c7ffff>8939220f513ffff>8939220f517ffff>8939220f5abffff>8939220f533ffff>8939220f523ffff>8939220f527ffff>8939220e253ffff
1,5000,0.30969,21,8045,434,5.134,15,8939220f6a7ffff>8939220f0dbffff>8939220f637ffff>8939220f627ffff>8939220f62fffff>8939220f297ffff>8939220f283ffff>8939220f28fffff>8939220f213ffff>8939220f21bffff>8939220f257ffff>8939220f247ffff>8939220f27bffff>8939220f26bffff>8939220d4d3ffff
1,5000,0.30969,22,7995,428,1.095,4,8939220f083ffff>8939220f097ffff>8939220f55bffff>8939220f553ffff
1,5000,0.30969,23,7966,419,1.09,4,8939220c683ffff>8939220c69bffff>8939220f167ffff>8939220f12bffff
1,5000,0.30969,24,7964,412,1.444,5,8939220f02fffff>8939220f027ffff>8939220f153ffff>8939220f15bffff>8939220f143ffff
1,5000,0.30969,25,7963,429,2.164,7,8939220f54fffff>8939220f57bffff>8939220f563ffff>8939220f56fffff>8939220f19bffff>8939220f18bffff>8939220f18fffff
1,5000,0.30969,26,7952,430,2.161,7,8939220f00fffff>8939220f03bffff>8939220f077ffff>8939220f02bffff>8939220f02fffff>8939220f023ffff>8939220f027ffff
1,5000,0.30969,27,7942,419,1.082,4,8939220f143ffff>8939220f15bffff>8939220f027ffff>8939220f023ffff
1,5000,0.30969,28,7839,424,1.82,6,8939220f56fffff>8939220f1d3ffff>8939220f1dbffff>8939220f037ffff>8939220f027ffff>8939220f023ffff
1,5000,0.30969,29,7807,434,2.18,7,8939220e243ffff>8939220e247ffff>8939220e24fffff>8939220e27bffff>8939220e26bffff>8939220c4d3ffff>8939220e26fffff
1,5000,0.30969,30,7802,422,1.823,6,8939220f027ffff>8939220f1cbffff>8939220f1cfffff>8939220f1c3ffff>8939220f1cbffff>8939220f1dbffff
1,5000,0.30969,31,7782,416,3.273,10,8939220f08bffff>8939220f0d7ffff>8939220f0c3ffff>8939220f0d3ffff>8939220f6a7ffff>8939220f6b7ffff>8939220f47bffff>8939220f447ffff>8939220f457ffff>8939220f40bffff
1,5000,0.30969,32,7776,409,1.823,6,8939220f007ffff>8939220f00fffff>8939220f007ffff>8939220f017ffff>8939220f0abffff>8939220f0bbffff
1,5000,0.30969,33,7725,431,1.087,4,8939220f1dbffff>8939220f037ffff>8939220f023ffff>8939220f03bffff
1,5000,0.30969,34,7721,433,1.098,4,8939220f1dbffff>8939220f037ffff>8939220f023ffff>8939220f02fffff
1,5000,0.30969,35,7718,419,2.542,8,8939220f147ffff>8939220f157ffff>8939220f10bffff>8939220f103ffff>8939220f117ffff>8939220f1bbffff>8939220f1b3ffff>8939220f1b7ffff
1,5000,0.30969,36,7703,413,1.447,5,8939220f383ffff>8939220f393ffff>8939220f067ffff>8939220f02bffff>8939220f02fffff
1,5000,0.30969,37,7680,425,1.804,6,8939220f027ffff>8939220f023ffff>8939220f02fffff>8939220f393ffff>8939220f397ffff>8939220f14bffff
1,5000,0.30969,38,7648,410,2.162,7,8939220f41bffff>8939220f403ffff>8939220f40fffff>8939220f43bffff>8939220f423ffff>8939220f42bffff>8939220f42fffff
1,5000,0.30969,39,7638,368,1.812,6,8939220e24bffff>8939220f197ffff>8939220f193ffff>8939220f19bffff>8939220f567ffff>8939220f56fffff
1,5000,0.30969,40,7595,431,2.895,9,8939220f013ffff>8939220f003ffff>8939220f00fffff>8939220f03bffff>8939220f077ffff>8939220f02bffff>8939220f02fffff>8939220f393ffff>8939220f397ffff
1,5000,0.30969,41,7544,389,1.463,5,8939220f19bffff>8939220f567ffff>8939220f56fffff>8939220f1d3ffff>8939220f1dbffff
1,5000,0.30969,42,7527,417,2.199,7,8939220f00fffff>8939220f003ffff>8939220f013ffff>8939220f08fffff>8939220f083ffff>8939220f097ffff>8939220f083ffff
1,5000,0.30969,43,7512,398,1.45,5,8939220e247ffff>8939220e243ffff>8939220e253ffff>8939220f527ffff>8939220f537ffff
1,5000,0.30969,44,7508,426,1.461,5,8939220f027ffff>8939220f037ffff>8939220f1cbffff>8939220f1dbffff>8939220f0a7ffff
1,5000,0.30969,45,7493,428,1.087,4,8939220f097ffff>8939220f083ffff>8939220f08bffff>8939220f0d7ffff
1,5000,0.30969,46,7457,429,1.095,4,8939220f18fffff>8939220f113ffff>8939220f11bffff>8939220f157ffff
1,5000,0.30969,47,7451,408,2.173,7,8939220f44fffff>8939220f47bffff>8939220f447ffff>8939220f457ffff>8939220f40bffff>8939220f403ffff>8939220f407ffff
1,5000,0.30969,48,7436,412,2.18,7,8939220f027ffff>8939220f1cbffff>8939220f1cfffff>8939220f1c3ffff>8939220f1c7ffff>8939220f1d7ffff>8939220f19bffff
1,5000,0.30969,49,7386,415,2.172,7,8939220f023ffff>8939220f03bffff>8939220f00fffff>8939220f007ffff>8939220f017ffff>8939220f0abffff>8939220f0bbffff
1,5000,0.30969,50,7380,417,4.725,14,8939220e243ffff>8939220e247ffff>8939220e24fffff>8939220e27bffff>8939220e26bffff>8939220c4d3ffff>8939220c4dbffff>8939220f137ffff>8939220f123ffff>8939220f12fffff>8939220f12bffff>8939220c693ffff>8939220f167ffff>8939220f12bffff
1,5000,0.30969,51,7360,390,16.366,46,8939220e257ffff>8939220e2cfffff>8939220e21bffff>8939220e2c7ffff>8939220e28bffff>8939220e283ffff>8939220e293ffff>8939220e62fffff>8939220e627ffff>8939220e053ffff>8939220e0cbffff>8939220e0cfffff>8939220e0c7ffff>8939220e0cfffff>8939220e0c3ffff>8939220e0cbffff>8939220e0dbffff>8939220e6afffff>8939220e6a3ffff>8939220e6bbffff>8939220e687ffff>8939220e683ffff>8939220e693ffff>89392201967ffff>89392201977ffff>8939220190fffff>8939220190bffff>89392201957ffff>89392201953ffff>89392201827ffff>89392201823ffff>8939220183bffff>89392201833ffff>893922018abffff>893922018a3ffff>893922018b3ffff>89392201d4bffff>89392201d43ffff>89392201d5bffff>89392201d53ffff>89392201dcbffff>89392201ddbffff>89392201ca7ffff>8939220036bffff>89392200363ffff>89392200373ffff
1,5000,0.30969,52,7346,429,4.02,12,8939220f083ffff>8939220f097ffff>8939220f55bffff>8939220f427ffff>8939220f423ffff>8939220f43bffff>8939220f407ffff>8939220f417ffff>8939220f48fffff>8939220f483ffff>8939220f493ffff>89392201a2bffff
1,5000,0.30969,53,7325,430,1.815,6,8939220e2b7ffff>8939220e04fffff>8939220e07bffff>8939220e047ffff>8939220e073ffff>8939220e00fffff
1,5000,0.30969,54,7318,412,4.683,14,8939220e253ffff>8939220f527ffff>8939220f523ffff>8939220f533ffff>8939220f5abffff>8939220f517ffff>8939220f513ffff>8939220f5c7ffff>8939220f5c3ffff>8939220f5dbffff>8939220f4afffff>8939220f4abffff>8939220f407ffff>8939220f417ffff
1,5000,0.30969,55,7276,432,1.101,4,8939220f5cfffff>8939220f5c3ffff>8939220f5d7ffff>89392201b6fffff
1,5000,0.30969,56,7275,276,4.741,14,8939220f167ffff>8939220f12bffff>8939220f167ffff>8939220c69bffff>8939220c683ffff>8939220c697ffff>8939220f12fffff>8939220f127ffff>8939220f123ffff>8939220f137ffff>8939220c4dbffff>8939220c4d3ffff>8939220e26bffff>8939220e27bffff
1,5000,0.30969,57,7272,406,1.815,6,8939220f6b3ffff>8939220f44fffff>8939220f47bffff>8939220f447ffff>8939220f457ffff>8939220f40bffff
1,5000,0.30969,58,7227,394,1.09,4,8939220e2d3ffff>8939220f5a7ffff>8939220f5afffff>8939220f537ffff
1,5000,0.30969,59,7225,390,1.447,5,8939220f477ffff>8939220f473ffff>8939220f477ffff>8939220f43bffff>8939220f407ffff
1,5000,0.30969,60,7212,387,1.447,5,8939220f413ffff>8939220f41bffff>8939220f403ffff>8939220f40fffff>8939220f43bffff
1,5000,0.30969,61,7210,431,1.082,4,8939220f467ffff>8939220f477ffff>8939220f473ffff>8939220f477ffff
1,5000,0.30969,62,7188,421,2.886,9,8939220f423ffff>8939220f42bffff>8939220f42fffff>8939220f55bffff>8939220f543ffff>8939220f54fffff>8939220f57bffff>8939220f563ffff>8939220f56fffff
1,5000,0.30969,63,7178,341,4.725,14,8939220c697ffff>8939220f12fffff>8939220f127ffff>8939220f123ffff>8939220f137ffff>8939220c4dbffff>8939220c4d3ffff>8939220e26bffff>8939220e27bffff>8939220e247ffff>8939220e243ffff>8939220e257ffff>8939220e253ffff>8939220f527ffff
1,5000,0.30969,64,7168,420,1.826,6,8939220f1cfffff>8939220f1c3ffff>8939220f1c7ffff>8939220f1d7ffff>8939220f19bffff>8939220f18bffff
1,5000,0.30969,65,7104,385,2.54,8,8939220f397ffff>8939220f15bffff>8939220f027ffff>8939220f023ffff>8939220f03bffff>8939220f00fffff>8939220f003ffff>8939220f013ffff
1,5000,0.30969,66,7103,431,1.82,6,8939220c4d3ffff>8939220e26fffff>8939220c49bffff>8939220c493ffff>8939220c483ffff>8939220c497ffff
1,5000,0.30969,67,7090,428,1.807,6,8939220f543ffff>8939220f55bffff>8939220f427ffff>8939220f423ffff>8939220f43bffff>8939220f407ffff
1,5000,0.30969,68,7020,274,5.09,15,8939220f167ffff>8939220c69bffff>8939220c683ffff>8939220c697ffff>8939220f12fffff>8939220f127ffff>8939220f123ffff>8939220f137ffff>8939220c4dbffff>8939220c4d3ffff>8939220e26bffff>8939220e27bffff>8939220e24fffff>8939220e247ffff>8939220e243ffff
1,5000,0.30969,69,7011,394,4.337,13,8939220f6b3ffff>8939220f6b7ffff>8939220f46bffff>8939220f0d3ffff>8939220f0d7ffff>8939220f08bffff>8939220f013ffff>8939220f003ffff>8939220f00fffff>8939220f03bffff>8939220f077ffff>8939220f02bffff>8939220f02fffff
1,5000,0.30969,70,7011,420,1.445,5,8939220f02bffff>8939220f02fffff>8939220f393ffff>8939220f397ffff>8939220f15bffff
1,5000,0.30969,71,6990,414,2.172,7,8939220e27bffff>8939220e247ffff>8939220e243ffff>8939220e257ffff>8939220e253ffff>8939220f527ffff>8939220f537ffff
1,5000,0.30969,72,6979,433,1.079,4,8939220e64fffff>8939220e67bffff>8939220e663ffff>8939220e66bffff
1,5000,0.30969,73,6970,401,1.098,4,8939220f5a7ffff>8939220f5afffff>8939220f537ffff>8939220f523ffff
1,5000,0.30969,74,6960,433,2.529,8,8939220f083ffff>8939220f087ffff>8939220f08fffff>8939220f0bbffff>8939220f0a3ffff>8939220f0afffff>8939220f1dbffff>8939220f1cbffff
1,5000,0.30969,75,6942,409,5.121,15,8939220f40bffff>8939220f403ffff>8939220f407ffff>8939220f417ffff>8939220f48fffff>8939220f483ffff>8939220f493ffff>89392201a2bffff>89392201a3bffff>89392201a07ffff>89392201a17ffff>89392201a8fffff>89392201a87ffff>8939220184bffff>8939220184fffff
1,5000,0.30969,76,6926,410,2.177,7,8939220f143ffff>8939220f147ffff>8939220f157ffff>8939220f10bffff>8939220f103ffff>8939220f117ffff>8939220f1bbffff
1,5000,0.30969,77,6913,433,7.657,22,8939220f58bffff>8939220f583ffff>8939220f593ffff>89392201b2fffff>89392201b23ffff>89392201b37ffff>89392201b33ffff>89392201bafffff>89392201ba7ffff>89392201bb7ffff>8939220196bffff>8939220197bffff>89392201973ffff>8939220190fffff>89392201903ffff>89392201907ffff>89392201917ffff>893922019bbffff>893922019b3ffff>89392200a4bffff>89392200a4fffff>89392200a43ffff
1,5000,0.30969,78,6913,420,4.337,13,8939220f6d3ffff>8939220f6d7ffff>8939220f68bffff>8939220f613ffff>8939220f68fffff>8939220f617ffff>8939220f6abffff>8939220f6afffff>8939220f0dbffff>8939220f0cbffff>8939220f0cfffff>8939220f057ffff>8939220f00bffff
1,5000,0.30969,79,6907,423,1.815,6,8939220f157ffff>8939220f147ffff>8939220f10bffff>8939220f10fffff>8939220f177ffff>8939220f12bffff
1,5000,0.30969,80,6893,415,1.093,4,8939220f403ffff>8939220f40fffff>8939220f43bffff>8939220f407ffff
1,5000,0.30969,81,6891,428,2.905,9,8939220f083ffff>8939220f08fffff>8939220f013ffff>8939220f003ffff>8939220f00fffff>8939220f03bffff>8939220f077ffff>8939220f02bffff>8939220f02fffff
1,5000,0.30969,82,6883,433,1.439,5,8939220f56fffff>8939220f19bffff>8939220f18bffff>8939220f18fffff>8939220f1bbffff
1,5000,0.30969,83,6870,408,4.007,12,8939220f0c7ffff>8939220f0d7ffff>8939220f0c3ffff>8939220f0d3ffff>8939220f6a7ffff>8939220f6b7ffff>8939220f47bffff>8939220f447ffff>8939220f457ffff>8939220f40bffff>8939220f403ffff>8939220f407ffff
1,5000,0.30969,84,6860,426,6.116,18,8939220f407ffff>8939220f4abffff>8939220f4afffff>8939220f5dbffff>8939220f5c3ffff>8939220f5c7ffff>8939220f513ffff>8939220f517ffff>8939220f5abffff>8939220f533ffff>8939220f523ffff>8939220f527ffff>8939220e253ffff>8939220e257ffff>8939220e243ffff>8939220e247ffff>8939220e24fffff>8939220e27bffff
1,5000,0.30969,85,6851,421,5.048,15,8939220f447ffff>8939220f457ffff>8939220f40bffff>8939220f403ffff>8939220f407ffff>8939220f4abffff>8939220f4afffff>8939220f5dbffff>8939220f5c3ffff>8939220f5c7ffff>8939220f513ffff>8939220f517ffff>8939220f5abffff>8939220f533ffff>8939220f523ffff
1,5000,0.30969,86,6831,430,3.66,11,8939220f447ffff>8939220f47bffff>8939220f6b7ffff>8939220f6a7ffff>8939220f0dbffff>8939220f637ffff>8939220f627ffff>8939220f623ffff>8939220f637ffff>8939220f627ffff>8939220f05bffff
1,5000,0.30969,87,6818,424,1.09,4,8939220f0bbffff>8939220f0abffff>8939220f017ffff>8939220f003ffff
1,5000,0.30969,88,6818,386,1.082,4,8939220c68fffff>8939220c6bbffff>8939220c68fffff>8939220c683ffff
1,5000,0.30969,89,6816,409,5.08,15,8939220f023ffff>8939220f027ffff>8939220f037ffff>8939220f1cbffff>8939220f1dbffff>8939220f1d3ffff>8939220f56fffff>8939220f567ffff>8939220f52bffff>8939220f523ffff>8939220f537ffff>8939220f533ffff>8939220f5abffff>8939220f517ffff>8939220f513ffff
1,5000,0.30969,90,6800,427,2.18,7,8939220f067ffff>8939220f393ffff>8939220f383ffff>8939220f39bffff>8939220f3d7ffff>8939220f06fffff>8939220f3d3ffff
1,5000,0.30969,91,6785,432,3.632,11,8939220e243ffff>8939220e247ffff>8939220e24fffff>8939220e27bffff>8939220e26bffff>8939220c4d3ffff>8939220c4dbffff>8939220f137ffff>8939220f123ffff>8939220f127ffff>8939220f12fffff
1,5000,0.30969,92,6785,424,1.093,4,8939220f037ffff>8939220f1cbffff>8939220f1dbffff>8939220f1cbffff
1,5000,0.30969,93,6760,405,3.998,12,8939220f027ffff>8939220f023ffff>8939220f027ffff>8939220f037ffff>8939220f1cbffff>8939220f1dbffff>8939220f1d3ffff>8939220f56fffff>8939220f567ffff>8939220f52bffff>8939220f523ffff>8939220f537ffff
1,5000,0.30969,94,6745,429,1.818,6,8939220f0bbffff>8939220f0a3ffff>8939220f0afffff>8939220f1dbffff>8939220f1cbffff>8939220f153ffff
1,5000,0.30969,95,6734,433,5.14,15,8939220f407ffff>8939220f417ffff>8939220f48fffff>8939220f483ffff>8939220f493ffff>89392201a2bffff>89392201a3bffff>89392201a07ffff>89392201a17ffff>89392201a8fffff>89392201a8bffff>89392201a9bffff>89392201e67ffff>89392201e77ffff>89392201e0fffff
1,5000,0.30969,96,6683,413,2.169,7,8939220f02bffff>8939220f02fffff>8939220f393ffff>8939220f397ffff>8939220f14bffff>8939220f3b3ffff>8939220f3bbffff
1,5000,0.30969,97,6669,420,2.897,9,8939220f03bffff>8939220f077ffff>8939220f02bffff>8939220f02fffff>8939220f023ffff>8939220f027ffff>8939220f037ffff>8939220f1cbffff>8939220f1dbffff
1,5000,0.30969,98,6658,415,3.273,10,8939220f007ffff>8939220f017ffff>8939220f0abffff>8939220f0bbffff>8939220f0b3ffff>8939220f087ffff>8939220f54bffff>8939220f55bffff>8939220f543ffff>8939220f553ffff
1,5000,0.30969,99,6657,429,4.761,14,8939220f55bffff>8939220f427ffff>8939220f423ffff>8939220f43bffff>8939220f407ffff>8939220f417ffff>8939220f48fffff>8939220f483ffff>8939220f493ffff>89392201a2bffff>89392201a3bffff>89392201a07ffff>89392201a17ffff>89392201a8fffff
1,5000,0.30969,100,6642,421,1.09,4,8939220f1cbffff>8939220f027ffff>8939220f037ffff>8939220f1cbffff
3,5000,0.30969,1,8948,425,4.352,13,8939220f067ffff>8939220f393ffff>8939220f383ffff>8939220f397ffff>8939220f387ffff>8939220f3b3ffff>8939220f3a3ffff>8939220f3a7ffff>8939220c6d3ffff>8939220f16fffff>8939220c69bffff>8939220c68bffff>8939220c683ffff
3,5000,0.30969,2,8725,285,5.101,15,8939220f167ffff>8939220f12bffff>8939220f167ffff>8939220c69bffff>8939220c683ffff>8939220c693ffff>8939220c697ffff>8939220f12fffff>8939220f127ffff>8939220f123ffff>8939220f137ffff>8939220c4dbffff>8939220c4d3ffff>8939220e26bffff>8939220e27bffff
3,5000,0.30969,3,8086,424,5.037,15,8939220f40bffff>8939220f403ffff>8939220f407ffff>8939220f4abffff>8939220f4afffff>8939220f5dbffff>8939220f5c3ffff>8939220f5c7ffff>8939220f513ffff>8939220f517ffff>8939220f5abffff>8939220f533ffff>8939220f523ffff>8939220f527ffff>8939220e253ffff
3,5000,0.30969,4,8045,434,5.134,15,8939220f6a7ffff>8939220f0dbffff>8939220f637ffff>8939220f627ffff>8939220f62fffff>8939220f297ffff>8939220f283ffff>8939220f28fffff>8939220f213ffff>8939220f21bffff>8939220f257ffff>8939220f247ffff>8939220f27bffff>8939220f26bffff>8939220d4d3ffff
3,5000,0.30969,5,7782,416,3.273,10,8939220f08bffff>8939220f0d7ffff>8939220f0c3ffff>8939220f0d3ffff>8939220f6a7ffff>8939220f6b7ffff>8939220f47bffff>8939220f447ffff>8939220f457ffff>8939220f40bffff
3,5000,0.30969,6,7380,417,4.725,14,8939220e243ffff>8939220e247ffff>8939220e24fffff>8939220e27bffff>8939220e26bffff>8939220c4d3ffff>8939220c4dbffff>8939220f137ffff>8939220f123ffff>8939220f12fffff>8939220f12bffff>8939220c693ffff>8939220f167ffff>8939220f12bffff
3,5000,0.30969,7,7360,390,16.366,46,8939220e257ffff>8939220e2cfffff>8939220e21bffff>8939220e2c7ffff>8939220e28bffff>8939220e283ffff>8939220e293ffff>8939220e62fffff>8939220e627ffff>8939220e053ffff>8939220e0cbffff>8939220e0cfffff>8939220e0c7ffff>8939220e0cfffff>8939220e0c3ffff>8939220e0cbffff>8939220e0dbffff>8939220e6afffff>8939220e6a3ffff>8939220e6bbffff>8939220e687ffff>8939220e683ffff>8939220e693ffff>89392201967ffff>89392201977ffff>8939220190fffff>8939220190bffff>89392201957ffff>89392201953ffff>89392201827ffff>89392201823ffff>8939220183bffff>89392201833ffff>893922018abffff>893922018a3ffff>893922018b3ffff>89392201d4bffff>89392201d43ffff>89392201d5bffff>89392201d53ffff>89392201dcbffff>89392201ddbffff>89392201ca7ffff>8939220036bffff>89392200363ffff>89392200373ffff
3,5000,0.30969,8,7346,429,4.02,12,8939220f083ffff>8939220f097ffff>8939220f55bffff>8939220f427ffff>8939220f423ffff>8939220f43bffff>8939220f407ffff>8939220f417ffff>8939220f48fffff>8939220f483ffff>8939220f493ffff>89392201a2bffff
3,5000,0.30969,9,7318,412,4.683,14,8939220e253ffff>8939220f527ffff>8939220f523ffff>8939220f533ffff>8939220f5abffff>8939220f517ffff>8939220f513ffff>8939220f5c7ffff>8939220f5c3ffff>8939220f5dbffff>8939220f4afffff>8939220f4abffff>8939220f407ffff>8939220f417ffff
3,5000,0.30969,10,7275,276,4.741,14,8939220f167ffff>8939220f12bffff>8939220f167ffff>8939220c69bffff>8939220c683ffff>8939220c697ffff>8939220f12fffff>8939220f127ffff>8939220f123ffff>8939220f137ffff>8939220c4dbffff>8939220c4d3ffff>8939220e26bffff>8939220e27bffff
3,5000,0.30969,11,7178,341,4.725,14,8939220c697ffff>8939220f12fffff>8939220f127ffff>8939220f123ffff>8939220f137ffff>8939220c4dbffff>8939220c4d3ffff>8939220e26bffff>8939220e27bffff>8939220e247ffff>8939220e243ffff>8939220e257ffff>8939220e253ffff>8939220f527ffff
3,5000,0.30969,12,7020,274,5.09,15,8939220f167ffff>8939220c69bffff>8939220c683ffff>8939220c697ffff>8939220f12fffff>8939220f127ffff>8939220f123ffff>8939220f137ffff>8939220c4dbffff>8939220c4d3ffff>8939220e26bffff>8939220e27bffff>8939220e24fffff>8939220e247ffff>8939220e243ffff
3,5000,0.30969,13,7011,394,4.337,13,8939220f6b3ffff>8939220f6b7ffff>8939220f46bffff>8939220f0d3ffff>8939220f0d7ffff>8939220f08bffff>8939220f013ffff>8939220f003ffff>8939220f00fffff>8939220f03bffff>8939220f077ffff>8939220f02bffff>8939220f02fffff
3,5000,0.30969,14,6942,409,5.121,15,8939220f40bffff>8939220f403ffff>8939220f407ffff>8939220f417ffff>8939220f48fffff>8939220f483ffff>8939220f493ffff>89392201a2bffff>89392201a3bffff>89392201a07ffff>89392201a17ffff>89392201a8fffff>89392201a87ffff>8939220184bffff>8939220184fffff
3,5000,0.30969,15,6913,433,7.657,22,8939220f58bffff>8939220f583ffff>8939220f593ffff>89392201b2fffff>89392201b23ffff>89392201b37ffff>89392201b33ffff>89392201bafffff>89392201ba7ffff>89392201bb7ffff>8939220196bffff>8939220197bffff>89392201973ffff>8939220190fffff>89392201903ffff>89392201907ffff>89392201917ffff>893922019bbffff>893922019b3ffff>89392200a4bffff>89392200a4fffff>89392200a43ffff
3,5000,0.30969,16,6913,420,4.337,13,8939220f6d3ffff>8939220f6d7ffff>8939220f68bffff>8939220f613ffff>8939220f68fffff>8939220f617ffff>8939220f6abffff>8939220f6afffff>8939220f0dbffff>8939220f0cbffff>8939220f0cfffff>8939220f057ffff>8939220f00bffff
3,5000,0.30969,17,6870,408,4.007,12,8939220f0c7ffff>8939220f0d7ffff>8939220f0c3ffff>8939220f0d3ffff>8939220f6a7ffff>8939220f6b7ffff>8939220f47bffff>8939220f447ffff>8939220f457ffff>8939220f40bffff>8939220f403ffff>8939220f407ffff
3,5000,0.30969,18,6860,426,6.116,18,8939220f407ffff>8939220f4abffff>8939220f4afffff>8939220f5dbffff>8939220f5c3ffff>8939220f5c7ffff>8939220f513ffff>8939220f517ffff>8939220f5abffff>8939220f533ffff>8939220f523ffff>8939220f527ffff>8939220e253ffff>8939220e257ffff>8939220e243ffff>8939220e247ffff>8939220e24fffff>8939220e27bffff
3,5000,0.30969,19,6851,421,5.048,15,8939220f447ffff>8939220f457ffff>8939220f40bffff>8939220f403ffff>8939220f407ffff>8939220f4abffff>8939220f4afffff>8939220f5dbffff>8939220f5c3ffff>8939220f5c7ffff>8939220f513ffff>8939220f517ffff>8939220f5abffff>8939220f533ffff>8939220f523ffff
3,5000,0.30969,20,6831,430,3.66,11,8939220f447ffff>8939220f47bffff>8939220f6b7ffff>8939220f6a7ffff>8939220f0dbffff>8939220f637ffff>8939220f627ffff>8939220f623ffff>8939220f637ffff>8939220f627ffff>8939220f05bffff
3,5000,0.30969,21,6816,409,5.08,15,8939220f023ffff>8939220f027ffff>8939220f037ffff>8939220f1cbffff>8939220f1dbffff>8939220f1d3ffff>8939220f56fffff>8939220f567ffff>8939220f52bffff>8939220f523ffff>8939220f537ffff>8939220f533ffff>8939220f5abffff>8939220f517ffff>8939220f513ffff
3,5000,0.30969,22,6785,432,3.632,11,8939220e243ffff>8939220e247ffff>8939220e24fffff>8939220e27bffff>8939220e26bffff>8939220c4d3ffff>8939220c4dbffff>8939220f137ffff>8939220f123ffff>8939220f127ffff>8939220f12fffff
3,5000,0.30969,23,6760,405,3.998,12,8939220f027ffff>8939220f023ffff>8939220f027ffff>8939220f037ffff>8939220f1cbffff>8939220f1dbffff>8939220f1d3ffff>8939220f56fffff>8939220f567ffff>8939220f52bffff>8939220f523ffff>8939220f537ffff
3,5000,0.30969,24,6734,433,5.14,15,8939220f407ffff>8939220f417ffff>8939220f48fffff>8939220f483ffff>8939220f493ffff>89392201a2bffff>89392201a3bffff>89392201a07ffff>89392201a17ffff>89392201a8fffff>89392201a8bffff>89392201a9bffff>89392201e67ffff>89392201e77ffff>89392201e0fffff
3,5000,0.30969,25,6658,415,3.273,10,8939220f007ffff>8939220f017ffff>8939220f0abffff>8939220f0bbffff>8939220f0b3ffff>8939220f087ffff>8939220f54bffff>8939220f55bffff>8939220f543ffff>8939220f553ffff
3,5000,0.30969,26,6657,429,4.761,14,8939220f55bffff>8939220f427ffff>8939220f423ffff>8939220f43bffff>8939220f407ffff>8939220f417ffff>8939220f48fffff>8939220f483ffff>8939220f493ffff>89392201a2bffff>89392201a3bffff>89392201a07ffff>89392201a17ffff>89392201a8fffff
3,5000,0.30969,27,6633,408,4.67,14,8939220f533ffff>8939220f5abffff>8939220f517ffff>8939220f513ffff>8939220f5c7ffff>8939220f5c3ffff>8939220f5dbffff>8939220f4afffff>8939220f4abffff>8939220f407ffff>8939220f403ffff>8939220f41bffff>8939220f457ffff>8939220f453ffff
3,5000,0.30969,28,6631,433,4.391,13,8939220f407ffff>8939220f417ffff>8939220f48fffff>8939220f483ffff>8939220f493ffff>89392201a2bffff>89392201a3bffff>89392201a07ffff>89392201a17ffff>89392201a8fffff>89392201a8bffff>89392201ac7ffff>89392201ac3ffff
3,5000,0.30969,29,6584,422,6.901,20,8939220f533ffff>8939220f5abffff>8939220f517ffff>8939220f513ffff>8939220f5c7ffff>8939220f5c3ffff>8939220f5dbffff>8939220f4afffff>8939220f4abffff>8939220f407ffff>8939220f417ffff>8939220f48fffff>8939220f483ffff>8939220f493ffff>89392201a2bffff>89392201a3bffff>89392201a07ffff>89392201a17ffff>89392201a8fffff>89392201a8bffff
3,5000,0.30969,30,6576,415,3.643,11,8939220f02fffff>8939220f393ffff>8939220f397ffff>8939220f14bffff>8939220f3b3ffff>8939220f3bbffff>8939220f317ffff>8939220f307ffff>8939220f33bffff>8939220f377ffff>8939220f363ffff
3,5000,0.30969,31,6514,272,4.736,14,8939220f167ffff>8939220c69bffff>8939220c683ffff>8939220c697ffff>8939220f12fffff>8939220f127ffff>8939220f123ffff>8939220f137ffff>8939220c4dbffff>8939220c4d3ffff>8939220e26bffff>8939220e27bffff>8939220e247ffff>8939220e243ffff
3,5000,0.30969,32,6508,417,3.969,12,8939220f43bffff>8939220f407ffff>8939220f4abffff>8939220f4afffff>8939220f5dbffff>8939220f5c3ffff>8939220f5c7ffff>8939220f513ffff>8939220f517ffff>8939220f5abffff>8939220f533ffff>8939220f523ffff
3,5000,0.30969,33,6473,416,4.669,14,8939220f523ffff>8939220f537ffff>8939220f533ffff>8939220f5abffff>8939220f517ffff>8939220f513ffff>8939220f5c7ffff>8939220f5c3ffff>8939220f5dbffff>8939220f4afffff>8939220f4abffff>8939220f407ffff>8939220f403ffff>8939220f41bffff
3,5000,0.30969,34,6434,423,3.287,10,89392201a2bffff>8939220f493ffff>8939220f483ffff>8939220f48fffff>8939220f417ffff>8939220f407ffff>8939220f43bffff>8939220f423ffff>8939220f42bffff>8939220f42fffff
3,5000,0.30969,35,6431,330,5.436,16,8939220c697ffff>8939220f12fffff>8939220f127ffff>8939220f123ffff>8939220f137ffff>8939220c4dbffff>8939220c4d3ffff>8939220e26bffff>8939220e27bffff>8939220e24fffff>8939220e247ffff>8939220e243ffff>8939220e257ffff>8939220e253ffff>8939220f527ffff>8939220f523ffff
3,5000,0.30969,36,6425,378,3.254,10,8939220f02fffff>8939220f027ffff>8939220f023ffff>8939220f03bffff>8939220f00fffff>8939220f003ffff>8939220f013ffff>8939220f08bffff>8939220f0d7ffff>8939220f0d3ffff
3,5000,0.30969,37,6374,413,5.04,15,8939220f533ffff>8939220f5abffff>8939220f517ffff>8939220f513ffff>8939220f5c7ffff>8939220f5c3ffff>8939220f5dbffff>8939220f4afffff>8939220f4abffff>8939220f407ffff>8939220f403ffff>8939220f41bffff>8939220f40bffff>8939220f457ffff>8939220f447ffff
3,5000,0.30969,38,6362,387,4.366,13,8939220f02bffff>8939220f02fffff>8939220f023ffff>8939220f027ffff>8939220f037ffff>8939220f1cbffff>8939220f1dbffff>8939220f1d3ffff>8939220f56fffff>8939220f567ffff>8939220f52bffff>8939220f523ffff>8939220f537ffff
3,5000,0.30969,39,6350,313,4.725,14,8939220c697ffff>8939220f12fffff>8939220f127ffff>8939220f123ffff>8939220f137ffff>8939220c4dbffff>8939220c4d3ffff>8939220e26bffff>8939220e27bffff>8939220e24fffff>8939220e247ffff>8939220e243ffff>8939220e253ffff>8939220f527ffff
3,5000,0.30969,40,6336,378,10.541,30,8939220e6afffff>8939220e6a3ffff>8939220e6bbffff>8939220e687ffff>8939220e683ffff>8939220e693ffff>89392201967ffff>89392201977ffff>8939220190fffff>8939220190bffff>89392201957ffff>89392201953ffff>89392201827ffff>89392201823ffff>8939220183bffff>89392201833ffff>893922018abffff>893922018a3ffff>893922018b3ffff>89392201d4bffff>89392201d43ffff>89392201d5bffff>89392201d53ffff>89392201dcbffff>89392201ddbffff>89392201ca7ffff>8939220036bffff>89392200363ffff>89392200373ffff>8939220037bffff
3,5000,0.30969,41,6325,398,3.633,11,8939220f03bffff>8939220f007ffff>8939220f00fffff>8939220f003ffff>8939220f013ffff>8939220f08bffff>8939220f0d7ffff>8939220f0d3ffff>8939220f46bffff>8939220f6b7ffff>8939220f6b3ffff
3,5000,0.30969,42,6295,415,4.669,14,8939220f407ffff>8939220f4abffff>8939220f4afffff>8939220f5dbffff>8939220f5c3ffff>8939220f5c7ffff>8939220f513ffff>8939220f517ffff>8939220f5abffff>8939220f533ffff>8939220f537ffff>8939220f523ffff>8939220f527ffff>8939220e253ffff
3,5000,0.30969,43,6294,392,3.622,11,8939220f067ffff>8939220f063ffff>8939220f073ffff>8939220f00bffff>8939220f057ffff>8939220f0cfffff>8939220f0c7ffff>8939220f013ffff>8939220f08bffff>8939220f0d7ffff>8939220f0d3ffff
3,5000,0.30969,44,6266,396,5.04,15,8939220e247ffff>8939220e243ffff>8939220e253ffff>8939220f527ffff>8939220f523ffff>8939220f533ffff>8939220f5abffff>8939220f517ffff>8939220f513ffff>8939220f5c7ffff>8939220f5c3ffff>8939220f5dbffff>8939220f4afffff>8939220f4abffff>8939220f407ffff
3,5000,0.30969,45,6261,428,3.271,10,8939220f0c7ffff>8939220f0d7ffff>8939220f0c3ffff>8939220f0dbffff>8939220f6afffff>8939220f6a7ffff>8939220f0dbffff>8939220f637ffff>8939220f627ffff>8939220f623ffff
3,5000,0.30969,46,6224,415,4.312,13,8939220f537ffff>8939220f533ffff>8939220f5abffff>8939220f517ffff>8939220f513ffff>8939220f5c7ffff>8939220f5c3ffff>8939220f5dbffff>8939220f4afffff>8939220f4abffff>8939220f407ffff>8939220f403ffff>8939220f40bffff
3,5000,0.30969,47,6221,418,4.767,14,8939220f407ffff>8939220f417ffff>8939220f48fffff>8939220f483ffff>8939220f493ffff>89392201a2bffff>89392201a3bffff>89392201a07ffff>89392201a17ffff>89392201a8fffff>89392201a87ffff>8939220184bffff>8939220184fffff>89392201843ffff
3,5000,0.30969,48,6181,411,5.862,17,8939220f47bffff>8939220f447ffff>8939220f457ffff>8939220f40bffff>8939220f41bffff>8939220f40bffff>8939220f403ffff>8939220f407ffff>8939220f417ffff>8939220f48fffff>8939220f483ffff>8939220f493ffff>89392201a2bffff>89392201a3bffff>89392201a07ffff>89392201a17ffff>89392201a8fffff
3,5000,0.30969,49,6160,390,4.352,13,8939220c683ffff>8939220c68bffff>8939220c69bffff>8939220f16fffff>8939220c6d3ffff>8939220f3a7ffff>8939220f3a3ffff>8939220f3b3ffff>8939220f387ffff>8939220f397ffff>8939220f383ffff>8939220f393ffff>8939220f067ffff
3,5000,0.30969,50,6134,425,4.686,14,8939220f027ffff>8939220f023ffff>8939220f03bffff>8939220f00fffff>8939220f003ffff>8939220f013ffff>8939220f08bffff>8939220f0d7ffff>8939220f0d3ffff>8939220f46bffff>8939220f6b7ffff>8939220f6b3ffff>8939220f687ffff>8939220f683ffff
3,5000,0.30969,51,6101,406,6.214,18,8939220f0d7ffff>8939220f0c3ffff>8939220f0d3ffff>8939220f6a7ffff>8939220f6b7ffff>8939220f47bffff>8939220f447ffff>8939220f457ffff>8939220f40bffff>8939220f41bffff>8939220f40bffff>8939220f403ffff>8939220f407ffff>8939220f417ffff>8939220f48fffff>8939220f483ffff>8939220f493ffff>89392201a2bffff
3,5000,0.30969,52,6077,424,4.345,13,8939220f47bffff>8939220f447ffff>8939220f457ffff>8939220f40bffff>8939220f41bffff>8939220f40bffff>8939220f403ffff>8939220f407ffff>8939220f4abffff>8939220f4afffff>8939220f5dbffff>8939220f5c3ffff>8939220f5c7ffff
3,5000,0.30969,53,6064,405,5.762,17,8939220e27bffff>8939220e247ffff>8939220e243ffff>8939220e257ffff>8939220e253ffff>8939220f527ffff>8939220f523ffff>8939220f533ffff>8939220f5abffff>8939220f517ffff>8939220f513ffff>8939220f5c7ffff>8939220f5c3ffff>8939220f5dbffff>8939220f4afffff>8939220f4abffff>8939220f407ffff
3,5000,0.30969,54,6061,426,5.416,16,8939220f447ffff>8939220f457ffff>8939220f40bffff>8939220f41bffff>8939220f40bffff>8939220f403ffff>8939220f407ffff>8939220f4abffff>8939220f4afffff>8939220f5dbffff>8939220f5c3ffff>8939220f5c7ffff>8939220f513ffff>8939220f517ffff>8939220f5abffff>8939220f533ffff
3,5000,0.30969,55,6051,410,5.853,17,8939220183bffff>89392201833ffff>893922018abffff>893922018a3ffff>893922018b3ffff>89392201d4bffff>89392201d43ffff>89392201d5bffff>89392201d53ffff>89392201dcbffff>89392201ddbffff>89392201ca7ffff>8939220036bffff>89392200363ffff>89392200373ffff>8939220037bffff>89392200373ffff
3,5000,0.30969,56,6017,408,6.116,18,8939220e27bffff>8939220e247ffff>8939220e243ffff>8939220e257ffff>8939220e253ffff>8939220f527ffff>8939220f523ffff>8939220f537ffff>8939220f533ffff>8939220f5abffff>8939220f517ffff>8939220f513ffff>8939220f5c7ffff>8939220f5c3ffff>8939220f5dbffff>8939220f4afffff>8939220f4abffff>8939220f407ffff
3,5000,0.30969,57,5941,341,3.27,10,8939220f167ffff>8939220f12bffff>8939220f177ffff>8939220f10fffff>8939220f10bffff>8939220f147ffff>8939220f157ffff>8939220f143ffff>8939220f153ffff>8939220f027ffff
3,5000,0.30969,58,5936,418,3.988,12,8939220f023ffff>8939220f03bffff>8939220f00fffff>8939220f003ffff>8939220f013ffff>8939220f08bffff>8939220f0d7ffff>8939220f0d3ffff>8939220f46fffff>8939220f467ffff>8939220f477ffff>8939220f473ffff
3,5000,0.30969,59,5918,420,5.43,16,8939220f00bffff>8939220f057ffff>8939220f0cfffff>8939220f0cbffff>8939220f0dbffff>8939220f6afffff>8939220f6abffff>8939220f617ffff>8939220f68fffff>8939220f613ffff>8939220f68bffff>8939220f6d7ffff>8939220f6d3ffff>8939220a96bffff>8939220abb7ffff>8939220a94fffff
3,5000,0.30969,60,5891,430,3.258,10,8939220f453ffff>8939220f4cbffff>8939220a937ffff>8939220a9afffff>8939220a9abffff>8939220a917ffff>8939220a98fffff>8939220a98bffff>8939220a99bffff>8939220ad6fffff
3,5000,0.30969,61,5884,384,4.329,13,8939220a973ffff>8939220a963ffff>8939220a96fffff>8939220f69bffff>8939220f683ffff>8939220f687ffff>8939220f6b3ffff>8939220f6b7ffff>8939220f46bffff>8939220f0d3ffff>8939220f0d7ffff>8939220f08bffff>8939220f013ffff
3,5000,0.30969,62,5863,421,5.065,15,8939220f00fffff>8939220f003ffff>8939220f013ffff>8939220f08bffff>8939220f0d7ffff>8939220f0d3ffff>8939220f46bffff>8939220f6b7ffff>8939220f6b3ffff>8939220f687ffff>8939220f683ffff>8939220f69bffff>8939220a96fffff>8939220a963ffff>8939220a973ffff
3,5000,0.30969,63,5858,384,6.923,20,8939220e27bffff>8939220e247ffff>8939220e243ffff>8939220e257ffff>8939220e2cfffff>8939220e21bffff>8939220e2c7ffff>8939220e28bffff>8939220e283ffff>8939220e293ffff>8939220e62fffff>8939220e627ffff>8939220e053ffff>8939220e0cbffff>8939220e0cfffff>8939220e0c7ffff>8939220e0cfffff>8939220e0c3ffff>8939220e0cbffff>8939220e0dbffff
3,5000,0.30969,64,5846,336,4.376,13,8939220c683ffff>8939220c697ffff>8939220f12fffff>8939220f127ffff>8939220f123ffff>8939220f137ffff>8939220c4dbffff>8939220c4d3ffff>8939220e26bffff>8939220e27bffff>8939220e247ffff>8939220e243ffff>8939220e257ffff
3,5000,0.30969,65,5821,408,4.0,12,8939220c693ffff>8939220c683ffff>8939220c69bffff>8939220c68bffff>8939220c6c7ffff>8939220c6cfffff>8939220c653ffff>8939220c6cbffff>8939220f327ffff>8939220f323ffff>8939220f32bffff>8939220f377ffff
3,5000,0.30969,66,5808,406,6.943,20,89392201847ffff>89392201873ffff>8939220180fffff>89392201877ffff>8939220183bffff>89392201833ffff>893922018abffff>893922018a3ffff>893922018b3ffff>89392201d4bffff>89392201d43ffff>89392201d5bffff>89392201d53ffff>89392201dcbffff>89392201ddbffff>89392201ca7ffff>8939220036bffff>89392200363ffff>89392200373ffff>8939220037bffff
3,5000,0.30969,67,5804,391,4.337,13,8939220f687ffff>8939220f6b3ffff>8939220f6b7ffff>8939220f46bffff>8939220f0d3ffff>8939220f0d7ffff>8939220f08bffff>8939220f013ffff>8939220f003ffff>8939220f00fffff>8939220f03bffff>8939220f077ffff>8939220f02bffff
3,5000,0.30969,68,5776,413,4.717,14,8939220f523ffff>8939220f527ffff>8939220e253ffff>8939220e243ffff>8939220e247ffff>8939220e24fffff>8939220e27bffff>8939220e26bffff>8939220c4d3ffff>8939220c4dbffff>8939220f137ffff>8939220f123ffff>8939220f12fffff>8939220f12bffff
3,5000,0.30969,69,5756,411,4.742,14,8939220f0c7ffff>8939220f0d7ffff>8939220f0c3ffff>8939220f0d3ffff>8939220f6a7ffff>8939220f6b7ffff>8939220f47bffff>8939220f447ffff>8939220f457ffff>8939220f40bffff>8939220f41bffff>8939220f40bffff>8939220f403ffff>8939220f407ffff
3,5000,0.30969,70,5752,404,3.27,10,8939220f00fffff>8939220f007ffff>8939220f017ffff>8939220f0abffff>8939220f0bbffff>8939220f0b3ffff>8939220f087ffff>8939220f54bffff>8939220f55bffff>8939220f543ffff
3,5000,0.30969,71,5744,366,6.555,19,8939220e253ffff>8939220e257ffff>8939220e2cfffff>8939220e21bffff>8939220e2c7ffff>8939220e28bffff>8939220e283ffff>8939220e293ffff>8939220e62fffff>8939220e627ffff>8939220e053ffff>8939220e0cbffff>8939220e0cfffff>8939220e0c7ffff>8939220e0cfffff>8939220e0c3ffff>8939220e0cbffff>8939220e0dbffff>8939220e637ffff
3,5000,0.30969,72,5728,422,4.686,14,8939220f023ffff>8939220f03bffff>8939220f00fffff>8939220f003ffff>8939220f013ffff>8939220f08bffff>8939220f0d7ffff>8939220f0d3ffff>8939220f46bffff>8939220f6b7ffff>8939220f6b3ffff>8939220f687ffff>8939220f683ffff>8939220f69bffff
3,5000,0.30969,73,5704,413,7.303,21,8939220184fffff>89392201847ffff>89392201873ffff>8939220180fffff>8939220183bffff>8939220182bffff>8939220183bffff>89392201833ffff>893922018abffff>893922018a3ffff>893922018b3ffff>89392201d4bffff>89392201d43ffff>89392201d5bffff>89392201d53ffff>89392201dcbffff>89392201ddbffff>89392201ca7ffff>8939220036bffff>89392200363ffff>89392200373ffff
3,5000,0.30969,74,5704,434,5.784,17,8939220e28bffff>8939220e283ffff>8939220e293ffff>8939220e62fffff>8939220e627ffff>8939220e053ffff>8939220e0cfffff>8939220e01bffff>8939220e003ffff>8939220e007ffff>8939220e03bffff>8939220e033ffff>8939220e037ffff>8939220e1cbffff>8939220e1cfffff>8939220e157ffff>8939220e10bffff
3,5000,0.30969,75,5660,419,3.982,12,8939220f68fffff>8939220f617ffff>8939220f6abffff>8939220f6afffff>8939220f0dbffff>8939220f0cbffff>8939220f0cfffff>8939220f057ffff>8939220f00bffff>8939220f073ffff>8939220f063ffff>8939220f067ffff
3,5000,0.30969,76,5650,393,5.026,15,8939220e253ffff>8939220f527ffff>8939220f523ffff>8939220f537ffff>8939220f533ffff>8939220f5abffff>8939220f517ffff>8939220f513ffff>8939220f5c7ffff>8939220f5c3ffff>8939220f5dbffff>8939220f4afffff>8939220f4abffff>8939220f407ffff>8939220f403ffff
3,5000,0.30969,77,5639,414,4.767,14,8939220f43bffff>8939220f407ffff>8939220f417ffff>8939220f48fffff>8939220f483ffff>8939220f493ffff>89392201a2bffff>89392201a3bffff>89392201a07ffff>89392201a17ffff>89392201a8fffff>89392201a87ffff>8939220184bffff>8939220184fffff
3,5000,0.30969,78,5637,431,4.004,12,8939220f0d7ffff>8939220f0c3ffff>8939220f0dbffff>8939220f6afffff>8939220f6a7ffff>8939220f0dbffff>8939220f637ffff>8939220f627ffff>8939220f623ffff>8939220f637ffff>8939220f627ffff>8939220f05bffff
3,5000,0.30969,79,5600,389,3.98,12,8939220a96bffff>8939220f6d3ffff>8939220f6d7ffff>8939220f68bffff>8939220f613ffff>8939220f68fffff>8939220f617ffff>8939220f6abffff>8939220f6afffff>8939220f0dbffff>8939220f0cbffff>8939220f0cfffff
3,5000,0.30969,80,5593,415,5.048,15,8939220f47bffff>8939220f447ffff>8939220f457ffff>8939220f40bffff>8939220f403ffff>8939220f407ffff>8939220f4abffff>8939220f4afffff>8939220f5dbffff>8939220f5c3ffff>8939220f5c7ffff>8939220f513ffff>8939220f517ffff>8939220f5abffff>8939220f533ffff
3,5000,0.30969,81,5575,267,5.815,17,8939220f12bffff>8939220f167ffff>8939220c69bffff>8939220c683ffff>8939220c693ffff>8939220c697ffff>8939220f12fffff>8939220f127ffff>8939220f123ffff>8939220f137ffff>8939220c4dbffff>8939220c4d3ffff>8939220e26bffff>8939220e27bffff>8939220e24fffff>8939220e247ffff>8939220e243ffff
3,5000,0.30969,82,5570,414,6.219,18,8939220f407ffff>8939220f417ffff>8939220f48fffff>8939220f483ffff>8939220f493ffff>89392201a2bffff>89392201a3bffff>89392201a07ffff>89392201a17ffff>89392201a8fffff>89392201a87ffff>8939220184bffff>8939220184fffff>89392201847ffff>89392201873ffff>8939220180fffff>89392201877ffff>8939220183bffff
3,5000,0.30969,83,5568,374,3.63,11,8939220f463ffff>8939220f46bffff>8939220f0d3ffff>8939220f0d7ffff>8939220f08bffff>8939220f013ffff>8939220f003ffff>8939220f00fffff>8939220f03bffff>8939220f077ffff>8939220f02bffff
3,5000,0.30969,84,5566,415,6.497,19,8939220f407ffff>8939220f4abffff>8939220f4afffff>8939220f5dbffff>8939220f5c3ffff>8939220f5c7ffff>8939220f513ffff>8939220f517ffff>8939220f5abffff>8939220f533ffff>8939220f523ffff>8939220f527ffff>8939220e253ffff>8939220e243ffff>8939220e247ffff>8939220e24fffff>8939220e27bffff>8939220e26bffff>8939220c4d3ffff
3,5000,0.30969,85,5556,432,7.654,22,8939220f593ffff>89392201b2fffff>89392201b23ffff>89392201b37ffff>89392201b33ffff>89392201bafffff>89392201ba7ffff>89392201bb7ffff>8939220196bffff>8939220197bffff>89392201973ffff>8939220190fffff>89392201903ffff>89392201907ffff>89392201917ffff>893922019bbffff>893922019b3ffff>89392200a4bffff>89392200a4fffff>89392200a43ffff>89392200a57ffff>89392200a1bffff
3,5000,0.30969,86,5553,376,4.347,13,8939220f023ffff>8939220f027ffff>8939220f037ffff>8939220f1cbffff>8939220f1dbffff>8939220f1d3ffff>8939220f56fffff>8939220f567ffff>8939220f52bffff>8939220f523ffff>8939220f527ffff>8939220e253ffff>8939220e257ffff
3,5000,0.30969,87,5549,432,3.258,10,8939220f457ffff>8939220f453ffff>8939220f4cbffff>8939220a937ffff>8939220a9afffff>8939220a9abffff>8939220a917ffff>8939220a98fffff>8939220a98bffff>8939220a99bffff
3,5000,0.30969,88,5534,276,5.815,17,8939220f167ffff>8939220c69bffff>8939220c683ffff>8939220c693ffff>8939220c697ffff>8939220f12fffff>8939220f127ffff>8939220f123ffff>8939220f137ffff>8939220c4dbffff>8939220c4d3ffff>8939220e26bffff>8939220e27bffff>8939220e24fffff>8939220e247ffff>8939220e243ffff>8939220e257ffff
3,5000,0.30969,89,5518,418,9.503,27,89392201a2bffff>89392201a3bffff>89392201a07ffff>89392201a17ffff>89392201a8fffff>89392201a87ffff>8939220184bffff>8939220184fffff>89392201847ffff>89392201873ffff>8939220180fffff>89392201877ffff>8939220183bffff>89392201833ffff>893922018abffff>893922018a3ffff>893922018b3ffff>89392201d4bffff>89392201d43ffff>89392201d5bffff>89392201d53ffff>89392201dcbffff>89392201ddbffff>89392201ca7ffff>8939220036bffff>89392200363ffff>89392200373ffff
3,5000,0.30969,90,5507,365,4.753,14,8939220f00fffff>8939220f003ffff>8939220f013ffff>8939220f08bffff>8939220f0c7ffff>8939220f0d7ffff>8939220f0c3ffff>8939220f0d3ffff>8939220f6a7ffff>8939220f6b7ffff>8939220f47bffff>8939220f447ffff>8939220f457ffff>8939220f40bffff
3,5000,0.30969,91,5505,407,3.649,11,8939220f00fffff>8939220f003ffff>8939220f013ffff>8939220f08fffff>8939220f083ffff>8939220f097ffff>8939220f55bffff>8939220f427ffff>8939220f423ffff>8939220f43bffff>8939220f407ffff
3,5000,0.30969,92,5502,422,5.058,15,8939220f5c7ffff>8939220f513ffff>8939220f517ffff>8939220f5abffff>8939220f533ffff>8939220f523ffff>8939220f527ffff>8939220e253ffff>8939220e257ffff>8939220e243ffff>8939220e247ffff>8939220e24fffff>8939220e27bffff>8939220e26bffff>8939220c4d3ffff
3,5000,0.30969,93,5488,380,10.898,31,8939220e637ffff>8939220e0dbffff>8939220e6afffff>8939220e6a3ffff>8939220e6bbffff>8939220e687ffff>8939220e683ffff>8939220e693ffff>89392201967ffff>89392201977ffff>8939220190fffff>8939220190bffff>89392201957ffff>89392201953ffff>89392201827ffff>89392201823ffff>8939220183bffff>89392201833ffff>893922018abffff>893922018a3ffff>893922018b3ffff>89392201d4bffff>89392201d43ffff>89392201d5bffff>89392201d53ffff>89392201dcbffff>89392201ddbffff>89392201ca7ffff>8939220036bffff>89392200363ffff>89392200373ffff
3,5000,0.30969,94,5451,408,3.287,10,8939220a943ffff>8939220a957ffff>8939220a9cfffff>8939220a9c3ffff>8939220a9d7ffff>8939220a9d3ffff>8939220ad6fffff>8939220ad67ffff>8939220ad77ffff>8939220ad3bffff
3,5000,0.30969,95,5444,365,8.016,23,8939220e257ffff>8939220e2cfffff>8939220e21bffff>8939220e2c7ffff>8939220e28bffff>8939220e283ffff>8939220e293ffff>8939220e62fffff>8939220e627ffff>8939220e053ffff>8939220e0cbffff>8939220e0cfffff>8939220e0c7ffff>8939220e0cfffff>8939220e0c3ffff>8939220e0cbffff>8939220e0dbffff>8939220e637ffff>8939220e6afffff>8939220e6a3ffff>8939220e6bbffff>8939220e687ffff>8939220e683ffff
3,5000,0.30969,96,5435,403,3.278,10,8939220f1d3ffff>8939220f56fffff>8939220f567ffff>8939220f52bffff>8939220f523ffff>8939220f537ffff>8939220e2cbffff>8939220e2c3ffff>8939220e2d7ffff>8939220e29bffff
3,5000,0.30969,97,5428,361,3.582,11,8939220e2cbffff>8939220f537ffff>8939220f533ffff>8939220f5abffff>8939220f517ffff>8939220f513ffff>8939220f5c7ffff>8939220f5c3ffff>8939220f5dbffff>8939220f4afffff>8939220f4abffff
3,5000,0.30969,98,5414,420,3.265,10,8939220f19bffff>8939220f567ffff>8939220f56fffff>8939220f563ffff>8939220f57bffff>8939220f547ffff>8939220f543ffff>8939220f55bffff>8939220f427ffff>8939220f423ffff
3,5000,0.30969,99,5374,417,3.601,11,8939220f417ffff>8939220f407ffff>8939220f4abffff>8939220f4afffff>8939220f5dbffff>8939220f5c3ffff>8939220f5c7ffff>8939220f513ffff>8939220f517ffff>8939220f5abffff>8939220f533ffff
3,5000,0.30969,100,5368,417,5.085,15,8939220f517ffff>8939220f5abffff>8939220f533ffff>8939220f523ffff>8939220f527ffff>8939220e253ffff>8939220e243ffff>8939220e247ffff>8939220e24fffff>8939220e27bffff>8939220e26bffff>8939220c4d3ffff>8939220c4dbffff>8939220f137ffff>8939220f123ffff
5,2500,0.15485,1,4408,206,5.815,17,8939220f167ffff>8939220f12bffff>8939220f177ffff>8939220f163ffff>8939220f167ffff>8939220c69bffff>8939220c683ffff>8939220c693ffff>8939220c697ffff>8939220f12fffff>8939220f127ffff>8939220f123ffff>8939220f137ffff>8939220c4dbffff>8939220c4d3ffff>8939220e26bffff>8939220e27bffff
5,2500,0.15485,2,4330,409,11.342,32,8939220f407ffff>8939220f417ffff>8939220f48fffff>8939220f483ffff>8939220f493ffff>89392201a2bffff>89392201a3bffff>89392201a07ffff>89392201a17ffff>89392201a8fffff>89392201a87ffff>8939220184bffff>8939220184fffff>89392201847ffff>89392201873ffff>8939220180fffff>89392201877ffff>8939220183bffff>89392201833ffff>893922018abffff>893922018a3ffff>893922018b3ffff>89392201d4bffff>89392201d43ffff>89392201d5bffff>89392201d53ffff>89392201dcbffff>89392201ddbffff>89392201ca7ffff>8939220036bffff>89392200363ffff>89392200373ffff
5,2500,0.15485,3,4278,422,5.113,15,8939220f407ffff>8939220f417ffff>8939220f48fffff>8939220f483ffff>8939220f493ffff>89392201a2bffff>89392201a3bffff>89392201a07ffff>89392201a17ffff>89392201a8fffff>89392201a8bffff>89392201ac7ffff>89392201ac3ffff>89392201acbffff>8939220ad37ffff
5,2500,0.15485,4,4203,393,5.053,15,8939220f19bffff>8939220f567ffff>8939220f52bffff>8939220f523ffff>8939220f537ffff>8939220f533ffff>8939220f5abffff>8939220f517ffff>8939220f513ffff>8939220f5c7ffff>8939220f5c3ffff>8939220f5dbffff>8939220f4afffff>8939220f4abffff>8939220f407ffff
5,2500,0.15485,5,4196,405,6.523,19,8939220f067ffff>8939220f063ffff>8939220f073ffff>8939220f00bffff>8939220f057ffff>8939220f0cfffff>8939220f0cbffff>8939220f0dbffff>8939220f6afffff>8939220f6abffff>8939220f617ffff>8939220f68fffff>8939220f613ffff>8939220f68bffff>8939220f6d7ffff>8939220f6d3ffff>8939220a96bffff>8939220abb7ffff>8939220a94fffff
5,2500,0.15485,6,4145,373,5.062,15,8939220abb7ffff>8939220a96bffff>8939220f6d3ffff>8939220f6d7ffff>8939220f68bffff>8939220f613ffff>8939220f68fffff>8939220f617ffff>8939220f6abffff>8939220f6afffff>8939220f0dbffff>8939220f0cbffff>8939220f0cfffff>8939220f057ffff>8939220f00bffff
5,2500,0.15485,7,3949,401,6.484,19,8939220f40bffff>8939220f403ffff>8939220f407ffff>8939220f4abffff>8939220f4afffff>8939220f5dbffff>8939220f5c3ffff>8939220f5c7ffff>8939220f513ffff>8939220f517ffff>8939220f5abffff>8939220f533ffff>8939220f523ffff>8939220f527ffff>8939220e253ffff>8939220e243ffff>8939220e247ffff>8939220e24fffff>8939220e27bffff
5,2500,0.15485,8,3858,234,5.82,17,8939220f167ffff>8939220f12bffff>8939220f167ffff>8939220c69bffff>8939220c683ffff>8939220c697ffff>8939220f12fffff>8939220f127ffff>8939220f123ffff>8939220f137ffff>8939220c4dbffff>8939220c4d3ffff>8939220e26bffff>8939220e27bffff>8939220e24fffff>8939220e247ffff>8939220e243ffff
5,2500,0.15485,9,3845,284,5.045,15,8939220e66fffff>8939220e2d7ffff>8939220e2c3ffff>8939220e2cbffff>8939220f537ffff>8939220f533ffff>8939220f5abffff>8939220f517ffff>8939220f513ffff>8939220f5c7ffff>8939220f5c3ffff>8939220f5dbffff>8939220f4afffff>8939220f4abffff>8939220f407ffff
5,2500,0.15485,10,3796,349,16.742,47,8939220e257ffff>8939220e2cfffff>8939220e21bffff>8939220e2c7ffff>8939220e28bffff>8939220e283ffff>8939220e293ffff>8939220e62fffff>8939220e627ffff>8939220e053ffff>8939220e0cbffff>8939220e0cfffff>8939220e0c7ffff>8939220e0cfffff>8939220e0c3ffff>8939220e0cbffff>8939220e0dbffff>8939220e637ffff>8939220e6afffff>8939220e6a3ffff>8939220e6bbffff>8939220e687ffff>8939220e683ffff>8939220e693ffff>89392201967ffff>89392201977ffff>8939220190fffff>8939220190bffff>89392201957ffff>89392201953ffff>89392201827ffff>89392201823ffff>8939220183bffff>89392201833ffff>893922018abffff>893922018a3ffff>893922018b3ffff>89392201d4bffff>89392201d43ffff>89392201d5bffff>89392201d53ffff>89392201dcbffff>89392201ddbffff>89392201ca7ffff>8939220036bffff>89392200363ffff>89392200373ffff
5,2500,0.15485,11,3721,204,5.455,16,8939220f167ffff>8939220f12bffff>8939220f177ffff>8939220f163ffff>8939220f167ffff>8939220c69bffff>8939220c683ffff>8939220c697ffff>8939220f12fffff>8939220f127ffff>8939220f123ffff>8939220f137ffff>8939220c4dbffff>8939220c4d3ffff>8939220e26bffff>8939220e27bffff
5,2500,0.15485,12,3686,390,5.042,15,8939220f567ffff>8939220f52bffff>8939220f523ffff>8939220f537ffff>8939220f533ffff>8939220f5abffff>8939220f517ffff>8939220f513ffff>8939220f5c7ffff>8939220f5c3ffff>8939220f5dbffff>8939220f4afffff>8939220f4abffff>8939220f407ffff>8939220f403ffff
5,2500,0.15485,13,3622,391,5.807,17,8939220f523ffff>8939220f527ffff>8939220e253ffff>8939220e243ffff>8939220e247ffff>8939220e24fffff>8939220e27bffff>8939220e26bffff>8939220c4d3ffff>8939220c4dbffff>8939220f137ffff>8939220f123ffff>8939220f12fffff>8939220f12bffff>8939220c693ffff>8939220f167ffff>8939220f12bffff
5,2500,0.15485,14,3611,406,5.779,17,8939220f023ffff>8939220f03bffff>8939220f00fffff>8939220f003ffff>8939220f013ffff>8939220f08bffff>8939220f0d7ffff>8939220f0d3ffff>8939220f46bffff>8939220f6b7ffff>8939220f6b3ffff>8939220f687ffff>8939220f683ffff>8939220f69bffff>8939220a96fffff>8939220a963ffff>8939220a973ffff
5,2500,0.15485,15,3597,380,5.437,16,8939220f027ffff>8939220f023ffff>8939220f027ffff>8939220f037ffff>8939220f1cbffff>8939220f1dbffff>8939220f1d3ffff>8939220f56fffff>8939220f567ffff>8939220f52bffff>8939220f523ffff>8939220f537ffff>8939220f533ffff>8939220f5abffff>8939220f517ffff>8939220f513ffff
5,2500,0.15485,16,3507,388,5.384,16,8939220f533ffff>8939220f5abffff>8939220f517ffff>8939220f513ffff>8939220f5c7ffff>8939220f5c3ffff>8939220f5dbffff>8939220f4afffff>8939220f4abffff>8939220f407ffff>8939220f403ffff>8939220f41bffff>8939220f457ffff>8939220f453ffff>8939220a927ffff>8939220a923ffff
5,2500,0.15485,17,3437,417,6.235,18,8939220f447ffff>8939220f47bffff>8939220f6b7ffff>8939220f6a7ffff>8939220f0dbffff>8939220f637ffff>8939220f627ffff>8939220f62fffff>8939220f297ffff>8939220f283ffff>8939220f28fffff>8939220f213ffff>8939220f21bffff>8939220f257ffff>8939220f247ffff>8939220f27bffff>8939220f26bffff>8939220d4d3ffff
5,2500,0.15485,18,3429,374,6.214,18,8939220f47bffff>8939220f447ffff>8939220f457ffff>8939220f40bffff>8939220f403ffff>8939220f407ffff>8939220f417ffff>8939220f48fffff>8939220f483ffff>8939220f493ffff>89392201a2bffff>89392201a3bffff>89392201a07ffff>89392201a17ffff>89392201a8fffff>89392201a87ffff>8939220184bffff>8939220184fffff
5,2500,0.15485,19,3391,400,5.43,16,8939220f6d3ffff>8939220f6d7ffff>8939220f68bffff>8939220f613ffff>8939220f68fffff>8939220f617ffff>8939220f6abffff>8939220f6afffff>8939220f0dbffff>8939220f0cbffff>8939220f0cfffff>8939220f057ffff>8939220f00bffff>8939220f073ffff>8939220f063ffff>8939220f067ffff
5,2500,0.15485,20,3378,385,7.303,21,89392201847ffff>89392201873ffff>8939220180fffff>8939220183bffff>8939220182bffff>8939220183bffff>89392201833ffff>893922018abffff>893922018a3ffff>893922018b3ffff>89392201d4bffff>89392201d43ffff>89392201d5bffff>89392201d53ffff>89392201dcbffff>89392201ddbffff>89392201ca7ffff>8939220036bffff>89392200363ffff>89392200373ffff>8939220037bffff
5,2500,0.15485,21,3326,355,5.448,16,8939220f02bffff>8939220f02fffff>8939220f023ffff>8939220f027ffff>8939220f037ffff>8939220f1cbffff>8939220f1dbffff>8939220f1d3ffff>8939220f56fffff>8939220f567ffff>8939220f52bffff>8939220f523ffff>8939220f537ffff>8939220f533ffff>8939220f5abffff>8939220f517ffff
5,2500,0.15485,22,3322,224,6.174,18,8939220f167ffff>8939220c69bffff>8939220c683ffff>8939220c693ffff>8939220c697ffff>8939220f12fffff>8939220f127ffff>8939220f123ffff>8939220f137ffff>8939220c4dbffff>8939220c4d3ffff>8939220e26bffff>8939220e27bffff>8939220e247ffff>8939220e243ffff>8939220e257ffff>8939220e253ffff>8939220f527ffff
5,2500,0.15485,23,3310,236,6.886,20,8939220f167ffff>8939220c69bffff>8939220c683ffff>8939220c693ffff>8939220c697ffff>8939220f12fffff>8939220f127ffff>8939220f123ffff>8939220f137ffff>8939220c4dbffff>8939220c4d3ffff>8939220e26bffff>8939220e27bffff>8939220e24fffff>8939220e247ffff>8939220e243ffff>8939220e257ffff>8939220e253ffff>8939220f527ffff>8939220f523ffff
5,2500,0.15485,24,3300,403,5.492,16,8939220f083ffff>8939220f097ffff>8939220f55bffff>8939220f427ffff>8939220f423ffff>8939220f43bffff>8939220f407ffff>8939220f417ffff>8939220f48fffff>8939220f483ffff>8939220f493ffff>89392201a2bffff>89392201a3bffff>89392201a07ffff>89392201a17ffff>89392201a8fffff
5,2500,0.15485,25,3298,394,6.498,19,8939220f447ffff>8939220f457ffff>8939220f40bffff>8939220f41bffff>8939220f40bffff>8939220f403ffff>8939220f407ffff>8939220f4abffff>8939220f4afffff>8939220f5dbffff>8939220f5c3ffff>8939220f5c7ffff>8939220f513ffff>8939220f517ffff>8939220f5abffff>8939220f533ffff>8939220f523ffff>8939220f527ffff>8939220e253ffff
5,2500,0.15485,26,3291,287,10.18,29,8939220f023ffff>8939220f027ffff>8939220f037ffff>8939220f1cbffff>8939220f1dbffff>8939220f1d3ffff>8939220f56fffff>8939220f567ffff>8939220f52bffff>8939220f523ffff>8939220f527ffff>8939220e253ffff>8939220e257ffff>8939220e2cfffff>8939220e21bffff>8939220e2c7ffff>8939220e28bffff>8939220e283ffff>8939220e293ffff>8939220e62fffff>8939220e627ffff>8939220e053ffff>8939220e0cbffff>8939220e0cfffff>8939220e0c7ffff>8939220e0cfffff>8939220e0c3ffff>8939220e0cbffff>8939220e0dbffff
5,2500,0.15485,27,3264,392,5.854,17,8939220f43bffff>8939220f407ffff>8939220f417ffff>8939220f48fffff>8939220f483ffff>8939220f493ffff>89392201a2bffff>89392201a3bffff>89392201a07ffff>89392201a17ffff>89392201a8fffff>89392201a87ffff>8939220184bffff>8939220184fffff>89392201847ffff>89392201873ffff>8939220180fffff
5,2500,0.15485,28,3211,388,5.037,15,8939220f537ffff>8939220f533ffff>8939220f5abffff>8939220f517ffff>8939220f513ffff>8939220f5c7ffff>8939220f5c3ffff>8939220f5dbffff>8939220f4afffff>8939220f4abffff>8939220f407ffff>8939220f403ffff>8939220f40bffff>8939220f457ffff>8939220f447ffff
5,2500,0.15485,29,3206,410,5.797,17,8939220f533ffff>8939220f5abffff>8939220f517ffff>8939220f513ffff>8939220f5c7ffff>8939220f5c3ffff>8939220f5dbffff>8939220f4afffff>8939220f4abffff>8939220f407ffff>8939220f417ffff>8939220f48fffff>8939220f483ffff>8939220f493ffff>89392201a2bffff>89392201a2fffff>89392201a23ffff
5,2500,0.15485,30,3204,398,6.161,18,8939220f523ffff>8939220f527ffff>8939220e253ffff>8939220e257ffff>8939220e243ffff>8939220e247ffff>8939220e24fffff>8939220e27bffff>8939220e26bffff>8939220c4d3ffff>8939220c4dbffff>8939220f137ffff>8939220f123ffff>8939220f12fffff>8939220f12bffff>8939220c693ffff>8939220f167ffff>8939220f12bffff
5,2500,0.15485,31,3196,368,5.407,16,8939220e27bffff>8939220e247ffff>8939220e243ffff>8939220e253ffff>8939220f527ffff>8939220f523ffff>8939220f533ffff>8939220f5abffff>8939220f517ffff>8939220f513ffff>8939220f5c7ffff>8939220f5c3ffff>8939220f5dbffff>8939220f4afffff>8939220f4abffff>8939220f407ffff
5,2500,0.15485,32,3181,416,8.313,24,8939220f523ffff>8939220f527ffff>8939220e253ffff>8939220e257ffff>8939220e2cfffff>8939220e21bffff>8939220e2c7ffff>8939220e28bffff>8939220e283ffff>8939220e293ffff>8939220e62fffff>8939220e627ffff>8939220e053ffff>8939220e0cfffff>8939220e01bffff>8939220e003ffff>8939220e007ffff>8939220e03bffff>8939220e033ffff>8939220e037ffff>8939220e1cbffff>8939220e1cfffff>8939220e157ffff>8939220e10bffff
5,2500,0.15485,33,3176,399,7.314,21,89392201847ffff>89392201873ffff>8939220180fffff>89392201877ffff>8939220183bffff>8939220182bffff>8939220183bffff>89392201833ffff>893922018abffff>893922018a3ffff>893922018b3ffff>89392201d4bffff>89392201d43ffff>89392201d5bffff>89392201d53ffff>89392201dcbffff>89392201ddbffff>89392201ca7ffff>8939220036bffff>89392200363ffff>89392200373ffff
5,2500,0.15485,34,3154,351,6.108,18,8939220e247ffff>8939220e243ffff>8939220e257ffff>8939220e253ffff>8939220f527ffff>8939220f523ffff>8939220f533ffff>8939220f5abffff>8939220f517ffff>8939220f513ffff>8939220f5c7ffff>8939220f5c3ffff>8939220f5dbffff>8939220f4afffff>8939220f4abffff>8939220f407ffff>8939220f403ffff>8939220f41bffff
5,2500,0.15485,35,3139,219,5.466,16,8939220f167ffff>8939220f12bffff>8939220f167ffff>8939220c69bffff>8939220c683ffff>8939220c697ffff>8939220f12fffff>8939220f127ffff>8939220f123ffff>8939220f137ffff>8939220c4dbffff>8939220c4d3ffff>8939220e26bffff>8939220e27bffff>8939220e247ffff>8939220e243ffff
5,2500,0.15485,36,3128,353,10.53,30,8939220e6afffff>8939220e6a3ffff>8939220e6bbffff>8939220e687ffff>8939220e683ffff>8939220e69bffff>8939220e693ffff>89392201967ffff>89392201977ffff>8939220190fffff>8939220190bffff>89392201957ffff>89392201953ffff>89392201827ffff>89392201823ffff>8939220183bffff>89392201833ffff>893922018abffff>893922018a3ffff>893922018b3ffff>89392201d4bffff>89392201d43ffff>89392201d5bffff>89392201d53ffff>89392201dcbffff>89392201ddbffff>89392201ca7ffff>8939220036bffff>89392200363ffff>89392200373ffff
5,2500,0.15485,37,3117,355,5.397,16,8939220e247ffff>8939220e243ffff>8939220e253ffff>8939220f527ffff>8939220f523ffff>8939220f533ffff>8939220f5abffff>8939220f517ffff>8939220f513ffff>8939220f5c7ffff>8939220f5c3ffff>8939220f5dbffff>8939220f4afffff>8939220f4abffff>8939220f407ffff>8939220f403ffff
5,2500,0.15485,38,3107,380,5.422,16,8939220f00fffff>8939220f003ffff>8939220f013ffff>8939220f08bffff>8939220f0d7ffff>8939220f0d3ffff>8939220f46bffff>8939220f6b7ffff>8939220f6b3ffff>8939220f687ffff>8939220f683ffff>8939220f69bffff>8939220a96fffff>8939220a963ffff>8939220a973ffff>8939220a947ffff
5,2500,0.15485,39,3099,403,6.144,18,8939220f537ffff>8939220f533ffff>8939220f5abffff>8939220f517ffff>8939220f513ffff>8939220f5c7ffff>8939220f5c3ffff>8939220f5dbffff>8939220f4afffff>8939220f4abffff>8939220f407ffff>8939220f417ffff>8939220f48fffff>8939220f483ffff>8939220f493ffff>89392201a2bffff>89392201a77ffff>89392201a73ffff
5,2500,0.15485,40,3082,414,6.579,19,8939220f0d7ffff>8939220f0c3ffff>8939220f0dbffff>8939220f6afffff>8939220f6a7ffff>8939220f0dbffff>8939220f637ffff>8939220f627ffff>8939220f62fffff>8939220f297ffff>8939220f283ffff>8939220f28fffff>8939220f213ffff>8939220f21bffff>8939220f257ffff>8939220f247ffff>8939220f27bffff>8939220f26bffff>8939220d4d3ffff
5,2500,0.15485,41,3081,355,6.579,19,8939220f013ffff>8939220f08bffff>8939220f0c7ffff>8939220f0d7ffff>8939220f0c3ffff>8939220f0d3ffff>8939220f6a7ffff>8939220f6b7ffff>8939220f47bffff>8939220f447ffff>8939220f457ffff>8939220f40bffff>8939220f403ffff>8939220f407ffff>8939220f417ffff>8939220f48fffff>8939220f483ffff>8939220f493ffff>89392201a2bffff
5,2500,0.15485,42,3080,214,6.174,18,8939220f167ffff>8939220c69bffff>8939220c683ffff>8939220c693ffff>8939220c697ffff>8939220f12fffff>8939220f127ffff>8939220f123ffff>8939220f137ffff>8939220c4dbffff>8939220c4d3ffff>8939220e26bffff>8939220e27bffff>8939220e24fffff>8939220e247ffff>8939220e243ffff>8939220e253ffff>8939220f527ffff
5,2500,0.15485,43,3075,344,17.097,48,8939220e257ffff>8939220e2cfffff>8939220e21bffff>8939220e2c7ffff>8939220e28bffff>8939220e283ffff>8939220e293ffff>8939220e62fffff>8939220e627ffff>8939220e053ffff>8939220e0cbffff>8939220e0cfffff>8939220e0c7ffff>8939220e0cfffff>8939220e0c3ffff>8939220e0cbffff>8939220e0dbffff>8939220e637ffff>8939220e0dbffff>8939220e6afffff>8939220e6a3ffff>8939220e6bbffff>8939220e687ffff>8939220e683ffff>8939220e693ffff>89392201967ffff>89392201977ffff>8939220190fffff>8939220190bffff>89392201957ffff>89392201953ffff>89392201827ffff>89392201823ffff>8939220183bffff>89392201833ffff>893922018abffff>893922018a3ffff>893922018b3ffff>89392201d4bffff>89392201d43ffff>89392201d5bffff>89392201d53ffff>89392201dcbffff>89392201ddbffff>89392201ca7ffff>8939220036bffff>89392200363ffff>89392200373ffff
5,2500,0.15485,44,3060,212,5.815,17,8939220f167ffff>8939220c69bffff>8939220c683ffff>8939220c697ffff>8939220f12fffff>8939220f127ffff>8939220f123ffff>8939220f137ffff>8939220c4dbffff>8939220c4d3ffff>8939220e26bffff>8939220e27bffff>8939220e247ffff>8939220e243ffff>8939220e257ffff>8939220e253ffff>8939220f527ffff
5,2500,0.15485,45,3052,390,6.154,18,89392201a2fffff>89392201b5bffff>89392201b53ffff>89392201b57ffff>89392201b47ffff>89392201b73ffff>89392201b7bffff>89392201b63ffff>89392201b6fffff>89392201b67ffff>8939220f59bffff>8939220f593ffff>8939220f583ffff>8939220f597ffff>8939220e64bffff>8939220e64fffff>8939220e67bffff>8939220e663ffff
5,2500,0.15485,46,3043,393,6.47,19,8939220f407ffff>8939220f4abffff>8939220f4afffff>8939220f5dbffff>8939220f5c3ffff>8939220f5c7ffff>8939220f513ffff>8939220f517ffff>8939220f5abffff>8939220f533ffff>8939220f537ffff>8939220f523ffff>8939220f527ffff>8939220e253ffff>8939220e257ffff>8939220e243ffff>8939220e247ffff>8939220e24fffff>8939220e27bffff
5,2500,0.15485,47,3039,397,8.354,24,8939220f567ffff>8939220f52bffff>8939220f523ffff>8939220f537ffff>8939220f533ffff>8939220f5abffff>8939220f517ffff>8939220f513ffff>8939220f5c7ffff>8939220f5c3ffff>8939220f5dbffff>8939220f4afffff>8939220f4abffff>8939220f407ffff>8939220f417ffff>8939220f48fffff>8939220f483ffff>8939220f493ffff>89392201a2bffff>89392201a3bffff>89392201a07ffff>89392201a17ffff>89392201a8fffff>89392201a8bffff
5,2500,0.15485,48,3028,397,6.838,20,8939220f40bffff>8939220f403ffff>8939220f407ffff>8939220f4abffff>8939220f4afffff>8939220f5dbffff>8939220f5c3ffff>8939220f5c7ffff>8939220f513ffff>8939220f517ffff>8939220f5abffff>8939220f533ffff>8939220f523ffff>8939220f527ffff>8939220e253ffff>8939220e257ffff>8939220e243ffff>8939220e247ffff>8939220e24fffff>8939220e27bffff
5,2500,0.15485,49,3014,415,5.876,17,8939220f407ffff>8939220f417ffff>8939220f48fffff>8939220f483ffff>8939220f493ffff>89392201a2bffff>89392201a3bffff>89392201a07ffff>89392201a17ffff>89392201a8fffff>89392201a8bffff>89392201a9bffff>89392201e67ffff>89392201e77ffff>89392201e0fffff>89392201e03ffff>89392201e13ffff
5,2500,0.15485,50,3009,306,9.844,28,8939220c697ffff>8939220f12fffff>8939220f127ffff>8939220f123ffff>8939220f137ffff>8939220c4dbffff>8939220c4d3ffff>8939220e26bffff>8939220e27bffff>8939220e247ffff>8939220e243ffff>8939220e257ffff>8939220e2cfffff>8939220e21bffff>8939220e2c7ffff>8939220e28bffff>8939220e283ffff>8939220e293ffff>8939220e62fffff>8939220e627ffff>8939220e053ffff>8939220e0cbffff>8939220e0cfffff>8939220e0c7ffff>8939220e0cfffff>8939220e0c3ffff>8939220e0cbffff>8939220e0dbffff
5,2500,0.15485,51,3009,368,6.473,19,8939220e27bffff>8939220e247ffff>8939220e243ffff>8939220e257ffff>8939220e253ffff>8939220f527ffff>8939220f523ffff>8939220f537ffff>8939220f533ffff>8939220f5abffff>8939220f517ffff>8939220f513ffff>8939220f5c7ffff>8939220f5c3ffff>8939220f5dbffff>8939220f4afffff>8939220f4abffff>8939220f407ffff>8939220f403ffff
5,2500,0.15485,52,3002,378,5.391,16,8939220f40bffff>8939220f403ffff>8939220f407ffff>8939220f4abffff>8939220f4afffff>8939220f5dbffff>8939220f5c3ffff>8939220f5c7ffff>8939220f513ffff>8939220f517ffff>8939220f5abffff>8939220f533ffff>8939220f537ffff>8939220f523ffff>8939220f527ffff>8939220e253ffff
5,2500,0.15485,53,2991,422,5.068,15,8939220f523ffff>8939220f527ffff>8939220e253ffff>8939220e257ffff>8939220e243ffff>8939220e247ffff>8939220e24fffff>8939220e27bffff>8939220e26bffff>8939220c4d3ffff>8939220c4dbffff>8939220f137ffff>8939220f123ffff>8939220f127ffff>8939220f12fffff
5,2500,0.15485,54,2977,318,7.206,21,8939220c4d3ffff>8939220e26bffff>8939220e27bffff>8939220e24fffff>8939220e247ffff>8939220e243ffff>8939220e257ffff>8939220e253ffff>8939220f527ffff>8939220f523ffff>8939220f537ffff>8939220f533ffff>8939220f5abffff>8939220f517ffff>8939220f513ffff>8939220f5c7ffff>8939220f5c3ffff>8939220f5dbffff>8939220f4afffff>8939220f4abffff>8939220f407ffff
5,2500,0.15485,55,2974,378,6.95,20,8939220f47bffff>8939220f447ffff>8939220f457ffff>8939220f40bffff>8939220f41bffff>8939220f40bffff>8939220f403ffff>8939220f407ffff>8939220f417ffff>8939220f48fffff>8939220f483ffff>8939220f493ffff>89392201a2bffff>89392201a3bffff>89392201a07ffff>89392201a17ffff>89392201a8fffff>89392201a87ffff>8939220184bffff>8939220184fffff
5,2500,0.15485,56,2962,402,5.072,15,8939220f493ffff>8939220f483ffff>8939220f48fffff>8939220f417ffff>8939220f407ffff>8939220f4abffff>8939220f4afffff>8939220f5dbffff>8939220f5c3ffff>8939220f5c7ffff>8939220f513ffff>8939220f517ffff>8939220f5abffff>8939220f533ffff>8939220f523ffff
5,2500,0.15485,57,2951,387,6.855,20,8939220f403ffff>8939220f407ffff>8939220f4abffff>8939220f4afffff>8939220f5dbffff>8939220f5c3ffff>8939220f5c7ffff>8939220f513ffff>8939220f517ffff>8939220f5abffff>8939220f533ffff>8939220f523ffff>8939220f527ffff>8939220e253ffff>8939220e243ffff>8939220e247ffff>8939220e24fffff>8939220e27bffff>8939220e26bffff>8939220c4d3ffff
5,2500,0.15485,58,2950,402,6.152,18,8939220f47bffff>8939220f447ffff>8939220f457ffff>8939220f40bffff>8939220f41bffff>8939220f40bffff>8939220f403ffff>8939220f407ffff>8939220f4abffff>8939220f4afffff>8939220f5dbffff>8939220f5c3ffff>8939220f5c7ffff>8939220f513ffff>8939220f517ffff>8939220f5abffff>8939220f533ffff>8939220f523ffff
5,2500,0.15485,59,2948,388,6.579,19,8939220f407ffff>8939220f417ffff>8939220f48fffff>8939220f483ffff>8939220f493ffff>89392201a2bffff>89392201a3bffff>89392201a07ffff>89392201a17ffff>89392201a8fffff>89392201a87ffff>8939220184bffff>8939220184fffff>89392201843ffff>89392201847ffff>89392201873ffff>8939220180fffff>89392201877ffff>8939220183bffff
5,2500,0.15485,60,2937,356,7.318,21,8939220f0c7ffff>8939220f0d7ffff>8939220f0c3ffff>8939220f0d3ffff>8939220f6a7ffff>8939220f6b7ffff>8939220f47bffff>8939220f447ffff>8939220f457ffff>8939220f40bffff>8939220f403ffff>8939220f407ffff>8939220f417ffff>8939220f48fffff>8939220f483ffff>8939220f493ffff>89392201a2bffff>89392201a3bffff>89392201a07ffff>89392201a17ffff>89392201a8fffff
5,2500,0.15485,61,2935,343,17.089,48,8939220e247ffff>8939220e243ffff>8939220e257ffff>8939220e2cfffff>8939220e21bffff>8939220e2c7ffff>8939220e28bffff>8939220e283ffff>8939220e293ffff>8939220e62fffff>8939220e627ffff>8939220e053ffff>8939220e0cbffff>8939220e0cfffff>8939220e0c7ffff>8939220e0cfffff>8939220e0c3ffff>8939220e0cbffff>8939220e0dbffff>8939220e6afffff>8939220e6a3ffff>8939220e6bbffff>8939220e687ffff>8939220e683ffff>8939220e693ffff>89392201967ffff>89392201977ffff>8939220190fffff>8939220190bffff>89392201957ffff>89392201953ffff>89392201827ffff>89392201823ffff>8939220183bffff>89392201833ffff>893922018abffff>893922018a3ffff>893922018b3ffff>89392201d4bffff>89392201d43ffff>89392201d5bffff>89392201d53ffff>89392201dcbffff>89392201ddbffff>89392201ca7ffff>8939220036bffff>89392200363ffff>89392200373ffff
5,2500,0.15485,62,2933,386,6.13,18,8939220f47bffff>8939220f447ffff>8939220f457ffff>8939220f40bffff>8939220f403ffff>8939220f407ffff>8939220f4abffff>8939220f4afffff>8939220f5dbffff>8939220f5c3ffff>8939220f5c7ffff>8939220f513ffff>8939220f517ffff>8939220f5abffff>8939220f533ffff>8939220f523ffff>8939220f527ffff>8939220e253ffff
5,2500,0.15485,63,2927,411,5.865,17,8939220f6a7ffff>8939220f0dbffff>8939220f637ffff>8939220f627ffff>8939220f62fffff>8939220f297ffff>8939220f283ffff>8939220f28fffff>8939220f213ffff>8939220f21bffff>8939220f257ffff>8939220f247ffff>8939220f27bffff>8939220f26bffff>8939220d4d3ffff>8939220f26fffff>8939220f267ffff
5,2500,0.15485,64,2926,298,18.898,53,8939220f1d3ffff>8939220f56fffff>8939220f567ffff>8939220f52bffff>8939220f523ffff>8939220f527ffff>8939220e253ffff>8939220e257ffff>8939220e2cfffff>8939220e21bffff>8939220e2c7ffff>8939220e28bffff>8939220e283ffff>8939220e293ffff>8939220e62fffff>8939220e627ffff>8939220e053ffff>8939220e0cbffff>8939220e0cfffff>8939220e0c7ffff>8939220e0cfffff>8939220e0c3ffff>8939220e0cbffff>8939220e0dbffff>8939220e6afffff>8939220e6a3ffff>8939220e6bbffff>8939220e687ffff>8939220e683ffff>8939220e693ffff>89392201967ffff>89392201977ffff>8939220190fffff>8939220190bffff>89392201957ffff>89392201953ffff>89392201827ffff>89392201823ffff>8939220183bffff>89392201833ffff>893922018abffff>893922018a3ffff>893922018b3ffff>89392201d4bffff>89392201d43ffff>89392201d5bffff>89392201d53ffff>89392201dcbffff>89392201ddbffff>89392201ca7ffff>8939220036bffff>89392200363ffff>89392200373ffff
5,2500,0.15485,65,2916,354,6.119,18,8939220e27bffff>8939220e247ffff>8939220e243ffff>8939220e257ffff>8939220e253ffff>8939220f527ffff>8939220f523ffff>8939220f533ffff>8939220f5abffff>8939220f517ffff>8939220f513ffff>8939220f5c7ffff>8939220f5c3ffff>8939220f5dbffff>8939220f4afffff>8939220f4abffff>8939220f407ffff>8939220f403ffff
5,2500,0.15485,66,2910,401,7.637,22,8939220f533ffff>8939220f5abffff>8939220f517ffff>8939220f513ffff>8939220f5c7ffff>8939220f5c3ffff>8939220f5dbffff>8939220f4afffff>8939220f4abffff>8939220f407ffff>8939220f417ffff>8939220f48fffff>8939220f483ffff>8939220f493ffff>89392201a2bffff>89392201a3bffff>89392201a07ffff>89392201a17ffff>89392201a8fffff>89392201a8bffff>89392201a9bffff>89392201e67ffff
5,2500,0.15485,67,2905,398,7.624,22,8939220f533ffff>8939220f5abffff>8939220f517ffff>8939220f513ffff>8939220f5c7ffff>8939220f5c3ffff>8939220f5dbffff>8939220f4afffff>8939220f4abffff>8939220f407ffff>8939220f417ffff>8939220f48fffff>8939220f483ffff>8939220f493ffff>89392201a2bffff>89392201a3bffff>89392201a07ffff>89392201a17ffff>89392201a8fffff>89392201a8bffff>89392201ac7ffff>89392201ac3ffff
5,2500,0.15485,68,2901,375,5.432,16,8939220f0d7ffff>8939220f0c3ffff>8939220f0d3ffff>8939220f6a7ffff>8939220f6b7ffff>8939220f47bffff>8939220f447ffff>8939220f457ffff>8939220f40bffff>8939220f403ffff>8939220f407ffff>8939220f4abffff>8939220f4afffff>8939220f5dbffff>8939220f5c3ffff>8939220f5c7ffff
5,2500,0.15485,69,2900,382,5.823,17,8939220f027ffff>8939220f037ffff>8939220f1cbffff>8939220f1dbffff>8939220f1d3ffff>8939220f56fffff>8939220f567ffff>8939220f52bffff>8939220f523ffff>8939220f537ffff>8939220f533ffff>8939220f5abffff>8939220f517ffff>8939220f513ffff>8939220f58bffff>8939220f583ffff>8939220f593ffff
5,2500,0.15485,70,2892,391,9.863,28,89392201a2bffff>89392201a3bffff>89392201a07ffff>89392201a17ffff>89392201a8fffff>89392201a87ffff>8939220184bffff>8939220184fffff>89392201843ffff>89392201847ffff>89392201873ffff>8939220180fffff>89392201877ffff>8939220183bffff>89392201833ffff>893922018abffff>893922018a3ffff>893922018b3ffff>89392201d4bffff>89392201d43ffff>89392201d5bffff>89392201d53ffff>89392201dcbffff>89392201ddbffff>89392201ca7ffff>8939220036bffff>89392200363ffff>89392200373ffff
5,2500,0.15485,71,2885,379,5.034,15,8939220f52bffff>8939220f523ffff>8939220f537ffff>8939220f533ffff>8939220f5abffff>8939220f517ffff>8939220f513ffff>8939220f5c7ffff>8939220f5c3ffff>8939220f5dbffff>8939220f4afffff>8939220f4abffff>8939220f407ffff>8939220f403ffff>8939220f41bffff
5,2500,0.15485,72,2881,385,9.817,28,8939220f037ffff>8939220f1cbffff>8939220f1dbffff>8939220f1d3ffff>8939220f56fffff>8939220f567ffff>8939220f52bffff>8939220f523ffff>8939220f537ffff>8939220f533ffff>8939220f5abffff>8939220f517ffff>8939220f513ffff>8939220f5c7ffff>8939220f5c3ffff>8939220f5dbffff>8939220f4afffff>8939220f4abffff>8939220f407ffff>8939220f417ffff>8939220f48fffff>8939220f483ffff>8939220f493ffff>89392201a2bffff>89392201a3bffff>89392201a07ffff>89392201a17ffff>89392201a8fffff
5,2500,0.15485,73,2881,376,5.405,16,8939220f453ffff>8939220f457ffff>8939220f447ffff>8939220f457ffff>8939220f40bffff>8939220f403ffff>8939220f407ffff>8939220f4abffff>8939220f4afffff>8939220f5dbffff>8939220f5c3ffff>8939220f5c7ffff>8939220f513ffff>8939220f517ffff>8939220f5abffff>8939220f533ffff
5,2500,0.15485,74,2869,406,5.768,17,8939220f027ffff>8939220f023ffff>8939220f03bffff>8939220f00fffff>8939220f003ffff>8939220f013ffff>8939220f08bffff>8939220f0d7ffff>8939220f0d3ffff>8939220f46bffff>8939220f6b7ffff>8939220f6b3ffff>8939220f687ffff>8939220f683ffff>8939220f69bffff>8939220a96fffff>8939220a963ffff
5,2500,0.15485,75,2849,223,6.894,20,8939220f12bffff>8939220f167ffff>8939220c69bffff>8939220c683ffff>8939220c693ffff>8939220c697ffff>8939220f12fffff>8939220f127ffff>8939220f123ffff>8939220f137ffff>8939220c4dbffff>8939220c4d3ffff>8939220e26bffff>8939220e27bffff>8939220e24fffff>8939220e247ffff>8939220e243ffff>8939220e257ffff>8939220e253ffff>8939220f527ffff
5,2500,0.15485,76,2845,393,6.554,19,8939220f037ffff>8939220f1cbffff>8939220f1dbffff>8939220f1d3ffff>8939220f56fffff>8939220f567ffff>8939220f52bffff>8939220f523ffff>8939220f537ffff>8939220f533ffff>8939220f5abffff>8939220f517ffff>8939220f513ffff>8939220f58bffff>8939220f583ffff>8939220f593ffff>89392201b2fffff>89392201b23ffff>89392201b37ffff
5,2500,0.15485,77,2837,396,7.311,21,89392201843ffff>8939220184fffff>89392201847ffff>89392201873ffff>8939220180fffff>89392201877ffff>8939220183bffff>89392201833ffff>893922018abffff>893922018a3ffff>893922018b3ffff>89392201d4bffff>89392201d43ffff>89392201d5bffff>89392201d53ffff>89392201dcbffff>89392201ddbffff>89392201ca7ffff>8939220036bffff>89392200363ffff>89392200373ffff
5,2500,0.15485,78,2836,342,7.288,21,8939220e27bffff>8939220e247ffff>8939220e243ffff>8939220e257ffff>8939220e2cfffff>8939220e21bffff>8939220e2c7ffff>8939220e28bffff>8939220e283ffff>8939220e293ffff>8939220e62fffff>8939220e627ffff>8939220e053ffff>8939220e0cbffff>8939220e0cfffff>8939220e0c7ffff>8939220e0cfffff>8939220e0c3ffff>8939220e0cbffff>8939220e0dbffff>8939220e637ffff
5,2500,0.15485,79,2829,403,9.107,26,8939220f533ffff>8939220f5abffff>8939220f517ffff>8939220f513ffff>8939220f58bffff>8939220f583ffff>8939220f593ffff>89392201b2fffff>89392201b23ffff>89392201b37ffff>89392201b33ffff>89392201bafffff>89392201ba7ffff>89392201bb7ffff>8939220196bffff>8939220197bffff>89392201973ffff>8939220190fffff>89392201903ffff>89392201907ffff>89392201917ffff>893922019bbffff>893922019b3ffff>89392200a4bffff>89392200a4fffff>89392200a43ffff
5,2500,0.15485,80,2829,360,5.405,16,8939220f44fffff>8939220f47bffff>8939220f447ffff>8939220f457ffff>8939220f40bffff>8939220f403ffff>8939220f407ffff>8939220f4abffff>8939220f4afffff>8939220f5dbffff>8939220f5c3ffff>8939220f5c7ffff>8939220f513ffff>8939220f517ffff>8939220f5abffff>8939220f533ffff
5,2500,0.15485,81,2827,323,6.144,18,8939220a973ffff>8939220a963ffff>8939220a96fffff>8939220f69bffff>8939220f683ffff>8939220f687ffff>8939220f6b3ffff>8939220f6b7ffff>8939220f46bffff>8939220f0d3ffff>8939220f0d7ffff>8939220f08bffff>8939220f013ffff>8939220f003ffff>8939220f00fffff>8939220f03bffff>8939220f077ffff>8939220f02bffff
5,2500,0.15485,82,2825,390,8.377,24,8939220f1cbffff>8939220f1dbffff>8939220f1d3ffff>8939220f56fffff>8939220f567ffff>8939220f52bffff>8939220f523ffff>8939220f537ffff>8939220f533ffff>8939220f5abffff>8939220f517ffff>8939220f513ffff>8939220f58bffff>8939220f583ffff>8939220f593ffff>89392201b2fffff>89392201b23ffff>89392201b37ffff>89392201b33ffff>89392201bafffff>89392201ba7ffff>89392201bb7ffff>8939220196bffff>8939220197bffff
5,2500,0.15485,83,2824,399,8.736,25,8939220f523ffff>8939220f537ffff>8939220f533ffff>8939220f5abffff>8939220f517ffff>8939220f513ffff>8939220f58bffff>8939220f583ffff>8939220f593ffff>89392201b2fffff>89392201b23ffff>89392201b37ffff>89392201b33ffff>89392201bafffff>89392201ba7ffff>89392201bb7ffff>8939220196bffff>8939220197bffff>89392201973ffff>8939220190fffff>89392201903ffff>89392201907ffff>89392201917ffff>893922019bbffff>893922019b3ffff
5,2500,0.15485,84,2822,385,5.037,15,8939220f407ffff>8939220f4abffff>8939220f4afffff>8939220f5dbffff>8939220f5c3ffff>8939220f5c7ffff>8939220f513ffff>8939220f517ffff>8939220f5abffff>8939220f533ffff>8939220f537ffff>8939220f523ffff>8939220f527ffff>8939220e253ffff>8939220e243ffff
5,2500,0.15485,85,2820,359,6.463,19,8939220e247ffff>8939220e243ffff>8939220e257ffff>8939220e253ffff>8939220f527ffff>8939220f523ffff>8939220f537ffff>8939220f533ffff>8939220f5abffff>8939220f517ffff>8939220f513ffff>8939220f5c7ffff>8939220f5c3ffff>8939220f5dbffff>8939220f4afffff>8939220f4abffff>8939220f407ffff>8939220f403ffff>8939220f41bffff
5,2500,0.15485,86,2817,218,5.466,16,8939220f12bffff>8939220f167ffff>8939220c69bffff>8939220c683ffff>8939220c697ffff>8939220f12fffff>8939220f127ffff>8939220f123ffff>8939220f137ffff>8939220c4dbffff>8939220c4d3ffff>8939220e26bffff>8939220e27bffff>8939220e247ffff>8939220e243ffff>8939220e257ffff
5,2500,0.15485,87,2815,406,5.11,15,8939220f0c7ffff>8939220f0d7ffff>8939220f0c3ffff>8939220f0dbffff>8939220f6afffff>8939220f6a7ffff>8939220f0dbffff>8939220f637ffff>8939220f627ffff>8939220f62fffff>8939220f297ffff>8939220f283ffff>8939220f28fffff>8939220f213ffff>8939220f21bffff
5,2500,0.15485,88,2811,375,6.13,18,8939220e27bffff>8939220e247ffff>8939220e243ffff>8939220e257ffff>8939220e253ffff>8939220f527ffff>8939220f523ffff>8939220f533ffff>8939220f5abffff>8939220f517ffff>8939220f513ffff>8939220f5c7ffff>8939220f5c3ffff>8939220f5dbffff>8939220f4afffff>8939220f4abffff>8939220f407ffff>8939220f417ffff
5,2500,0.15485,89,2811,356,5.497,16,8939220f447ffff>8939220f47bffff>8939220f6b7ffff>8939220f6a7ffff>8939220f0dbffff>8939220f637ffff>8939220f627ffff>8939220f623ffff>8939220f637ffff>8939220f627ffff>8939220f05bffff>8939220f04bffff>8939220f2b3ffff>8939220f2a3ffff>8939220f2abffff>8939220f233ffff
5,2500,0.15485,90,2811,320,5.475,16,8939220f00fffff>8939220f003ffff>8939220f013ffff>8939220f08bffff>8939220f0c7ffff>8939220f0d7ffff>8939220f0c3ffff>8939220f0d3ffff>8939220f6a7ffff>8939220f6b7ffff>8939220f47bffff>8939220f447ffff>8939220f457ffff>8939220f40bffff>8939220f403ffff>8939220f407ffff
5,2500,0.15485,91,2810,365,5.072,15,8939220c693ffff>8939220c683ffff>8939220c69bffff>8939220c68bffff>8939220c6c7ffff>8939220c6cfffff>8939220c653ffff>8939220c6cbffff>8939220f327ffff>8939220f323ffff>8939220f32bffff>8939220f377ffff>8939220f373ffff>8939220f347ffff>8939220f343ffff
5,2500,0.15485,92,2801,316,9.466,27,8939220e253ffff>8939220e257ffff>8939220e2cfffff>8939220e21bffff>8939220e2c7ffff>8939220e28bffff>8939220e283ffff>8939220e293ffff>8939220e62fffff>8939220e627ffff>8939220e053ffff>8939220e0cbffff>8939220e0cfffff>8939220e0c7ffff>8939220e0cfffff>8939220e0c3ffff>8939220e0cbffff>8939220e0dbffff>8939220e637ffff>8939220e6afffff>8939220e6a3ffff>8939220e6bbffff>8939220e687ffff>8939220e683ffff>8939220e693ffff>89392201967ffff>89392201977ffff
5,2500,0.15485,93,2801,394,6.9,20,8939220f407ffff>8939220f4abffff>8939220f4afffff>8939220f5dbffff>8939220f5c3ffff>8939220f5c7ffff>8939220f58bffff>8939220f583ffff>8939220f593ffff>89392201b2fffff>89392201b23ffff>89392201b37ffff>89392201b33ffff>89392201bafffff>89392201ba7ffff>89392201bb7ffff>8939220196bffff>8939220197bffff>89392201973ffff>8939220190fffff
5,2500,0.15485,94,2796,356,7.233,21,8939220e247ffff>8939220e243ffff>8939220e257ffff>8939220e253ffff>8939220f527ffff>8939220f523ffff>8939220f533ffff>8939220f5abffff>8939220f517ffff>8939220f513ffff>8939220f5c7ffff>8939220f5c3ffff>8939220f5dbffff>8939220f4afffff>8939220f4abffff>8939220f407ffff>8939220f417ffff>8939220f48fffff>8939220f483ffff>8939220f493ffff>89392201a2bffff
5,2500,0.15485,95,2796,368,5.489,16,8939220f00fffff>8939220f003ffff>8939220f013ffff>8939220f08fffff>8939220f083ffff>8939220f097ffff>8939220f55bffff>8939220f427ffff>8939220f423ffff>8939220f43bffff>8939220f407ffff>8939220f417ffff>8939220f48fffff>8939220f483ffff>8939220f493ffff>89392201a2bffff
5,2500,0.15485,96,2782,421,5.863,17,8939220f407ffff>8939220f417ffff>8939220f48fffff>8939220f483ffff>8939220f493ffff>89392201a2bffff>89392201a3bffff>89392201a07ffff>89392201a17ffff>89392201a8fffff>89392201a8bffff>89392201a9bffff>89392201e67ffff>89392201e77ffff>89392201e0fffff>89392201e73ffff>89392201e47ffff
5,2500,0.15485,97,2778,351,5.448,16,8939220f02fffff>8939220f023ffff>8939220f027ffff>8939220f037ffff>8939220f1cbffff>8939220f1dbffff>8939220f1d3ffff>8939220f56fffff>8939220f567ffff>8939220f52bffff>8939220f523ffff>8939220f537ffff>8939220f533ffff>8939220f5abffff>8939220f517ffff>8939220f513ffff
5,2500,0.15485,98,2774,250,7.24,21,8939220c697ffff>8939220f12fffff>8939220f127ffff>8939220f123ffff>8939220f137ffff>8939220c4dbffff>8939220c4d3ffff>8939220e26bffff>8939220e27bffff>8939220e24fffff>8939220e247ffff>8939220e243ffff>8939220e257ffff>8939220e253ffff>8939220f527ffff>8939220f523ffff>8939220f537ffff>8939220f533ffff>8939220f5abffff>8939220f517ffff>8939220f513ffff
5,2500,0.15485,99,2766,421,5.516,16,8939220f407ffff>8939220f417ffff>8939220f48fffff>8939220f483ffff>8939220f493ffff>89392201a2bffff>89392201a3bffff>89392201a07ffff>89392201a17ffff>89392201a8fffff>89392201a83ffff>89392201a8bffff>89392201a9bffff>89392201e67ffff>89392201e77ffff>89392201e0fffff
5,2500,0.15485,100,2764,404,5.118,15,8939220f55bffff>8939220f427ffff>8939220f423ffff>8939220f43bffff>8939220f407ffff>8939220f417ffff>8939220f48fffff>8939220f483ffff>8939220f493ffff>89392201a2bffff>89392201a3bffff>89392201a07ffff>89392201a17ffff>89392201a8fffff>89392201a8bffff
10,500,0.03097,1,977,306,12.062,34,8939220f407ffff>8939220f417ffff>8939220f48fffff>8939220f483ffff>8939220f493ffff>89392201a2bffff>89392201a3bffff>89392201a07ffff>89392201a17ffff>89392201a8fffff>89392201a87ffff>8939220184bffff>8939220184fffff>89392201843ffff>89392201847ffff>89392201873ffff>8939220180fffff>8939220183bffff>8939220182bffff>8939220183bffff>89392201833ffff>893922018abffff>893922018a3ffff>893922018b3ffff>89392201d4bffff>89392201d43ffff>89392201d5bffff>89392201d53ffff>89392201dcbffff>89392201ddbffff>89392201ca7ffff>8939220036bffff>89392200363ffff>89392200373ffff
10,500,0.03097,2,952,159,10.934,31,8939220f167ffff>8939220c69bffff>8939220c683ffff>8939220c697ffff>8939220f12fffff>8939220f127ffff>8939220f123ffff>8939220f137ffff>8939220c4dbffff>8939220c4d3ffff>8939220e26bffff>8939220e27bffff>8939220e247ffff>8939220e243ffff>8939220e257ffff>8939220e2cfffff>8939220e21bffff>8939220e2c7ffff>8939220e28bffff>8939220e283ffff>8939220e293ffff>8939220e62fffff>8939220e627ffff>8939220e053ffff>8939220e0cbffff>8939220e0cfffff>8939220e0c7ffff>8939220e0cfffff>8939220e0c3ffff>8939220e0cbffff>8939220e0dbffff
10,500,0.03097,3,943,156,11.27,32,8939220f397ffff>8939220f15bffff>8939220f027ffff>8939220f023ffff>8939220f027ffff>8939220f037ffff>8939220f1cbffff>8939220f1dbffff>8939220f1d3ffff>8939220f56fffff>8939220f567ffff>8939220f52bffff>8939220f523ffff>8939220f527ffff>8939220e253ffff>8939220e257ffff>8939220e2cfffff>8939220e21bffff>8939220e2c7ffff>8939220e28bffff>8939220e283ffff>8939220e293ffff>8939220e62fffff>8939220e627ffff>8939220e053ffff>8939220e0cbffff>8939220e0cfffff>8939220e0c7ffff>8939220e0cfffff>8939220e0c3ffff>8939220e0cbffff>8939220e0dbffff
10,500,0.03097,4,939,281,12.067,34,8939220f407ffff>8939220f417ffff>8939220f48fffff>8939220f483ffff>8939220f493ffff>89392201a2bffff>89392201a3bffff>89392201a07ffff>89392201a17ffff>89392201a8fffff>89392201a87ffff>8939220184bffff>8939220184fffff>89392201843ffff>89392201847ffff>89392201873ffff>8939220180fffff>89392201877ffff>8939220183bffff>89392201833ffff>893922018abffff>893922018a3ffff>893922018b3ffff>89392201d4bffff>89392201d43ffff>89392201d5bffff>89392201d53ffff>89392201dcbffff>89392201ddbffff>89392201ca7ffff>8939220036bffff>89392200363ffff>89392200373ffff>8939220037bffff
10,500,0.03097,5,925,297,12.07,34,8939220f43bffff>8939220f407ffff>8939220f417ffff>8939220f48fffff>8939220f483ffff>8939220f493ffff>89392201a2bffff>89392201a3bffff>89392201a07ffff>89392201a17ffff>89392201a8fffff>89392201a87ffff>8939220184bffff>8939220184fffff>89392201847ffff>89392201873ffff>8939220180fffff>8939220183bffff>8939220182bffff>8939220183bffff>89392201833ffff>893922018abffff>893922018a3ffff>893922018b3ffff>89392201d4bffff>89392201d43ffff>89392201d5bffff>89392201d53ffff>89392201dcbffff>89392201ddbffff>89392201ca7ffff>8939220036bffff>89392200363ffff>89392200373ffff
10,500,0.03097,6,922,303,12.078,34,8939220f407ffff>8939220f417ffff>8939220f48fffff>8939220f483ffff>8939220f493ffff>89392201a2bffff>89392201a3bffff>89392201a07ffff>89392201a17ffff>89392201a8fffff>89392201a87ffff>8939220184bffff>8939220184fffff>89392201843ffff>8939220184fffff>89392201847ffff>89392201873ffff>8939220180fffff>89392201877ffff>8939220183bffff>89392201833ffff>893922018abffff>893922018a3ffff>893922018b3ffff>89392201d4bffff>89392201d43ffff>89392201d5bffff>89392201d53ffff>89392201dcbffff>89392201ddbffff>89392201ca7ffff>8939220036bffff>89392200363ffff>89392200373ffff
10,500,0.03097,7,898,276,12.07,34,8939220f43bffff>8939220f407ffff>8939220f417ffff>8939220f48fffff>8939220f483ffff>8939220f493ffff>89392201a2bffff>89392201a3bffff>89392201a07ffff>89392201a17ffff>89392201a8fffff>89392201a87ffff>8939220184bffff>8939220184fffff>89392201843ffff>89392201847ffff>89392201873ffff>8939220180fffff>89392201877ffff>8939220183bffff>89392201833ffff>893922018abffff>893922018a3ffff>893922018b3ffff>89392201d4bffff>89392201d43ffff>89392201d5bffff>89392201d53ffff>89392201dcbffff>89392201ddbffff>89392201ca7ffff>8939220036bffff>89392200363ffff>89392200373ffff
10,500,0.03097,8,875,277,10.899,31,8939220f023ffff>8939220f027ffff>8939220f037ffff>8939220f1cbffff>8939220f1dbffff>8939220f1d3ffff>8939220f56fffff>8939220f567ffff>8939220f52bffff>8939220f523ffff>8939220f537ffff>8939220f533ffff>8939220f5abffff>8939220f517ffff>8939220f513ffff>8939220f5c7ffff>8939220f5c3ffff>8939220f5dbffff>8939220f4afffff>8939220f4abffff>8939220f407ffff>8939220f417ffff>8939220f48fffff>8939220f483ffff>8939220f493ffff>89392201a2bffff>89392201a3bffff>89392201a07ffff>89392201a17ffff>89392201a8fffff>89392201a8bffff
10,500,0.03097,9,874,241,12.43,35,8939220f40bffff>8939220f403ffff>8939220f407ffff>8939220f417ffff>8939220f48fffff>8939220f483ffff>8939220f493ffff>89392201a2bffff>89392201a3bffff>89392201a07ffff>89392201a17ffff>89392201a8fffff>89392201a87ffff>8939220184bffff>8939220184fffff>89392201847ffff>89392201873ffff>8939220180fffff>89392201877ffff>8939220183bffff>89392201833ffff>893922018abffff>893922018a3ffff>893922018b3ffff>89392201d4bffff>89392201d43ffff>89392201d5bffff>89392201d53ffff>89392201dcbffff>89392201ddbffff>89392201ca7ffff>8939220036bffff>89392200363ffff>89392200373ffff>8939220037bffff
10,500,0.03097,10,872,299,12.078,34,8939220f407ffff>8939220f417ffff>8939220f48fffff>8939220f483ffff>8939220f493ffff>89392201a2bffff>89392201a3bffff>89392201a07ffff>89392201a17ffff>89392201a8fffff>89392201a87ffff>8939220184bffff>89392201843ffff>8939220184fffff>89392201847ffff>89392201873ffff>8939220180fffff>8939220183bffff>8939220182bffff>8939220183bffff>89392201833ffff>893922018abffff>893922018a3ffff>893922018b3ffff>89392201d4bffff>89392201d43ffff>89392201d5bffff>89392201d53ffff>89392201dcbffff>89392201ddbffff>89392201ca7ffff>8939220036bffff>89392200363ffff>89392200373ffff
10,500,0.03097,11,836,241,10.13,29,8939220f40bffff>8939220f403ffff>8939220f407ffff>8939220f4abffff>8939220f4afffff>8939220f5dbffff>8939220f5c3ffff>8939220f5c7ffff>8939220f513ffff>8939220f517ffff>8939220f5abffff>8939220f533ffff>8939220f523ffff>8939220f527ffff>8939220e253ffff>8939220e243ffff>8939220e247ffff>8939220e24fffff>8939220e27bffff>8939220e26bffff>8939220c4d3ffff>8939220c4dbffff>8939220f137ffff>8939220f123ffff>8939220f12fffff>8939220f12bffff>8939220c693ffff>8939220f167ffff>8939220f12bffff
10,500,0.03097,12,812,242,11.253,32,8939220e637ffff>8939220e0dbffff>8939220e6afffff>8939220e6a3ffff>8939220e6bbffff>8939220e687ffff>8939220e683ffff>8939220e69bffff>8939220e693ffff>89392201967ffff>89392201977ffff>8939220190fffff>8939220190bffff>89392201957ffff>89392201953ffff>89392201827ffff>89392201823ffff>8939220183bffff>89392201833ffff>893922018abffff>893922018a3ffff>893922018b3ffff>89392201d4bffff>89392201d43ffff>89392201d5bffff>89392201d53ffff>89392201dcbffff>89392201ddbffff>89392201ca7ffff>8939220036bffff>89392200363ffff>89392200373ffff
10,500,0.03097,13,799,166,15.277,43,8939220e213ffff>8939220e28bffff>8939220e283ffff>8939220e293ffff>8939220e62fffff>8939220e627ffff>8939220e053ffff>8939220e0cbffff>8939220e0cfffff>8939220e0c7ffff>8939220e0cfffff>8939220e0c3ffff>8939220e0cbffff>8939220e0dbffff>8939220e6afffff>8939220e6a3ffff>8939220e6bbffff>8939220e687ffff>8939220e683ffff>8939220e693ffff>89392201967ffff>89392201977ffff>8939220190fffff>8939220190bffff>89392201957ffff>89392201953ffff>89392201827ffff>89392201823ffff>8939220183bffff>89392201833ffff>893922018abffff>893922018a3ffff>893922018b3ffff>89392201d4bffff>89392201d43ffff>89392201d5bffff>89392201d53ffff>89392201dcbffff>89392201ddbffff>89392201ca7ffff>8939220036bffff>89392200363ffff>89392200373ffff
10,500,0.03097,14,772,168,10.876,31,8939220c697ffff>8939220f12fffff>8939220f127ffff>8939220f123ffff>8939220f137ffff>8939220c4dbffff>8939220c4d3ffff>8939220e26bffff>8939220e27bffff>8939220e24fffff>8939220e247ffff>8939220e243ffff>8939220e257ffff>8939220e253ffff>8939220f527ffff>8939220f523ffff>8939220f533ffff>8939220f5abffff>8939220f517ffff>8939220f513ffff>8939220f5c7ffff>8939220f5c3ffff>8939220f5dbffff>8939220f4afffff>8939220f4abffff>8939220f407ffff>8939220f417ffff>8939220f48fffff>8939220f483ffff>8939220f493ffff>89392201a2bffff
10,500,0.03097,15,738,222,11.253,32,8939220e0dbffff>8939220e6afffff>8939220e6a3ffff>8939220e6bbffff>8939220e687ffff>8939220e683ffff>8939220e69bffff>8939220e693ffff>89392201967ffff>89392201977ffff>8939220190fffff>8939220190bffff>89392201957ffff>89392201953ffff>89392201827ffff>89392201823ffff>8939220183bffff>89392201833ffff>893922018abffff>893922018a3ffff>893922018b3ffff>89392201d4bffff>89392201d43ffff>89392201d5bffff>89392201d53ffff>89392201dcbffff>89392201ddbffff>89392201ca7ffff>8939220036bffff>89392200363ffff>89392200373ffff>8939220037bffff
10,500,0.03097,16,734,170,10.896,31,8939220e6afffff>8939220e6a3ffff>8939220e6bbffff>8939220e687ffff>8939220e683ffff>8939220e693ffff>89392201967ffff>89392201977ffff>89392201973ffff>8939220190fffff>8939220190bffff>89392201957ffff>89392201953ffff>89392201827ffff>89392201823ffff>8939220183bffff>89392201833ffff>893922018abffff>893922018a3ffff>893922018b3ffff>89392201d4bffff>89392201d43ffff>89392201d5bffff>89392201d53ffff>89392201dcbffff>89392201ddbffff>89392201ca7ffff>8939220036bffff>89392200363ffff>89392200373ffff>8939220037bffff
10,500,0.03097,17,731,265,11.702,33,8939220f407ffff>8939220f417ffff>8939220f48fffff>8939220f483ffff>8939220f493ffff>89392201a2bffff>89392201a3bffff>89392201a07ffff>89392201a17ffff>89392201a8fffff>89392201a87ffff>8939220184bffff>89392201843ffff>89392201847ffff>89392201873ffff>8939220180fffff>8939220183bffff>8939220182bffff>8939220183bffff>89392201833ffff>893922018abffff>893922018a3ffff>893922018b3ffff>89392201d4bffff>89392201d43ffff>89392201d5bffff>89392201d53ffff>89392201dcbffff>89392201ddbffff>89392201ca7ffff>8939220036bffff>89392200363ffff>89392200373ffff
10,500,0.03097,18,722,138,11.217,32,8939220f167ffff>8939220f12bffff>8939220f167ffff>8939220c69bffff>8939220c683ffff>8939220c693ffff>8939220c697ffff>8939220f12fffff>8939220f127ffff>8939220f123ffff>8939220f137ffff>8939220c4dbffff>8939220c4d3ffff>8939220e26bffff>8939220e27bffff>8939220e24fffff>8939220e247ffff>8939220e243ffff>8939220e257ffff>8939220e253ffff>8939220f527ffff>8939220f523ffff>8939220f533ffff>8939220f5abffff>8939220f517ffff>8939220f513ffff>8939220f5c7ffff>8939220f5c3ffff>8939220f5dbffff>8939220f4afffff>8939220f4abffff>8939220f407ffff
10,500,0.03097,19,717,269,11.914,34,8939220f407ffff>8939220f4abffff>8939220f4afffff>8939220f5dbffff>8939220f5c3ffff>8939220f5c7ffff>8939220f513ffff>8939220f517ffff>8939220f5abffff>8939220f533ffff>8939220f523ffff>8939220f527ffff>8939220e253ffff>8939220e257ffff>8939220e2cfffff>8939220e21bffff>8939220e2c7ffff>8939220e28bffff>8939220e283ffff>8939220e293ffff>8939220e62fffff>8939220e627ffff>8939220e053ffff>8939220e0cfffff>8939220e01bffff>8939220e003ffff>8939220e007ffff>8939220e03bffff>8939220e033ffff>8939220e037ffff>8939220e1cbffff>8939220e1cfffff>8939220e157ffff>8939220e10bffff
10,500,0.03097,20,706,236,17.821,50,8939220e27bffff>8939220e247ffff>8939220e243ffff>8939220e257ffff>8939220e2cfffff>8939220e21bffff>8939220e2c7ffff>8939220e28bffff>8939220e283ffff>8939220e293ffff>8939220e62fffff>8939220e627ffff>8939220e053ffff>8939220e0cbffff>8939220e0cfffff>8939220e0c7ffff>8939220e0cfffff>8939220e0c3ffff>8939220e0cbffff>8939220e0dbffff>8939220e6afffff>8939220e6a3ffff>8939220e6bbffff>8939220e687ffff>8939220e683ffff>8939220e693ffff>89392201967ffff>89392201977ffff>8939220190fffff>8939220190bffff>89392201957ffff>89392201953ffff>89392201827ffff>89392201823ffff>8939220183bffff>89392201833ffff>893922018abffff>893922018a3ffff>893922018b3ffff>89392201d4bffff>89392201d43ffff>89392201d5bffff>89392201d53ffff>89392201dcbffff>89392201ddbffff>89392201ca7ffff>8939220036bffff>89392200363ffff>89392200373ffff>8939220037bffff
10,500,0.03097,21,697,257,12.792,36,8939220f55bffff>8939220f427ffff>8939220f423ffff>8939220f43bffff>8939220f407ffff>8939220f417ffff>8939220f48fffff>8939220f483ffff>8939220f493ffff>89392201a2bffff>89392201a3bffff>89392201a07ffff>89392201a17ffff>89392201a8fffff>89392201a87ffff>8939220184bffff>8939220184fffff>89392201847ffff>89392201873ffff>8939220180fffff>89392201877ffff>8939220183bffff>89392201833ffff>893922018abffff>893922018a3ffff>893922018b3ffff>89392201d4bffff>89392201d43ffff>89392201d5bffff>89392201d53ffff>89392201dcbffff>89392201ddbffff>89392201ca7ffff>8939220036bffff>89392200363ffff>89392200373ffff
10,500,0.03097,22,696,140,10.132,29,8939220f167ffff>8939220c69bffff>8939220c683ffff>8939220c693ffff>8939220c697ffff>8939220f12fffff>8939220f127ffff>8939220f123ffff>8939220f137ffff>8939220c4dbffff>8939220c4d3ffff>8939220e26bffff>8939220e27bffff>8939220e247ffff>8939220e243ffff>8939220e257ffff>8939220e253ffff>8939220f527ffff>8939220f523ffff>8939220f533ffff>8939220f5abffff>8939220f517ffff>8939220f513ffff>8939220f5c7ffff>8939220f5c3ffff>8939220f5dbffff>8939220f4afffff>8939220f4abffff>8939220f407ffff
10,500,0.03097,23,691,175,16.721,47,8939220e257ffff>8939220e2cfffff>8939220e21bffff>8939220e2c7ffff>8939220e28bffff>8939220e283ffff>8939220e293ffff>8939220e62fffff>8939220e627ffff>8939220e053ffff>8939220e0cbffff>8939220e0cfffff>8939220e0c7ffff>8939220e0cfffff>8939220e0c3ffff>8939220e0cbffff>8939220e0dbffff>8939220e6afffff>8939220e6a3ffff>8939220e6bbffff>8939220e687ffff>8939220e683ffff>8939220e693ffff>89392201967ffff>89392201977ffff>89392201973ffff>8939220190fffff>8939220190bffff>89392201957ffff>89392201953ffff>89392201827ffff>89392201823ffff>8939220183bffff>89392201833ffff>893922018abffff>893922018a3ffff>893922018b3ffff>89392201d4bffff>89392201d43ffff>89392201d5bffff>89392201d53ffff>89392201dcbffff>89392201ddbffff>89392201ca7ffff>8939220036bffff>89392200363ffff>89392200373ffff
10,500,0.03097,24,685,214,17.097,48,8939220e257ffff>8939220e2cfffff>8939220e21bffff>8939220e2c7ffff>8939220e28bffff>8939220e283ffff>8939220e293ffff>8939220e62fffff>8939220e627ffff>8939220e053ffff>8939220e0cbffff>8939220e0cfffff>8939220e0c7ffff>8939220e0cfffff>8939220e0c3ffff>8939220e0cbffff>8939220e0dbffff>8939220e637ffff>8939220e6afffff>8939220e6a3ffff>8939220e6bbffff>8939220e687ffff>8939220e683ffff>8939220e69bffff>8939220e693ffff>89392201967ffff>89392201977ffff>8939220190fffff>8939220190bffff>89392201957ffff>89392201953ffff>89392201827ffff>89392201823ffff>8939220183bffff>89392201833ffff>893922018abffff>893922018a3ffff>893922018b3ffff>89392201d4bffff>89392201d43ffff>89392201d5bffff>89392201d53ffff>89392201dcbffff>89392201ddbffff>89392201ca7ffff>8939220036bffff>89392200363ffff>89392200373ffff
10,500,0.03097,25,685,256,10.116,29,8939220f407ffff>8939220f4abffff>8939220f4afffff>8939220f5dbffff>8939220f5c3ffff>8939220f5c7ffff>8939220f513ffff>8939220f517ffff>8939220f5abffff>8939220f533ffff>8939220f537ffff>8939220f523ffff>8939220f527ffff>8939220e253ffff>8939220e257ffff>8939220e243ffff>8939220e247ffff>8939220e24fffff>8939220e27bffff>8939220e26bffff>8939220c4d3ffff>8939220c4dbffff>8939220f137ffff>8939220f123ffff>8939220f12fffff>8939220f12bffff>8939220c693ffff>8939220f167ffff>8939220f12bffff
10,500,0.03097,26,683,170,21.089,59,8939220f023ffff>8939220f027ffff>8939220f037ffff>8939220f1cbffff>8939220f1dbffff>8939220f1d3ffff>8939220f56fffff>8939220f567ffff>8939220f52bffff>8939220f523ffff>8939220f527ffff>8939220e253ffff>8939220e257ffff>8939220e2cfffff>8939220e21bffff>8939220e2c7ffff>8939220e28bffff>8939220e283ffff>8939220e293ffff>8939220e62fffff>8939220e627ffff>8939220e053ffff>8939220e0cbffff>8939220e0cfffff>8939220e0c7ffff>8939220e0cfffff>8939220e0c3ffff>8939220e0cbffff>8939220e0dbffff>8939220e637ffff>8939220e6afffff>8939220e6a3ffff>8939220e6bbffff>8939220e687ffff>8939220e683ffff>8939220e693ffff>89392201967ffff>89392201977ffff>8939220190fffff>8939220190bffff>89392201957ffff>89392201953ffff>89392201827ffff>89392201823ffff>8939220183bffff>89392201833ffff>893922018abffff>893922018a3ffff>893922018b3ffff>89392201d4bffff>89392201d43ffff>89392201d5bffff>89392201d53ffff>89392201dcbffff>89392201ddbffff>89392201ca7ffff>8939220036bffff>89392200363ffff>89392200373ffff
10,500,0.03097,27,669,180,10.574,30,8939220c683ffff>8939220c697ffff>8939220f12fffff>8939220f127ffff>8939220f123ffff>8939220f137ffff>8939220c4dbffff>8939220c4d3ffff>8939220e26bffff>8939220e27bffff>8939220e247ffff>8939220e243ffff>8939220e257ffff>8939220e2cfffff>8939220e21bffff>8939220e2c7ffff>8939220e28bffff>8939220e283ffff>8939220e293ffff>8939220e62fffff>8939220e627ffff>8939220e053ffff>8939220e0cbffff>8939220e0cfffff>8939220e0c7ffff>8939220e0cfffff>8939220e0c3ffff>8939220e0cbffff>8939220e0dbffff>8939220e637ffff
10,500,0.03097,28,665,226,12.075,34,8939220f43bffff>8939220f407ffff>8939220f417ffff>8939220f48fffff>8939220f483ffff>8939220f493ffff>89392201a2bffff>89392201a3bffff>89392201a07ffff>89392201a17ffff>89392201a8fffff>89392201a87ffff>8939220184bffff>8939220184fffff>89392201847ffff>89392201873ffff>8939220180fffff>89392201877ffff>8939220183bffff>89392201833ffff>893922018abffff>893922018a3ffff>893922018b3ffff>89392201d4bffff>89392201d43ffff>89392201d5bffff>89392201d53ffff>89392201dcbffff>89392201ddbffff>89392201ca7ffff>8939220036bffff>89392200363ffff>89392200373ffff>8939220037bffff
10,500,0.03097,29,663,241,10.228,29,8939220f0c7ffff>8939220f0d7ffff>8939220f0c3ffff>8939220f0d3ffff>8939220f6a7ffff>8939220f6b7ffff>8939220f47bffff>8939220f447ffff>8939220f457ffff>8939220f40bffff>8939220f41bffff>8939220f40bffff>8939220f403ffff>8939220f407ffff>8939220f417ffff>8939220f48fffff>8939220f483ffff>8939220f493ffff>89392201a2bffff>89392201a3bffff>89392201a07ffff>89392201a17ffff>89392201a8fffff>89392201a87ffff>8939220184bffff>8939220184fffff>89392201847ffff>89392201873ffff>8939220180fffff
10,500,0.03097,30,662,192,21.086,59,8939220f027ffff>8939220f037ffff>8939220f1cbffff>8939220f1dbffff>8939220f1d3ffff>8939220f56fffff>8939220f567ffff>8939220f52bffff>8939220f523ffff>8939220f527ffff>8939220e253ffff>8939220e257ffff>8939220e2cfffff>8939220e21bffff>8939220e2c7ffff>8939220e28bffff>8939220e283ffff>8939220e293ffff>8939220e62fffff>8939220e627ffff>8939220e053ffff>8939220e0cbffff>8939220e0cfffff>8939220e0c7ffff>8939220e0cfffff>8939220e0c3ffff>8939220e0cbffff>8939220e0dbffff>8939220e637ffff>8939220e0dbffff>8939220e6afffff>8939220e6a3ffff>8939220e6bbffff>8939220e687ffff>8939220e683ffff>8939220e693ffff>89392201967ffff>89392201977ffff>8939220190fffff>8939220190bffff>89392201957ffff>89392201953ffff>89392201827ffff>89392201823ffff>8939220183bffff>89392201833ffff>893922018abffff>893922018a3ffff>893922018b3ffff>89392201d4bffff>89392201d43ffff>89392201d5bffff>89392201d53ffff>89392201dcbffff>89392201ddbffff>89392201ca7ffff>8939220036bffff>89392200363ffff>89392200373ffff
10,500,0.03097,31,662,180,10.563,30,8939220c697ffff>8939220f12fffff>8939220f127ffff>8939220f123ffff>8939220f137ffff>8939220c4dbffff>8939220c4d3ffff>8939220e26bffff>8939220e27bffff>8939220e24fffff>8939220e247ffff>8939220e243ffff>8939220e257ffff>8939220e2cfffff>8939220e21bffff>8939220e2c7ffff>8939220e28bffff>8939220e283ffff>8939220e293ffff>8939220e62fffff>8939220e627ffff>8939220e053ffff>8939220e0cbffff>8939220e0cfffff>8939220e0c7ffff>8939220e0cfffff>8939220e0c3ffff>8939220e0cbffff>8939220e0dbffff>8939220e637ffff
10,500,0.03097,32,659,120,11.571,33,8939220f167ffff>8939220f12bffff>8939220f167ffff>8939220c69bffff>8939220c683ffff>8939220c693ffff>8939220c697ffff>8939220f12fffff>8939220f127ffff>8939220f123ffff>8939220f137ffff>8939220c4dbffff>8939220c4d3ffff>8939220e26bffff>8939220e27bffff>8939220e24fffff>8939220e247ffff>8939220e243ffff>8939220e257ffff>8939220e253ffff>8939220f527ffff>8939220f523ffff>8939220f537ffff>8939220f533ffff>8939220f5abffff>8939220f517ffff>8939220f513ffff>8939220f5c7ffff>8939220f5c3ffff>8939220f5dbffff>8939220f4afffff>8939220f4abffff>8939220f407ffff
10,500,0.03097,33,657,218,18.17,51,8939220e27bffff>8939220e247ffff>8939220e243ffff>8939220e257ffff>8939220e253ffff>8939220e257ffff>8939220e2cfffff>8939220e21bffff>8939220e2c7ffff>8939220e28bffff>8939220e283ffff>8939220e293ffff>8939220e62fffff>8939220e627ffff>8939220e053ffff>8939220e0cbffff>8939220e0cfffff>8939220e0c7ffff>8939220e0cfffff>8939220e0c3ffff>8939220e0cbffff>8939220e0dbffff>8939220e6afffff>8939220e6a3ffff>8939220e6bbffff>8939220e687ffff>8939220e683ffff>8939220e693ffff>89392201967ffff>89392201977ffff>8939220190fffff>8939220190bffff>89392201957ffff>89392201953ffff>89392201827ffff>89392201823ffff>8939220183bffff>89392201833ffff>893922018abffff>893922018a3ffff>893922018b3ffff>89392201d4bffff>89392201d43ffff>89392201d5bffff>89392201d53ffff>89392201dcbffff>89392201ddbffff>89392201ca7ffff>8939220036bffff>89392200363ffff>89392200373ffff
10,500,0.03097,34,653,154,10.522,30,8939220c697ffff>8939220f12fffff>8939220f127ffff>8939220f123ffff>8939220f137ffff>8939220c4dbffff>8939220c4d3ffff>8939220e26bffff>8939220e27bffff>8939220e24fffff>8939220e247ffff>8939220e243ffff>8939220e253ffff>8939220f527ffff>8939220f523ffff>8939220f533ffff>8939220f5abffff>8939220f517ffff>8939220f513ffff>8939220f5c7ffff>8939220f5c3ffff>8939220f5dbffff>8939220f4afffff>8939220f4abffff>8939220f407ffff>8939220f417ffff>8939220f48fffff>8939220f483ffff>8939220f493ffff>89392201a2bffff
10,500,0.03097,35,652,88,11.27,32,8939220f023ffff>8939220f02bffff>8939220f02fffff>8939220f023ffff>8939220f027ffff>8939220f037ffff>8939220f1cbffff>8939220f1dbffff>8939220f1d3ffff>8939220f56fffff>8939220f567ffff>8939220f52bffff>8939220f523ffff>8939220f527ffff>8939220e253ffff>8939220e257ffff>8939220e2cfffff>8939220e21bffff>8939220e2c7ffff>8939220e28bffff>8939220e283ffff>8939220e293ffff>8939220e62fffff>8939220e627ffff>8939220e053ffff>8939220e0cbffff>8939220e0cfffff>8939220e0c7ffff>8939220e0cfffff>8939220e0c3ffff>8939220e0cbffff>8939220e0dbffff
10,500,0.03097,36,652,122,10.862,31,8939220f167ffff>8939220f12bffff>8939220f167ffff>8939220c69bffff>8939220c683ffff>8939220c693ffff>8939220c697ffff>8939220f12fffff>8939220f127ffff>8939220f123ffff>8939220f137ffff>8939220c4dbffff>8939220c4d3ffff>8939220e26bffff>8939220e27bffff>8939220e24fffff>8939220e247ffff>8939220e243ffff>8939220e253ffff>8939220f527ffff>8939220f523ffff>8939220f533ffff>8939220f5abffff>8939220f517ffff>8939220f513ffff>8939220f5c7ffff>8939220f5c3ffff>8939220f5dbffff>8939220f4afffff>8939220f4abffff>8939220f407ffff
10,500,0.03097,37,651,139,11.27,32,8939220f15bffff>8939220f027ffff>8939220f023ffff>8939220f027ffff>8939220f037ffff>8939220f1cbffff>8939220f1dbffff>8939220f1d3ffff>8939220f56fffff>8939220f567ffff>8939220f52bffff>8939220f523ffff>8939220f527ffff>8939220e253ffff>8939220e257ffff>8939220e2cfffff>8939220e21bffff>8939220e2c7ffff>8939220e28bffff>8939220e283ffff>8939220e293ffff>8939220e62fffff>8939220e627ffff>8939220e053ffff>8939220e0cbffff>8939220e0cfffff>8939220e0c7ffff>8939220e0cfffff>8939220e0c3ffff>8939220e0cbffff>8939220e0dbffff>8939220e637ffff
10,500,0.03097,38,647,151,11.231,32,8939220c697ffff>8939220f12fffff>8939220f127ffff>8939220f123ffff>8939220f137ffff>8939220c4dbffff>8939220c4d3ffff>8939220e26bffff>8939220e27bffff>8939220e24fffff>8939220e247ffff>8939220e243ffff>8939220e257ffff>8939220e253ffff>8939220f527ffff>8939220f523ffff>8939220f537ffff>8939220f533ffff>8939220f5abffff>8939220f517ffff>8939220f513ffff>8939220f5c7ffff>8939220f5c3ffff>8939220f5dbffff>8939220f4afffff>8939220f4abffff>8939220f407ffff>8939220f417ffff>8939220f48fffff>8939220f483ffff>8939220f493ffff>89392201a2bffff
10,500,0.03097,39,640,223,14.981,42,8939220f0d7ffff>8939220f0c3ffff>8939220f0d3ffff>8939220f6a7ffff>8939220f6b7ffff>8939220f47bffff>8939220f447ffff>8939220f457ffff>8939220f40bffff>8939220f403ffff>8939220f407ffff>8939220f417ffff>8939220f48fffff>8939220f483ffff>8939220f493ffff>89392201a2bffff>89392201a3bffff>89392201a07ffff>89392201a17ffff>89392201a8fffff>89392201a87ffff>8939220184bffff>8939220184fffff>89392201847ffff>89392201873ffff>8939220180fffff>89392201877ffff>8939220183bffff>89392201833ffff>893922018abffff>893922018a3ffff>893922018b3ffff>89392201d4bffff>89392201d43ffff>89392201d5bffff>89392201d53ffff>89392201dcbffff>89392201ddbffff>89392201ca7ffff>8939220036bffff>89392200363ffff>89392200373ffff
10,500,0.03097,40,640,137,10.854,31,8939220f167ffff>8939220c69bffff>8939220c683ffff>8939220c693ffff>8939220c697ffff>8939220f12fffff>8939220f127ffff>8939220f123ffff>8939220f137ffff>8939220c4dbffff>8939220c4d3ffff>8939220e26bffff>8939220e27bffff>8939220e24fffff>8939220e247ffff>8939220e243ffff>8939220e257ffff>8939220e253ffff>8939220f527ffff>8939220f523ffff>8939220f533ffff>8939220f5abffff>8939220f517ffff>8939220f513ffff>8939220f5c7ffff>8939220f5c3ffff>8939220f5dbffff>8939220f4afffff>8939220f4abffff>8939220f407ffff>8939220f417ffff
10,500,0.03097,41,628,255,10.901,31,8939220f067ffff>8939220f063ffff>8939220f073ffff>8939220f00bffff>8939220f057ffff>8939220f0cfffff>8939220f0cbffff>8939220f0dbffff>8939220f6afffff>8939220f6abffff>8939220f617ffff>8939220f68fffff>8939220f613ffff>8939220f68bffff>8939220f6d7ffff>8939220f6d3ffff>8939220a96bffff>8939220abb7ffff>8939220a94fffff>8939220a947ffff>8939220a943ffff>8939220a957ffff>8939220a9cfffff>8939220a9c3ffff>8939220a9d7ffff>8939220a9d3ffff>8939220ad6fffff>8939220ad67ffff>8939220ad77ffff>8939220ad3bffff>8939220ad07ffff
10,500,0.03097,42,626,242,13.105,37,8939220f023ffff>8939220f027ffff>8939220f037ffff>8939220f1cbffff>8939220f1dbffff>8939220f1d3ffff>8939220f56fffff>8939220f567ffff>8939220f52bffff>8939220f523ffff>8939220f537ffff>8939220f533ffff>8939220f5abffff>8939220f517ffff>8939220f513ffff>8939220f58bffff>8939220f583ffff>8939220f593ffff>89392201b2fffff>89392201b23ffff>89392201b37ffff>89392201b33ffff>89392201bafffff>89392201ba7ffff>89392201bb7ffff>8939220196bffff>8939220197bffff>89392201973ffff>8939220190fffff>89392201903ffff>89392201907ffff>89392201917ffff>893922019bbffff>893922019b3ffff>89392200a4bffff>89392200a4fffff>89392200a43ffff
10,500,0.03097,43,620,136,10.106,29,8939220c697ffff>8939220f12fffff>8939220f127ffff>8939220f123ffff>8939220f137ffff>8939220c4dbffff>8939220c4d3ffff>8939220e26bffff>8939220e27bffff>8939220e24fffff>8939220e247ffff>8939220e243ffff>8939220e257ffff>8939220e253ffff>8939220f527ffff>8939220f523ffff>8939220f537ffff>8939220f533ffff>8939220f5abffff>8939220f517ffff>8939220f513ffff>8939220f5c7ffff>8939220f5c3ffff>8939220f5dbffff>8939220f4afffff>8939220f4abffff>8939220f407ffff>8939220f403ffff>8939220f41bffff
10,500,0.03097,44,616,215,13.517,38,8939220f47bffff>8939220f447ffff>8939220f457ffff>8939220f40bffff>8939220f403ffff>8939220f407ffff>8939220f417ffff>8939220f48fffff>8939220f483ffff>8939220f493ffff>89392201a2bffff>89392201a3bffff>89392201a07ffff>89392201a17ffff>89392201a8fffff>89392201a87ffff>8939220184bffff>8939220184fffff>89392201847ffff>89392201873ffff>8939220180fffff>8939220183bffff>8939220182bffff>8939220183bffff>89392201833ffff>893922018abffff>893922018a3ffff>893922018b3ffff>89392201d4bffff>89392201d43ffff>89392201d5bffff>89392201d53ffff>89392201dcbffff>89392201ddbffff>89392201ca7ffff>8939220036bffff>89392200363ffff>89392200373ffff
10,500,0.03097,45,612,259,12.438,35,8939220f407ffff>8939220f417ffff>8939220f48fffff>8939220f483ffff>8939220f493ffff>89392201a2bffff>89392201a3bffff>89392201a07ffff>89392201a17ffff>89392201a8fffff>89392201a87ffff>8939220184bffff>8939220184fffff>89392201843ffff>8939220184fffff>89392201847ffff>89392201873ffff>8939220180fffff>8939220183bffff>8939220182bffff>8939220183bffff>89392201833ffff>893922018abffff>893922018a3ffff>893922018b3ffff>89392201d4bffff>89392201d43ffff>89392201d5bffff>89392201d53ffff>89392201dcbffff>89392201ddbffff>89392201ca7ffff>8939220036bffff>89392200363ffff>89392200373ffff
10,500,0.03097,46,609,234,11.268,32,8939220f40bffff>8939220f403ffff>8939220f407ffff>8939220f4abffff>8939220f4afffff>8939220f5dbffff>8939220f5c3ffff>8939220f5c7ffff>8939220f58bffff>8939220f583ffff>8939220f593ffff>89392201b2fffff>89392201b23ffff>89392201b37ffff>89392201b33ffff>89392201bafffff>89392201ba7ffff>89392201bb7ffff>8939220196bffff>8939220197bffff>89392201973ffff>8939220190fffff>89392201903ffff>89392201907ffff>89392201917ffff>893922019bbffff>893922019b3ffff>89392200a4bffff>89392200a4fffff>89392200a43ffff>89392200a57ffff>89392200a1bffff
10,500,0.03097,47,601,236,10.604,30,89392201a2bffff>89392201a3bffff>89392201a07ffff>89392201a17ffff>89392201a8fffff>89392201a87ffff>8939220184bffff>8939220184fffff>89392201847ffff>89392201873ffff>8939220180fffff>89392201877ffff>8939220183bffff>8939220182bffff>8939220183bffff>89392201833ffff>893922018abffff>893922018a3ffff>893922018b3ffff>89392201d4bffff>89392201d43ffff>89392201d5bffff>89392201d53ffff>89392201dcbffff>89392201ddbffff>89392201ca7ffff>8939220036bffff>89392200363ffff>89392200373ffff>8939220037bffff
10,500,0.03097,48,597,180,10.563,30,8939220c683ffff>8939220c697ffff>8939220f12fffff>8939220f127ffff>8939220f123ffff>8939220f137ffff>8939220c4dbffff>8939220c4d3ffff>8939220e26bffff>8939220e27bffff>8939220e24fffff>8939220e247ffff>8939220e243ffff>8939220e257ffff>8939220e2cfffff>8939220e21bffff>8939220e2c7ffff>8939220e28bffff>8939220e283ffff>8939220e293ffff>8939220e62fffff>8939220e627ffff>8939220e053ffff>8939220e0cbffff>8939220e0cfffff>8939220e0c7ffff>8939220e0cfffff>8939220e0c3ffff>8939220e0cbffff>8939220e0dbffff
10,500,0.03097,49,595,246,10.244,29,89392201a2bffff>89392201a3bffff>89392201a07ffff>89392201a17ffff>89392201a8fffff>89392201a87ffff>8939220184bffff>89392201843ffff>8939220184fffff>89392201847ffff>89392201873ffff>8939220180fffff>89392201877ffff>8939220183bffff>89392201833ffff>893922018abffff>893922018a3ffff>893922018b3ffff>89392201d4bffff>89392201d43ffff>89392201d5bffff>89392201d53ffff>89392201dcbffff>89392201ddbffff>89392201ca7ffff>8939220036bffff>89392200363ffff>89392200373ffff>8939220037bffff
10,500,0.03097,50,594,273,10.194,29,8939220f533ffff>8939220f5abffff>8939220f517ffff>8939220f513ffff>8939220f58bffff>8939220f583ffff>8939220f593ffff>89392201b2fffff>89392201b23ffff>89392201b37ffff>89392201b33ffff>89392201bafffff>89392201ba7ffff>89392201bb7ffff>8939220196bffff>8939220197bffff>89392201973ffff>8939220190fffff>89392201903ffff>89392201907ffff>89392201917ffff>893922019bbffff>893922019b3ffff>89392200a4bffff>89392200a4fffff>89392200a43ffff>89392200a57ffff>89392200a1bffff>89392200a03ffff
10,500,0.03097,51,591,282,12.392,35,8939220f58bffff>8939220f583ffff>8939220f593ffff>89392201b2fffff>89392201b23ffff>89392201b37ffff>89392201b33ffff>89392201bafffff>89392201ba7ffff>89392201bb7ffff>8939220196bffff>8939220197bffff>89392201973ffff>8939220190fffff>89392201903ffff>89392201907ffff>89392201917ffff>893922019bbffff>893922019b3ffff>89392200a4bffff>89392200a4fffff>89392200a43ffff>89392200a57ffff>89392200a1bffff>89392200ac7ffff>89392200a8bffff>89392200a8fffff>89392200a83ffff>89392200a87ffff>8939220084bffff>89392200843ffff>89392200857ffff>8939220081bffff>89392200813ffff>8939220088fffff
10,500,0.03097,52,589,186,17.819,50,8939220e253ffff>8939220e257ffff>8939220e2cfffff>8939220e21bffff>8939220e2c7ffff>8939220e28bffff>8939220e283ffff>8939220e293ffff>8939220e62fffff>8939220e627ffff>8939220e053ffff>8939220e0cbffff>8939220e0cfffff>8939220e0c7ffff>8939220e0cfffff>8939220e0c3ffff>8939220e0cbffff>8939220e0dbffff>8939220e637ffff>8939220e0dbffff>8939220e6afffff>8939220e6a3ffff>8939220e6bbffff>8939220e687ffff>8939220e683ffff>8939220e693ffff>89392201967ffff>89392201977ffff>8939220190fffff>8939220190bffff>89392201957ffff>89392201953ffff>89392201827ffff>89392201823ffff>8939220183bffff>89392201833ffff>893922018abffff>893922018a3ffff>893922018b3ffff>89392201d4bffff>89392201d43ffff>89392201d5bffff>89392201d53ffff>89392201dcbffff>89392201ddbffff>89392201ca7ffff>8939220036bffff>89392200363ffff>89392200373ffff>8939220037bffff
10,500,0.03097,53,582,183,21.102,59,8939220c683ffff>8939220c693ffff>8939220c697ffff>8939220f12fffff>8939220f127ffff>8939220f123ffff>8939220f137ffff>8939220c4dbffff>8939220c4d3ffff>8939220e26bffff>8939220e27bffff>8939220e247ffff>8939220e243ffff>8939220e257ffff>8939220e2cfffff>8939220e21bffff>8939220e2c7ffff>8939220e28bffff>8939220e283ffff>8939220e293ffff>8939220e62fffff>8939220e627ffff>8939220e053ffff>8939220e0cbffff>8939220e0cfffff>8939220e0c7ffff>8939220e0cfffff>8939220e0c3ffff>8939220e0cbffff>8939220e0dbffff>8939220e6afffff>8939220e6a3ffff>8939220e6bbffff>8939220e687ffff>8939220e683ffff>8939220e693ffff>89392201967ffff>89392201977ffff>8939220190fffff>8939220190bffff>89392201957ffff>89392201953ffff>89392201827ffff>89392201823ffff>8939220183bffff>89392201833ffff>893922018abffff>893922018a3ffff>893922018b3ffff>89392201d4bffff>89392201d43ffff>89392201d5bffff>89392201d53ffff>89392201dcbffff>89392201ddbffff>89392201ca7ffff>8939220036bffff>89392200363ffff>89392200373ffff
10,500,0.03097,54,580,177,11.272,32,8939220f027ffff>8939220f037ffff>8939220f1cbffff>8939220f1dbffff>8939220f1d3ffff>8939220f56fffff>8939220f567ffff>8939220f52bffff>8939220f523ffff>8939220f537ffff>8939220f533ffff>8939220f5abffff>8939220f517ffff>8939220f513ffff>8939220f5c7ffff>8939220f5c3ffff>8939220f5dbffff>8939220f4afffff>8939220f4abffff>8939220f407ffff>8939220f417ffff>8939220f48fffff>8939220f483ffff>8939220f493ffff>89392201a2bffff>89392201a3bffff>89392201a07ffff>89392201a17ffff>89392201a8fffff>89392201a87ffff>8939220184bffff>8939220184fffff
10,500,0.03097,55,579,222,10.484,30,8939220f40bffff>8939220f403ffff>8939220f407ffff>8939220f4abffff>8939220f4afffff>8939220f5dbffff>8939220f5c3ffff>8939220f5c7ffff>8939220f513ffff>8939220f517ffff>8939220f5abffff>8939220f533ffff>8939220f523ffff>8939220f527ffff>8939220e253ffff>8939220e257ffff>8939220e243ffff>8939220e247ffff>8939220e24fffff>8939220e27bffff>8939220e26bffff>8939220c4d3ffff>8939220c4dbffff>8939220f137ffff>8939220f123ffff>8939220f12fffff>8939220f12bffff>8939220c693ffff>8939220f167ffff>8939220f12bffff
10,500,0.03097,56,578,243,11.262,32,8939220f1cbffff>8939220f1dbffff>8939220f1d3ffff>8939220f56fffff>8939220f567ffff>8939220f52bffff>8939220f523ffff>8939220f537ffff>8939220f533ffff>8939220f5abffff>8939220f517ffff>8939220f513ffff>8939220f5c7ffff>8939220f5c3ffff>8939220f5dbffff>8939220f4afffff>8939220f4abffff>8939220f407ffff>8939220f417ffff>8939220f48fffff>8939220f483ffff>8939220f493ffff>89392201a2bffff>89392201a3bffff>89392201a07ffff>89392201a17ffff>89392201a8fffff>89392201a8bffff>89392201ac7ffff>89392201ac3ffff>89392201acbffff>8939220ad37ffff
10,500,0.03097,57,575,281,10.581,30,8939220f58bffff>8939220f583ffff>8939220f593ffff>89392201b2fffff>89392201b23ffff>89392201b37ffff>89392201b33ffff>89392201bafffff>89392201ba7ffff>89392201bb7ffff>8939220196bffff>8939220197bffff>89392201973ffff>8939220190fffff>89392201903ffff>89392201907ffff>89392201917ffff>893922019bbffff>893922019b3ffff>89392200a4fffff>89392200a4bffff>89392200a43ffff>89392200a5bffff>89392201d27ffff>89392200acbffff>89392200adbffff>89392201da7ffff>89392201db7ffff>89392200e4fffff>89392200e43ffff
10,500,0.03097,58,573,181,17.092,48,8939220f1cbffff>8939220f1dbffff>8939220f1d3ffff>8939220f56fffff>8939220f567ffff>8939220f52bffff>8939220f523ffff>8939220f537ffff>8939220f533ffff>8939220f5abffff>8939220f517ffff>8939220f513ffff>8939220f58bffff>8939220f583ffff>8939220f593ffff>89392201b2fffff>89392201b23ffff>89392201b37ffff>89392201b33ffff>89392201bafffff>89392201ba7ffff>89392201bb7ffff>8939220196bffff>8939220197bffff>89392201963ffff>89392201967ffff>89392201977ffff>8939220190fffff>8939220190bffff>89392201957ffff>89392201953ffff>89392201827ffff>89392201823ffff>8939220183bffff>89392201833ffff>893922018abffff>893922018a3ffff>893922018b3ffff>89392201d4bffff>89392201d43ffff>89392201d5bffff>89392201d53ffff>89392201dcbffff>89392201ddbffff>89392201ca7ffff>8939220036bffff>89392200363ffff>89392200373ffff
10,500,0.03097,59,570,224,13.822,39,8939220f5c7ffff>8939220f58bffff>8939220f583ffff>8939220f593ffff>89392201b2fffff>89392201b23ffff>89392201b37ffff>89392201b33ffff>89392201bafffff>89392201ba7ffff>89392201bb7ffff>8939220196bffff>8939220197bffff>89392201963ffff>89392201967ffff>8939220192bffff>89392201967ffff>89392201977ffff>8939220190fffff>8939220190bffff>89392201957ffff>89392201953ffff>89392201827ffff>89392201823ffff>8939220183bffff>89392201833ffff>893922018abffff>893922018a3ffff>893922018b3ffff>89392201d4bffff>89392201d43ffff>89392201d5bffff>89392201d53ffff>89392201dcbffff>89392201ddbffff>89392201ca7ffff>8939220036bffff>89392200363ffff>89392200373ffff
10,500,0.03097,60,570,242,10.916,31,8939220f567ffff>8939220f52bffff>8939220f523ffff>8939220f537ffff>8939220f533ffff>8939220f5abffff>8939220f517ffff>8939220f513ffff>8939220f58bffff>8939220f583ffff>8939220f593ffff>89392201b2fffff>89392201b23ffff>89392201b37ffff>89392201b33ffff>89392201bafffff>89392201ba7ffff>89392201bb7ffff>8939220196bffff>8939220197bffff>89392201973ffff>8939220190fffff>89392201903ffff>89392201907ffff>89392201917ffff>893922019bbffff>893922019b3ffff>89392200a4bffff>89392200a4fffff>89392200a43ffff>89392200a47ffff
10,500,0.03097,61,567,246,10.562,30,8939220f533ffff>8939220f5abffff>8939220f517ffff>8939220f513ffff>8939220f58bffff>8939220f583ffff>8939220f593ffff>89392201b2fffff>89392201b23ffff>89392201b37ffff>89392201b33ffff>89392201bafffff>89392201ba7ffff>89392201bb7ffff>8939220196bffff>8939220197bffff>89392201973ffff>8939220190fffff>89392201903ffff>89392201907ffff>89392201917ffff>893922019bbffff>893922019b3ffff>89392200a4bffff>89392200a4fffff>89392200a43ffff>89392200a57ffff>89392200a1bffff>89392200ac7ffff>89392200a13ffff
10,500,0.03097,62,566,210,13.822,39,8939220f58bffff>8939220f583ffff>8939220f593ffff>89392201b2fffff>89392201b23ffff>89392201b37ffff>89392201b33ffff>89392201bafffff>89392201ba7ffff>89392201bb7ffff>8939220196bffff>8939220197bffff>89392201963ffff>89392201967ffff>8939220192bffff>89392201967ffff>89392201977ffff>8939220190fffff>8939220190bffff>89392201957ffff>89392201953ffff>89392201827ffff>89392201823ffff>8939220183bffff>89392201833ffff>893922018abffff>893922018a3ffff>893922018b3ffff>89392201d4bffff>89392201d43ffff>89392201d5bffff>89392201d53ffff>89392201dcbffff>89392201ddbffff>89392201ca7ffff>8939220036bffff>89392200363ffff>89392200373ffff>8939220037bffff
10,500,0.03097,63,565,166,10.91,31,8939220f137ffff>8939220c4dbffff>8939220c4d3ffff>8939220e26bffff>8939220e27bffff>8939220e247ffff>8939220e243ffff>8939220e257ffff>8939220e253ffff>8939220e257ffff>8939220e2cfffff>8939220e21bffff>8939220e2c7ffff>8939220e28bffff>8939220e283ffff>8939220e293ffff>8939220e62fffff>8939220e627ffff>8939220e053ffff>8939220e0cbffff>8939220e0cfffff>8939220e0c7ffff>8939220e0cfffff>8939220e0c3ffff>8939220e0cbffff>8939220e0dbffff>8939220e6afffff>8939220e6a3ffff>8939220e6bbffff>8939220e687ffff>8939220e683ffff
10,500,0.03097,64,564,184,21.107,59,8939220c697ffff>8939220f12fffff>8939220f127ffff>8939220f123ffff>8939220f137ffff>8939220c4dbffff>8939220c4d3ffff>8939220e26bffff>8939220e27bffff>8939220e247ffff>8939220e243ffff>8939220e257ffff>8939220e2cfffff>8939220e21bffff>8939220e2c7ffff>8939220e28bffff>8939220e283ffff>8939220e293ffff>8939220e62fffff>8939220e627ffff>8939220e053ffff>8939220e0cbffff>8939220e0cfffff>8939220e0c7ffff>8939220e0cfffff>8939220e0c3ffff>8939220e0cbffff>8939220e0dbffff>8939220e637ffff>8939220e0dbffff>8939220e6afffff>8939220e6a3ffff>8939220e6bbffff>8939220e687ffff>8939220e683ffff>8939220e693ffff>89392201967ffff>89392201977ffff>8939220190fffff>8939220190bffff>89392201957ffff>89392201953ffff>89392201827ffff>89392201823ffff>8939220183bffff>89392201833ffff>893922018abffff>893922018a3ffff>893922018b3ffff>89392201d4bffff>89392201d43ffff>89392201d5bffff>89392201d53ffff>89392201dcbffff>89392201ddbffff>89392201ca7ffff>8939220036bffff>89392200363ffff>89392200373ffff
10,500,0.03097,65,563,122,10.191,29,8939220f15bffff>8939220f027ffff>8939220f037ffff>8939220f1cbffff>8939220f1dbffff>8939220f1d3ffff>8939220f56fffff>8939220f567ffff>8939220f52bffff>8939220f523ffff>8939220f527ffff>8939220e253ffff>8939220e257ffff>8939220e2cfffff>8939220e21bffff>8939220e2c7ffff>8939220e28bffff>8939220e283ffff>8939220e293ffff>8939220e62fffff>8939220e627ffff>8939220e053ffff>8939220e0cbffff>8939220e0cfffff>8939220e0c7ffff>8939220e0cfffff>8939220e0c3ffff>8939220e0cbffff>8939220e0dbffff
10,500,0.03097,66,562,263,10.175,29,8939220f537ffff>8939220f533ffff>8939220f5abffff>8939220f517ffff>8939220f513ffff>8939220f5c7ffff>8939220f5c3ffff>8939220f5dbffff>8939220f4afffff>8939220f4abffff>8939220f407ffff>8939220f417ffff>8939220f48fffff>8939220f483ffff>8939220f493ffff>89392201a2bffff>89392201a3bffff>89392201a07ffff>89392201a17ffff>89392201a8fffff>89392201a8bffff>89392201a9bffff>89392201e67ffff>89392201e77ffff>89392201e0fffff>89392201e73ffff>89392201e47ffff>89392201e43ffff>89392201e4bffff
10,500,0.03097,67,558,139,11.659,33,8939220f12bffff>8939220f167ffff>8939220c69bffff>8939220c683ffff>8939220c693ffff>8939220c697ffff>8939220f12fffff>8939220f127ffff>8939220f123ffff>8939220f137ffff>8939220c4dbffff>8939220c4d3ffff>8939220e26bffff>8939220e27bffff>8939220e247ffff>8939220e243ffff>8939220e257ffff>8939220e2cfffff>8939220e21bffff>8939220e2c7ffff>8939220e28bffff>8939220e283ffff>8939220e293ffff>8939220e62fffff>8939220e627ffff>8939220e053ffff>8939220e0cbffff>8939220e0cfffff>8939220e0c7ffff>8939220e0cfffff>8939220e0c3ffff>8939220e0cbffff>8939220e0dbffff
10,500,0.03097,68,555,117,10.857,31,8939220f167ffff>8939220f12bffff>8939220f167ffff>8939220c69bffff>8939220c683ffff>8939220c697ffff>8939220f12fffff>8939220f127ffff>8939220f123ffff>8939220f137ffff>8939220c4dbffff>8939220c4d3ffff>8939220e26bffff>8939220e27bffff>8939220e24fffff>8939220e247ffff>8939220e243ffff>8939220e257ffff>8939220e253ffff>8939220f527ffff>8939220f523ffff>8939220f533ffff>8939220f5abffff>8939220f517ffff>8939220f513ffff>8939220f5c7ffff>8939220f5c3ffff>8939220f5dbffff>8939220f4afffff>8939220f4abffff>8939220f407ffff
10,500,0.03097,69,554,245,11.284,32,8939220f1cbffff>8939220f1dbffff>8939220f1d3ffff>8939220f56fffff>8939220f567ffff>8939220f52bffff>8939220f523ffff>8939220f537ffff>8939220f533ffff>8939220f5abffff>8939220f517ffff>8939220f513ffff>8939220f5c7ffff>8939220f58bffff>8939220f583ffff>8939220f593ffff>89392201b2fffff>89392201b23ffff>89392201b37ffff>89392201b33ffff>89392201bafffff>89392201ba7ffff>89392201bb7ffff>8939220196bffff>8939220197bffff>89392201973ffff>8939220190fffff>89392201903ffff>89392201907ffff>89392201917ffff>893922019bbffff>893922019b3ffff
10,500,0.03097,70,554,242,11.254,32,8939220e253ffff>8939220e257ffff>8939220e2cfffff>8939220e21bffff>8939220e2c7ffff>8939220e28bffff>8939220e283ffff>8939220e293ffff>8939220e62fffff>8939220e627ffff>8939220e053ffff>8939220e0cbffff>8939220e0cfffff>8939220e0c7ffff>8939220e08bffff>8939220e08fffff>8939220e083ffff>8939220e087ffff>8939220e097ffff>8939220e54bffff>8939220e543ffff>8939220e557ffff>8939220e51bffff>8939220e513ffff>8939220e58fffff>8939220e5bbffff>8939220e587ffff>8939220e5b3ffff>8939220564fffff>89392205647ffff>89392205673ffff>8939220560fffff
10,500,0.03097,71,552,194,12.79,36,8939220f40bffff>8939220f403ffff>8939220f407ffff>8939220f417ffff>8939220f48fffff>8939220f483ffff>8939220f493ffff>89392201a2bffff>89392201a3bffff>89392201a07ffff>89392201a17ffff>89392201a8fffff>89392201a87ffff>8939220184bffff>8939220184fffff>89392201847ffff>89392201873ffff>8939220180fffff>8939220183bffff>8939220182bffff>8939220183bffff>89392201833ffff>893922018abffff>893922018a3ffff>893922018b3ffff>89392201d4bffff>89392201d43ffff>89392201d5bffff>89392201d53ffff>89392201dcbffff>89392201ddbffff>89392201ca7ffff>8939220036bffff>89392200363ffff>89392200373ffff>8939220037bffff
10,500,0.03097,72,552,120,10.844,31,8939220f167ffff>8939220c69bffff>8939220c683ffff>8939220c693ffff>8939220c697ffff>8939220f12fffff>8939220f127ffff>8939220f123ffff>8939220f137ffff>8939220c4dbffff>8939220c4d3ffff>8939220e26bffff>8939220e27bffff>8939220e24fffff>8939220e247ffff>8939220e243ffff>8939220e257ffff>8939220e253ffff>8939220f527ffff>8939220f523ffff>8939220f533ffff>8939220f5abffff>8939220f517ffff>8939220f513ffff>8939220f5c7ffff>8939220f5c3ffff>8939220f5dbffff>8939220f4afffff>8939220f4abffff>8939220f407ffff>8939220f403ffff
10,500,0.03097,73,551,184,11.267,32,8939220f1dbffff>8939220f1d3ffff>8939220f56fffff>8939220f567ffff>8939220f52bffff>8939220f523ffff>8939220f537ffff>8939220f533ffff>8939220f5abffff>8939220f517ffff>8939220f513ffff>8939220f5c7ffff>8939220f5c3ffff>8939220f5dbffff>8939220f4afffff>8939220f4abffff>8939220f407ffff>8939220f417ffff>8939220f48fffff>8939220f483ffff>8939220f493ffff>89392201a2bffff>89392201a3bffff>89392201a07ffff>89392201a17ffff>89392201a8fffff>89392201a87ffff>8939220184bffff>8939220184fffff>89392201847ffff>89392201873ffff>8939220180fffff
10,500,0.03097,74,550,185,17.097,48,8939220e257ffff>8939220e2cfffff>8939220e21bffff>8939220e2c7ffff>8939220e28bffff>8939220e283ffff>8939220e293ffff>8939220e62fffff>8939220e627ffff>8939220e053ffff>8939220e0cbffff>8939220e0cfffff>8939220e0c7ffff>8939220e0cfffff>8939220e0c3ffff>8939220e0cbffff>8939220e0dbffff>8939220e6afffff>8939220e6a3ffff>8939220e6bbffff>8939220e687ffff>8939220e683ffff>8939220e693ffff>89392201967ffff>89392201977ffff>8939220190fffff>8939220190bffff>89392201957ffff>89392201953ffff>89392201827ffff>89392201823ffff>8939220183bffff>89392201833ffff>893922018abffff>893922018a3ffff>893922018b3ffff>89392201d4bffff>89392201d43ffff>89392201d5bffff>89392201d53ffff>89392201dcbffff>89392201ddbffff>89392201ca7ffff>8939220036bffff>89392200363ffff>89392200373ffff>8939220037bffff>89392200373ffff
10,500,0.03097,75,548,163,15.639,44,8939220e2cfffff>8939220e2c7ffff>8939220e28bffff>8939220e283ffff>8939220e293ffff>8939220e62fffff>8939220e627ffff>8939220e053ffff>8939220e0cbffff>8939220e0cfffff>8939220e0c7ffff>8939220e0cfffff>8939220e0c3ffff>8939220e0cbffff>8939220e0dbffff>8939220e6afffff>8939220e6a3ffff>8939220e6bbffff>8939220e687ffff>8939220e683ffff>8939220e693ffff>89392201967ffff>89392201977ffff>8939220190fffff>8939220190bffff>89392201957ffff>89392201953ffff>89392201827ffff>89392201823ffff>8939220183bffff>89392201833ffff>893922018abffff>893922018a3ffff>893922018b3ffff>89392201d4bffff>89392201d43ffff>89392201d5bffff>89392201d53ffff>89392201dcbffff>89392201ddbffff>89392201ca7ffff>8939220036bffff>89392200363ffff>89392200373ffff
10,500,0.03097,76,548,140,12.712,36,8939220f02bffff>8939220f02fffff>8939220f023ffff>8939220f027ffff>8939220f037ffff>8939220f1cbffff>8939220f1dbffff>8939220f1d3ffff>8939220f56fffff>8939220f567ffff>8939220f52bffff>8939220f523ffff>8939220f527ffff>8939220e253ffff>8939220e257ffff>8939220e2cfffff>8939220e21bffff>8939220e2c7ffff>8939220e28bffff>8939220e283ffff>8939220e293ffff>8939220e62fffff>8939220e627ffff>8939220e053ffff>8939220e0cbffff>8939220e0cfffff>8939220e0c7ffff>8939220e0cfffff>8939220e0c3ffff>8939220e0cbffff>8939220e0dbffff>8939220e6afffff>8939220e6a3ffff>8939220e6bbffff>8939220e687ffff>8939220e683ffff
10,500,0.03097,77,547,166,11.259,32,8939220f1cbffff>8939220f1dbffff>8939220f1d3ffff>8939220f56fffff>8939220f567ffff>8939220f52bffff>8939220f523ffff>8939220f527ffff>8939220e253ffff>8939220e257ffff>8939220e2cfffff>8939220e21bffff>8939220e2c7ffff>8939220e28bffff>8939220e283ffff>8939220e293ffff>8939220e62fffff>8939220e627ffff>8939220e053ffff>8939220e0cbffff>8939220e0cfffff>8939220e0c7ffff>8939220e0cfffff>8939220e0c3ffff>8939220e0cbffff>8939220e637ffff>8939220e0dbffff>8939220e6afffff>8939220e6a3ffff>8939220e6bbffff>8939220e687ffff>8939220e683ffff
10,500,0.03097,78,547,127,10.846,31,8939220f12bffff>8939220f167ffff>8939220c69bffff>8939220c683ffff>8939220c697ffff>8939220f12fffff>8939220f127ffff>8939220f123ffff>8939220f137ffff>8939220c4dbffff>8939220c4d3ffff>8939220e26bffff>8939220e27bffff>8939220e24fffff>8939220e247ffff>8939220e243ffff>8939220e257ffff>8939220e253ffff>8939220f527ffff>8939220f523ffff>8939220f537ffff>8939220f533ffff>8939220f5abffff>8939220f517ffff>8939220f513ffff>8939220f5c7ffff>8939220f5c3ffff>8939220f5dbffff>8939220f4afffff>8939220f4abffff>8939220f407ffff
10,500,0.03097,79,546,161,17.792,50,8939220f523ffff>8939220f527ffff>8939220e253ffff>8939220e257ffff>8939220e2cfffff>8939220e21bffff>8939220e2c7ffff>8939220e28bffff>8939220e283ffff>8939220e293ffff>8939220e62fffff>8939220e627ffff>8939220e053ffff>8939220e0cbffff>8939220e0cfffff>8939220e0c7ffff>8939220e0cfffff>8939220e0c3ffff>8939220e0cbffff>8939220e0dbffff>8939220e6afffff>8939220e6a3ffff>8939220e6bbffff>8939220e687ffff>8939220e683ffff>8939220e69bffff>8939220e693ffff>89392201967ffff>89392201977ffff>8939220190fffff>8939220190bffff>89392201957ffff>89392201953ffff>89392201827ffff>89392201823ffff>8939220183bffff>89392201833ffff>893922018abffff>893922018a3ffff>893922018b3ffff>89392201d4bffff>89392201d43ffff>89392201d5bffff>89392201d53ffff>89392201dcbffff>89392201ddbffff>89392201ca7ffff>8939220036bffff>89392200363ffff>89392200373ffff
10,500,0.03097,80,544,239,13.477,38,8939220f027ffff>8939220f037ffff>8939220f1cbffff>8939220f1dbffff>8939220f1d3ffff>8939220f56fffff>8939220f567ffff>8939220f52bffff>8939220f523ffff>8939220f537ffff>8939220f533ffff>8939220f5abffff>8939220f517ffff>8939220f513ffff>8939220f58bffff>8939220f583ffff>8939220f593ffff>89392201b2fffff>89392201b23ffff>89392201b37ffff>89392201b33ffff>89392201bafffff>89392201ba7ffff>89392201bb7ffff>8939220196bffff>8939220197bffff>89392201973ffff>8939220190fffff>89392201903ffff>89392201907ffff>89392201917ffff>893922019bbffff>893922019b3ffff>89392200a4bffff>89392200a4fffff>89392200a43ffff>89392200a57ffff>89392200a1bffff
10,500,0.03097,81,544,251,10.914,31,8939220f407ffff>8939220f4abffff>8939220f4afffff>8939220f5dbffff>8939220f5c3ffff>8939220f5c7ffff>8939220f58bffff>8939220f583ffff>8939220f593ffff>89392201b2fffff>89392201b23ffff>89392201b37ffff>89392201b33ffff>89392201bafffff>89392201ba7ffff>89392201bb7ffff>8939220196bffff>8939220197bffff>89392201973ffff>8939220190fffff>89392201903ffff>89392201907ffff>89392201917ffff>893922019bbffff>893922019b3ffff>89392200a4bffff>89392200a4fffff>89392200a43ffff>89392200a57ffff>89392200a1bffff>89392200ac7ffff
10,500,0.03097,82,543,142,11.28,32,8939220f167ffff>8939220c69bffff>8939220c683ffff>8939220c693ffff>8939220c697ffff>8939220f12fffff>8939220f127ffff>8939220f123ffff>8939220f137ffff>8939220c4dbffff>8939220c4d3ffff>8939220e26bffff>8939220e27bffff>8939220e24fffff>8939220e247ffff>8939220e243ffff>8939220e257ffff>8939220e2cfffff>8939220e21bffff>8939220e2c7ffff>8939220e28bffff>8939220e283ffff>8939220e293ffff>8939220e62fffff>8939220e627ffff>8939220e053ffff>8939220e0cbffff>8939220e0cfffff>8939220e0c7ffff>8939220e0cfffff>8939220e0c3ffff>8939220e0cbffff
10,500,0.03097,83,542,246,10.193,29,8939220f567ffff>8939220f52bffff>8939220f523ffff>8939220f537ffff>8939220f533ffff>8939220f5abffff>8939220f517ffff>8939220f513ffff>8939220f5c7ffff>8939220f5c3ffff>8939220f5dbffff>8939220f4afffff>8939220f4abffff>8939220f407ffff>8939220f417ffff>8939220f48fffff>8939220f483ffff>8939220f493ffff>89392201a2bffff>89392201a3bffff>89392201a07ffff>89392201a17ffff>89392201a8fffff>89392201a8bffff>89392201a9bffff>89392201e67ffff>89392201e77ffff>89392201e0fffff>89392201e03ffff
10,500,0.03097,84,541,121,21.438,60,8939220f15bffff>8939220f027ffff>8939220f023ffff>8939220f027ffff>8939220f037ffff>8939220f1cbffff>8939220f1dbffff>8939220f1d3ffff>8939220f56fffff>8939220f567ffff>8939220f52bffff>8939220f523ffff>8939220f527ffff>8939220e253ffff>8939220e257ffff>8939220e2cfffff>8939220e21bffff>8939220e2c7ffff>8939220e28bffff>8939220e283ffff>8939220e293ffff>8939220e62fffff>8939220e627ffff>8939220e053ffff>8939220e0cbffff>8939220e0cfffff>8939220e0c7ffff>8939220e0cfffff>8939220e0c3ffff>8939220e0cbffff>8939220e0dbffff>8939220e6afffff>8939220e6a3ffff>8939220e6bbffff>8939220e687ffff>8939220e683ffff>8939220e693ffff>89392201967ffff>89392201977ffff>8939220190fffff>8939220190bffff>89392201957ffff>89392201953ffff>89392201827ffff>89392201823ffff>8939220183bffff>89392201833ffff>893922018abffff>893922018a3ffff>893922018b3ffff>89392201d4bffff>89392201d43ffff>89392201d5bffff>89392201d53ffff>89392201dcbffff>89392201ddbffff>89392201ca7ffff>8939220036bffff>89392200363ffff>89392200373ffff
10,500,0.03097,85,541,241,10.173,29,8939220f00bffff>8939220f057ffff>8939220f0cfffff>8939220f0cbffff>8939220f0dbffff>8939220f6afffff>8939220f6abffff>8939220f617ffff>8939220f68fffff>8939220f613ffff>8939220f68bffff>8939220f6d7ffff>8939220f6d3ffff>8939220a96bffff>8939220abb7ffff>8939220a94fffff>8939220a947ffff>8939220a943ffff>8939220a957ffff>8939220a9cfffff>8939220a9c3ffff>8939220a9d7ffff>8939220a9d3ffff>8939220ad6fffff>8939220ad67ffff>8939220ad77ffff>8939220ad3bffff>8939220ad07ffff>8939220adabffff
10,500,0.03097,86,541,239,10.13,29,8939220f56fffff>8939220f567ffff>8939220f52bffff>8939220f523ffff>8939220f527ffff>8939220e253ffff>8939220e257ffff>8939220e2cfffff>8939220e21bffff>8939220e2c7ffff>8939220e28bffff>8939220e283ffff>8939220e293ffff>8939220e62fffff>8939220e627ffff>8939220e053ffff>8939220e0cfffff>8939220e01bffff>8939220e003ffff>8939220e007ffff>8939220e03bffff>8939220e033ffff>8939220e037ffff>8939220e1cbffff>8939220e1cfffff>8939220e157ffff>8939220e10bffff>8939220e103ffff>8939220e107ffff
10,500,0.03097,87,539,142,10.876,31,8939220c697ffff>8939220f12fffff>8939220f127ffff>8939220f123ffff>8939220f137ffff>8939220c4dbffff>8939220c4d3ffff>8939220e26bffff>8939220e27bffff>8939220e247ffff>8939220e243ffff>8939220e257ffff>8939220e253ffff>8939220f527ffff>8939220f523ffff>8939220f537ffff>8939220f533ffff>8939220f5abffff>8939220f517ffff>8939220f513ffff>8939220f5c7ffff>8939220f5c3ffff>8939220f5dbffff>8939220f4afffff>8939220f4abffff>8939220f407ffff>8939220f417ffff>8939220f48fffff>8939220f483ffff>8939220f493ffff>89392201a2bffff
10,500,0.03097,88,539,116,10.492,30,8939220f12bffff>8939220f167ffff>8939220c69bffff>8939220c683ffff>8939220c697ffff>8939220f12fffff>8939220f127ffff>8939220f123ffff>8939220f137ffff>8939220c4dbffff>8939220c4d3ffff>8939220e26bffff>8939220e27bffff>8939220e247ffff>8939220e243ffff>8939220e257ffff>8939220e253ffff>8939220f527ffff>8939220f523ffff>8939220f537ffff>8939220f533ffff>8939220f5abffff>8939220f517ffff>8939220f513ffff>8939220f5c7ffff>8939220f5c3ffff>8939220f5dbffff>8939220f4afffff>8939220f4abffff>8939220f407ffff
10,500,0.03097,89,538,213,10.237,29,8939220f023ffff>8939220f03bffff>8939220f00fffff>8939220f003ffff>8939220f013ffff>8939220f08bffff>8939220f0c7ffff>8939220f0d7ffff>8939220f0c3ffff>8939220f0d3ffff>8939220f6a7ffff>8939220f6b7ffff>8939220f47bffff>8939220f447ffff>8939220f457ffff>8939220f40bffff>8939220f41bffff>8939220f40bffff>8939220f403ffff>8939220f407ffff>8939220f417ffff>8939220f48fffff>8939220f483ffff>8939220f493ffff>89392201a2bffff>89392201a3bffff>89392201a07ffff>89392201a17ffff>89392201a8fffff
10,500,0.03097,90,537,232,12.438,35,8939220f407ffff>8939220f417ffff>8939220f48fffff>8939220f483ffff>8939220f493ffff>89392201a2bffff>89392201a3bffff>89392201a07ffff>89392201a17ffff>89392201a8fffff>89392201a87ffff>8939220184bffff>8939220184fffff>89392201843ffff>89392201847ffff>89392201873ffff>8939220180fffff>89392201877ffff>8939220183bffff>8939220182bffff>8939220183bffff>89392201833ffff>893922018abffff>893922018a3ffff>893922018b3ffff>89392201d4bffff>89392201d43ffff>89392201d5bffff>89392201d53ffff>89392201dcbffff>89392201ddbffff>89392201ca7ffff>8939220036bffff>89392200363ffff>89392200373ffff
10,500,0.03097,91,537,250,11.276,32,8939220f1d3ffff>8939220f56fffff>8939220f567ffff>8939220f52bffff>8939220f523ffff>8939220f537ffff>8939220f533ffff>8939220f5abffff>8939220f517ffff>8939220f513ffff>8939220f5c7ffff>8939220f58bffff>8939220f583ffff>8939220f593ffff>89392201b2fffff>89392201b23ffff>89392201b37ffff>89392201b33ffff>89392201bafffff>89392201ba7ffff>89392201bb7ffff>8939220196bffff>8939220197bffff>89392201973ffff>8939220190fffff>89392201903ffff>89392201907ffff>89392201917ffff>893922019bbffff>893922019b3ffff>89392200a4bffff>89392200a4fffff
10,500,0.03097,92,536,143,12.72,36,8939220f027ffff>8939220f023ffff>8939220f027ffff>8939220f037ffff>8939220f1cbffff>8939220f1dbffff>8939220f1d3ffff>8939220f56fffff>8939220f567ffff>8939220f52bffff>8939220f523ffff>8939220f527ffff>8939220e253ffff>8939220e257ffff>8939220e2cfffff>8939220e21bffff>8939220e2c7ffff>8939220e28bffff>8939220e283ffff>8939220e293ffff>8939220e62fffff>8939220e627ffff>8939220e053ffff>8939220e0cbffff>8939220e0cfffff>8939220e0c7ffff>8939220e0cfffff>8939220e0c3ffff>8939220e0cbffff>8939220e0dbffff>8939220e637ffff>8939220e6afffff>8939220e6a3ffff>8939220e6bbffff>8939220e687ffff>8939220e683ffff
10,500,0.03097,93,536,200,12.072,34,8939220f407ffff>8939220f417ffff>8939220f48fffff>8939220f483ffff>8939220f493ffff>89392201a2bffff>89392201a3bffff>89392201a07ffff>89392201a17ffff>89392201a8fffff>89392201a87ffff>8939220184bffff>8939220184fffff>89392201847ffff>89392201873ffff>8939220180fffff>89392201877ffff>8939220183bffff>89392201833ffff>893922018abffff>893922018a3ffff>893922018b3ffff>89392201d4bffff>89392201d43ffff>89392201d5bffff>89392201d53ffff>89392201dcbffff>89392201ddbffff>89392201ca7ffff>8939220036bffff>89392200363ffff>89392200373ffff>8939220037bffff>89392200373ffff
10,500,0.03097,94,536,250,10.548,30,8939220f567ffff>8939220f52bffff>8939220f523ffff>8939220f537ffff>8939220f533ffff>8939220f5abffff>8939220f517ffff>8939220f513ffff>8939220f5c7ffff>8939220f5c3ffff>8939220f5dbffff>8939220f4afffff>8939220f4abffff>8939220f407ffff>8939220f417ffff>8939220f48fffff>8939220f483ffff>8939220f493ffff>89392201a2bffff>89392201a3bffff>89392201a07ffff>89392201a17ffff>89392201a8fffff>89392201a8bffff>89392201a9bffff>89392201e67ffff>89392201e77ffff>89392201e0fffff>89392201e73ffff>89392201e47ffff
10,500,0.03097,95,536,216,10.538,30,8939220f47bffff>8939220f447ffff>8939220f457ffff>8939220f40bffff>8939220f403ffff>8939220f407ffff>8939220f4abffff>8939220f4afffff>8939220f5dbffff>8939220f5c3ffff>8939220f5c7ffff>8939220f58bffff>8939220f583ffff>8939220f593ffff>89392201b2fffff>89392201b23ffff>89392201b37ffff>89392201b33ffff>89392201bafffff>89392201ba7ffff>89392201bb7ffff>8939220196bffff>8939220197bffff>89392201973ffff>8939220190fffff>89392201903ffff>89392201907ffff>89392201917ffff>893922019bbffff>893922019b3ffff
10,500,0.03097,96,534,227,12.44,35,8939220f40bffff>8939220f403ffff>8939220f407ffff>8939220f417ffff>8939220f48fffff>8939220f483ffff>8939220f493ffff>89392201a2bffff>89392201a3bffff>89392201a07ffff>89392201a17ffff>89392201a8fffff>89392201a87ffff>8939220184bffff>89392201843ffff>8939220184fffff>89392201847ffff>89392201873ffff>8939220180fffff>89392201877ffff>8939220183bffff>89392201833ffff>893922018abffff>893922018a3ffff>893922018b3ffff>89392201d4bffff>89392201d43ffff>89392201d5bffff>89392201d53ffff>89392201dcbffff>89392201ddbffff>89392201ca7ffff>8939220036bffff>89392200363ffff>89392200373ffff
10,500,0.03097,97,534,182,10.174,29,8939220f523ffff>8939220f537ffff>8939220f533ffff>8939220f5abffff>8939220f517ffff>8939220f513ffff>8939220f5c7ffff>8939220f5c3ffff>8939220f5dbffff>8939220f4afffff>8939220f4abffff>8939220f407ffff>8939220f417ffff>8939220f48fffff>8939220f483ffff>8939220f493ffff>89392201a2bffff>89392201a3bffff>89392201a07ffff>89392201a17ffff>89392201a8fffff>89392201a87ffff>8939220184bffff>8939220184fffff>89392201847ffff>89392201873ffff>8939220180fffff>89392201877ffff>8939220183bffff
10,500,0.03097,98,533,165,10.601,30,89392201a63ffff>89392201a77ffff>89392201a67ffff>89392201a2bffff>89392201a3bffff>89392201a07ffff>89392201a17ffff>89392201a8fffff>89392201a87ffff>8939220184bffff>8939220184fffff>89392201847ffff>89392201873ffff>8939220180fffff>89392201877ffff>8939220183bffff>89392201833ffff>893922018abffff>893922018a3ffff>893922018b3ffff>89392201d4bffff>89392201d43ffff>89392201d5bffff>89392201d53ffff>89392201dcbffff>89392201ddbffff>89392201ca7ffff>8939220036bffff>89392200363ffff>89392200373ffff
10,500,0.03097,99,532,196,13.85,39,8939220f517ffff>8939220f513ffff>8939220f5c7ffff>8939220f5c3ffff>8939220f5dbffff>8939220f4afffff>8939220f4abffff>8939220f407ffff>8939220f417ffff>8939220f48fffff>8939220f483ffff>8939220f493ffff>89392201a2bffff>89392201a3bffff>89392201a07ffff>89392201a17ffff>89392201a8fffff>89392201a87ffff>8939220184bffff>8939220184fffff>89392201847ffff>89392201873ffff>8939220180fffff>89392201877ffff>8939220183bffff>89392201833ffff>893922018abffff>893922018a3ffff>893922018b3ffff>89392201d4bffff>89392201d43ffff>89392201d5bffff>89392201d53ffff>89392201dcbffff>89392201ddbffff>89392201ca7ffff>8939220036bffff>89392200363ffff>89392200373ffff
10,500,0.03097,100,532,126,11.209,32,8939220f167ffff>8939220c69bffff>8939220c683ffff>8939220c693ffff>8939220c697ffff>8939220f12fffff>8939220f127ffff>8939220f123ffff>8939220f137ffff>8939220c4dbffff>8939220c4d3ffff>8939220e26bffff>8939220e27bffff>8939220e24fffff>8939220e247ffff>8939220e243ffff>8939220e257ffff>8939220e253ffff>8939220f527ffff>8939220f523ffff>8939220f537ffff>8939220f533ffff>8939220f5abffff>8939220f517ffff>8939220f513ffff>8939220f5c7ffff>8939220f5c3ffff>8939220f5dbffff>8939220f4afffff>8939220f4abffff>8939220f407ffff>8939220f417ffff
20,50,0.0031,1,156,73,21.089,59,8939220f397ffff>8939220f15bffff>8939220f027ffff>8939220f037ffff>8939220f1cbffff>8939220f1dbffff>8939220f1d3ffff>8939220f56fffff>8939220f567ffff>8939220f52bffff>8939220f523ffff>8939220f527ffff>8939220e253ffff>8939220e257ffff>8939220e2cfffff>8939220e21bffff>8939220e2c7ffff>8939220e28bffff>8939220e283ffff>8939220e293ffff>8939220e62fffff>8939220e627ffff>8939220e053ffff>8939220e0cbffff>8939220e0cfffff>8939220e0c7ffff>8939220e0cfffff>8939220e0c3ffff>8939220e0cbffff>8939220e0dbffff>8939220e6afffff>8939220e6a3ffff>8939220e6bbffff>8939220e687ffff>8939220e683ffff>8939220e693ffff>89392201967ffff>89392201977ffff>8939220190fffff>8939220190bffff>89392201957ffff>89392201953ffff>89392201827ffff>89392201823ffff>8939220183bffff>89392201833ffff>893922018abffff>893922018a3ffff>893922018b3ffff>89392201d4bffff>89392201d43ffff>89392201d5bffff>89392201d53ffff>89392201dcbffff>89392201ddbffff>89392201ca7ffff>8939220036bffff>89392200363ffff>89392200373ffff
20,50,0.0031,2,145,75,22.557,63,8939220f167ffff>8939220f12bffff>8939220f167ffff>8939220c69bffff>8939220c683ffff>8939220c693ffff>8939220c697ffff>8939220f12fffff>8939220f127ffff>8939220f123ffff>8939220f137ffff>8939220c4dbffff>8939220c4d3ffff>8939220e26bffff>8939220e27bffff>8939220e247ffff>8939220e243ffff>8939220e257ffff>8939220e2cfffff>8939220e21bffff>8939220e2c7ffff>8939220e28bffff>8939220e283ffff>8939220e293ffff>8939220e62fffff>8939220e627ffff>8939220e053ffff>8939220e0cbffff>8939220e0cfffff>8939220e0c7ffff>8939220e0cfffff>8939220e0c3ffff>8939220e0cbffff>8939220e0dbffff>8939220e6afffff>8939220e6a3ffff>8939220e6bbffff>8939220e687ffff>8939220e683ffff>8939220e693ffff>89392201967ffff>89392201977ffff>8939220190fffff>8939220190bffff>89392201957ffff>89392201953ffff>89392201827ffff>89392201823ffff>8939220183bffff>89392201833ffff>893922018abffff>893922018a3ffff>893922018b3ffff>89392201d4bffff>89392201d43ffff>89392201d5bffff>89392201d53ffff>89392201dcbffff>89392201ddbffff>89392201ca7ffff>8939220036bffff>89392200363ffff>89392200373ffff
20,50,0.0031,3,114,31,21.081,59,8939220f033ffff>8939220f037ffff>8939220f0afffff>8939220f1dbffff>8939220f0a7ffff>8939220f1d3ffff>8939220f56fffff>8939220f567ffff>8939220f52bffff>8939220f523ffff>8939220f527ffff>8939220e253ffff>8939220e257ffff>8939220e2cfffff>8939220e21bffff>8939220e2c7ffff>8939220e28bffff>8939220e283ffff>8939220e293ffff>8939220e62fffff>8939220e627ffff>8939220e053ffff>8939220e0cbffff>8939220e0cfffff>8939220e0c7ffff>8939220e0cfffff>8939220e0c3ffff>8939220e0cbffff>8939220e0dbffff>8939220e637ffff>8939220e6afffff>8939220e6a3ffff>8939220e6bbffff>8939220e687ffff>8939220e683ffff>8939220e693ffff>89392201967ffff>89392201977ffff>8939220190fffff>8939220190bffff>89392201957ffff>89392201953ffff>89392201827ffff>89392201823ffff>8939220183bffff>89392201833ffff>893922018abffff>893922018a3ffff>893922018b3ffff>89392201d4bffff>89392201d43ffff>89392201d5bffff>89392201d53ffff>89392201dcbffff>89392201ddbffff>89392201ca7ffff>8939220036bffff>89392200363ffff>89392200373ffff
20,50,0.0031,4,111,57,22.197,62,8939220f167ffff>8939220f12bffff>8939220f167ffff>8939220c69bffff>8939220c683ffff>8939220c697ffff>8939220f12fffff>8939220f127ffff>8939220f123ffff>8939220f137ffff>8939220c4dbffff>8939220c4d3ffff>8939220e26bffff>8939220e27bffff>8939220e247ffff>8939220e243ffff>8939220e257ffff>8939220e2cfffff>8939220e21bffff>8939220e2c7ffff>8939220e28bffff>8939220e283ffff>8939220e293ffff>8939220e62fffff>8939220e627ffff>8939220e053ffff>8939220e0cbffff>8939220e0cfffff>8939220e0c7ffff>8939220e0cfffff>8939220e0c3ffff>8939220e0cbffff>8939220e0dbffff>8939220e6afffff>8939220e6a3ffff>8939220e6bbffff>8939220e687ffff>8939220e683ffff>8939220e693ffff>89392201967ffff>89392201977ffff>8939220190fffff>8939220190bffff>89392201957ffff>89392201953ffff>89392201827ffff>89392201823ffff>8939220183bffff>89392201833ffff>893922018abffff>893922018a3ffff>893922018b3ffff>89392201d4bffff>89392201d43ffff>89392201d5bffff>89392201d53ffff>89392201dcbffff>89392201ddbffff>89392201ca7ffff>8939220036bffff>89392200363ffff>89392200373ffff
20,50,0.0031,5,109,47,22.168,62,8939220f397ffff>8939220f15bffff>8939220f027ffff>8939220f023ffff>8939220f027ffff>8939220f037ffff>8939220f1cbffff>8939220f1dbffff>8939220f1d3ffff>8939220f56fffff>8939220f567ffff>8939220f52bffff>8939220f523ffff>8939220f527ffff>8939220e253ffff>8939220e257ffff>8939220e2cfffff>8939220e21bffff>8939220e2c7ffff>8939220e28bffff>8939220e283ffff>8939220e293ffff>8939220e62fffff>8939220e627ffff>8939220e053ffff>8939220e0cbffff>8939220e0cfffff>8939220e0c7ffff>8939220e0cfffff>8939220e0c3ffff>8939220e0cbffff>8939220e0dbffff>8939220e6afffff>8939220e6a3ffff>8939220e6bbffff>8939220e687ffff>8939220e683ffff>8939220e693ffff>89392201967ffff>89392201977ffff>8939220190fffff>8939220190bffff>89392201957ffff>89392201953ffff>89392201827ffff>89392201823ffff>8939220183bffff>89392201833ffff>893922018abffff>893922018a3ffff>893922018b3ffff>89392201d4bffff>89392201d43ffff>89392201d5bffff>89392201d53ffff>89392201dcbffff>89392201ddbffff>89392201ca7ffff>8939220036bffff>89392200363ffff>89392200373ffff>8939220037bffff
20,50,0.0031,6,105,19,22.174,62,8939220f007ffff>8939220f017ffff>8939220f0abffff>8939220f0bbffff>8939220f0a3ffff>8939220f0afffff>8939220f1dbffff>8939220f0a7ffff>8939220f1d3ffff>8939220f56fffff>8939220f567ffff>8939220f52bffff>8939220f523ffff>8939220f527ffff>8939220e253ffff>8939220e257ffff>8939220e2cfffff>8939220e21bffff>8939220e2c7ffff>8939220e28bffff>8939220e283ffff>8939220e293ffff>8939220e62fffff>8939220e627ffff>8939220e053ffff>8939220e0cbffff>8939220e0cfffff>8939220e0c7ffff>8939220e0cfffff>8939220e0c3ffff>8939220e0cbffff>8939220e0dbffff>8939220e637ffff>8939220e6afffff>8939220e6a3ffff>8939220e6bbffff>8939220e687ffff>8939220e683ffff>8939220e693ffff>89392201967ffff>89392201977ffff>8939220190fffff>8939220190bffff>89392201957ffff>89392201953ffff>89392201827ffff>89392201823ffff>8939220183bffff>89392201833ffff>893922018abffff>893922018a3ffff>893922018b3ffff>89392201d4bffff>89392201d43ffff>89392201d5bffff>89392201d53ffff>89392201dcbffff>89392201ddbffff>89392201ca7ffff>8939220036bffff>89392200363ffff>89392200373ffff
20,50,0.0031,7,105,71,21.811,61,8939220f02fffff>8939220f027ffff>8939220f023ffff>8939220f027ffff>8939220f037ffff>8939220f1cbffff>8939220f1dbffff>8939220f1d3ffff>8939220f56fffff>8939220f567ffff>8939220f52bffff>8939220f523ffff>8939220f527ffff>8939220e253ffff>8939220e257ffff>8939220e2cfffff>8939220e21bffff>8939220e2c7ffff>8939220e28bffff>8939220e283ffff>8939220e293ffff>8939220e62fffff>8939220e627ffff>8939220e053ffff>8939220e0cbffff>8939220e0cfffff>8939220e0c7ffff>8939220e0cfffff>8939220e0c3ffff>8939220e0cbffff>8939220e0dbffff>8939220e637ffff>8939220e6afffff>8939220e6a3ffff>8939220e6bbffff>8939220e687ffff>8939220e683ffff>8939220e693ffff>89392201967ffff>89392201977ffff>8939220190fffff>8939220190bffff>89392201957ffff>89392201953ffff>89392201827ffff>89392201823ffff>8939220183bffff>89392201833ffff>893922018abffff>893922018a3ffff>893922018b3ffff>89392201d4bffff>89392201d43ffff>89392201d5bffff>89392201d53ffff>89392201dcbffff>89392201ddbffff>89392201ca7ffff>8939220036bffff>89392200363ffff>89392200373ffff
20,50,0.0031,8,95,64,20.721,58,8939220f02fffff>8939220f027ffff>8939220f037ffff>8939220f1cbffff>8939220f1dbffff>8939220f1d3ffff>8939220f56fffff>8939220f567ffff>8939220f52bffff>8939220f523ffff>8939220f527ffff>8939220e253ffff>8939220e257ffff>8939220e2cfffff>8939220e21bffff>8939220e2c7ffff>8939220e28bffff>8939220e283ffff>8939220e293ffff>8939220e62fffff>8939220e627ffff>8939220e053ffff>8939220e0cbffff>8939220e0cfffff>8939220e0c7ffff>8939220e0cfffff>8939220e0c3ffff>8939220e0cbffff>8939220e0dbffff>8939220e6afffff>8939220e6a3ffff>8939220e6bbffff>8939220e687ffff>8939220e683ffff>8939220e693ffff>89392201967ffff>89392201977ffff>8939220190fffff>8939220190bffff>89392201957ffff>89392201953ffff>89392201827ffff>89392201823ffff>8939220183bffff>89392201833ffff>893922018abffff>893922018a3ffff>893922018b3ffff>89392201d4bffff>89392201d43ffff>89392201d5bffff>89392201d53ffff>89392201dcbffff>89392201ddbffff>89392201ca7ffff>8939220036bffff>89392200363ffff>89392200373ffff
20,50,0.0031,9,94,50,22.914,64,8939220f163ffff>8939220f167ffff>8939220c69bffff>8939220c683ffff>8939220c693ffff>8939220c697ffff>8939220f12fffff>8939220f127ffff>8939220f123ffff>8939220f137ffff>8939220c4dbffff>8939220c4d3ffff>8939220e26bffff>8939220e27bffff>8939220e247ffff>8939220e243ffff>8939220e257ffff>8939220e2cfffff>8939220e21bffff>8939220e2c7ffff>8939220e28bffff>8939220e283ffff>8939220e293ffff>8939220e62fffff>8939220e627ffff>8939220e053ffff>8939220e0cbffff>8939220e0cfffff>8939220e0c7ffff>8939220e0cfffff>8939220e0c3ffff>8939220e0cbffff>8939220e0dbffff>8939220e637ffff>8939220e0dbffff>8939220e6afffff>8939220e6a3ffff>8939220e6bbffff>8939220e687ffff>8939220e683ffff>8939220e693ffff>89392201967ffff>89392201977ffff>8939220190fffff>8939220190bffff>89392201957ffff>89392201953ffff>89392201827ffff>89392201823ffff>8939220183bffff>89392201833ffff>893922018abffff>893922018a3ffff>893922018b3ffff>89392201d4bffff>89392201d43ffff>89392201d5bffff>89392201d53ffff>89392201dcbffff>89392201ddbffff>89392201ca7ffff>8939220036bffff>89392200363ffff>89392200373ffff
20,50,0.0031,10,92,9,22.16,62,8939220f027ffff>8939220f023ffff>8939220f02bffff>8939220f02fffff>8939220f023ffff>8939220f027ffff>8939220f037ffff>8939220f1cbffff>8939220f1dbffff>8939220f1d3ffff>8939220f56fffff>8939220f567ffff>8939220f52bffff>8939220f523ffff>8939220f527ffff>8939220e253ffff>8939220e257ffff>8939220e2cfffff>8939220e21bffff>8939220e2c7ffff>8939220e28bffff>8939220e283ffff>8939220e293ffff>8939220e62fffff>8939220e627ffff>8939220e053ffff>8939220e0cbffff>8939220e0cfffff>8939220e0c7ffff>8939220e0cfffff>8939220e0c3ffff>8939220e0cbffff>8939220e0dbffff>8939220e6afffff>8939220e6a3ffff>8939220e6bbffff>8939220e687ffff>8939220e683ffff>8939220e693ffff>89392201967ffff>89392201977ffff>8939220190fffff>8939220190bffff>89392201957ffff>89392201953ffff>89392201827ffff>89392201823ffff>8939220183bffff>89392201833ffff>893922018abffff>893922018a3ffff>893922018b3ffff>89392201d4bffff>89392201d43ffff>89392201d5bffff>89392201d53ffff>89392201dcbffff>89392201ddbffff>89392201ca7ffff>8939220036bffff>89392200363ffff>89392200373ffff
20,50,0.0031,11,90,45,21.465,60,8939220f397ffff>8939220f15bffff>8939220f027ffff>8939220f037ffff>8939220f1cbffff>8939220f1dbffff>8939220f1d3ffff>8939220f56fffff>8939220f567ffff>8939220f52bffff>8939220f523ffff>8939220f527ffff>8939220e253ffff>8939220e257ffff>8939220e2cfffff>8939220e21bffff>8939220e2c7ffff>8939220e28bffff>8939220e283ffff>8939220e293ffff>8939220e62fffff>8939220e627ffff>8939220e053ffff>8939220e0cbffff>8939220e0cfffff>8939220e0c7ffff>8939220e0cfffff>8939220e0c3ffff>8939220e0cbffff>8939220e0dbffff>8939220e637ffff>8939220e6afffff>8939220e6a3ffff>8939220e6bbffff>8939220e687ffff>8939220e683ffff>8939220e693ffff>89392201967ffff>89392201977ffff>8939220190fffff>8939220190bffff>89392201957ffff>89392201953ffff>89392201827ffff>89392201823ffff>8939220183bffff>89392201833ffff>893922018abffff>893922018a3ffff>893922018b3ffff>89392201d4bffff>89392201d43ffff>89392201d5bffff>89392201d53ffff>89392201dcbffff>89392201ddbffff>89392201ca7ffff>8939220036bffff>89392200363ffff>89392200373ffff
20,50,0.0031,12,89,26,20.334,57,8939220f0afffff>8939220f1dbffff>8939220f0a7ffff>8939220f1d3ffff>8939220f56fffff>8939220f567ffff>8939220f52bffff>8939220f523ffff>8939220f527ffff>8939220e253ffff>8939220e257ffff>8939220e2cfffff>8939220e21bffff>8939220e2c7ffff>8939220e28bffff>8939220e283ffff>8939220e293ffff>8939220e62fffff>8939220e627ffff>8939220e053ffff>8939220e0cbffff>8939220e0cfffff>8939220e0c7ffff>8939220e0cfffff>8939220e0c3ffff>8939220e0cbffff>8939220e0dbffff>8939220e6afffff>8939220e6a3ffff>8939220e6bbffff>8939220e687ffff>8939220e683ffff>8939220e69bffff>8939220e693ffff>89392201967ffff>89392201977ffff>8939220190fffff>8939220190bffff>89392201957ffff>89392201953ffff>89392201827ffff>89392201823ffff>8939220183bffff>89392201833ffff>893922018abffff>893922018a3ffff>893922018b3ffff>89392201d4bffff>89392201d43ffff>89392201d5bffff>89392201d53ffff>89392201dcbffff>89392201ddbffff>89392201ca7ffff>8939220036bffff>89392200363ffff>89392200373ffff
20,50,0.0031,13,86,60,25.454,71,8939220f067ffff>8939220f393ffff>8939220f383ffff>8939220f397ffff>8939220f387ffff>8939220f3b3ffff>8939220f3a3ffff>8939220f3a7ffff>8939220c6d3ffff>8939220f16fffff>8939220c69bffff>8939220c68bffff>8939220c683ffff>8939220c693ffff>8939220c697ffff>8939220f12fffff>8939220f127ffff>8939220f123ffff>8939220f137ffff>8939220c4dbffff>8939220c4d3ffff>8939220e26bffff>8939220e27bffff>8939220e247ffff>8939220e243ffff>8939220e257ffff>8939220e2cfffff>8939220e21bffff>8939220e2c7ffff>8939220e28bffff>8939220e283ffff>8939220e293ffff>8939220e62fffff>8939220e627ffff>8939220e053ffff>8939220e0cbffff>8939220e0cfffff>8939220e0c7ffff>8939220e0cfffff>8939220e0c3ffff>8939220e0cbffff>8939220e0dbffff>8939220e6afffff>8939220e6a3ffff>8939220e6bbffff>8939220e687ffff>8939220e683ffff>8939220e693ffff>89392201967ffff>89392201977ffff>8939220190fffff>8939220190bffff>89392201957ffff>89392201953ffff>89392201827ffff>89392201823ffff>8939220183bffff>89392201833ffff>893922018abffff>893922018a3ffff>893922018b3ffff>89392201d4bffff>89392201d43ffff>89392201d5bffff>89392201d53ffff>89392201dcbffff>89392201ddbffff>89392201ca7ffff>8939220036bffff>89392200363ffff>89392200373ffff
20,50,0.0031,14,84,56,22.557,63,8939220f167ffff>8939220c69bffff>8939220c683ffff>8939220c693ffff>8939220c697ffff>8939220f12fffff>8939220f127ffff>8939220f123ffff>8939220f137ffff>8939220c4dbffff>8939220c4d3ffff>8939220e26bffff>8939220e27bffff>8939220e24fffff>8939220e247ffff>8939220e243ffff>8939220e257ffff>8939220e2cfffff>8939220e21bffff>8939220e2c7ffff>8939220e28bffff>8939220e283ffff>8939220e293ffff>8939220e62fffff>8939220e627ffff>8939220e053ffff>8939220e0cbffff>8939220e0cfffff>8939220e0c7ffff>8939220e0cfffff>8939220e0c3ffff>8939220e0cbffff>8939220e0dbffff>8939220e637ffff>8939220e6afffff>8939220e6a3ffff>8939220e6bbffff>8939220e687ffff>8939220e683ffff>8939220e693ffff>89392201967ffff>89392201977ffff>8939220190fffff>8939220190bffff>89392201957ffff>89392201953ffff>89392201827ffff>89392201823ffff>8939220183bffff>89392201833ffff>893922018abffff>893922018a3ffff>893922018b3ffff>89392201d4bffff>89392201d43ffff>89392201d5bffff>89392201d53ffff>89392201dcbffff>89392201ddbffff>89392201ca7ffff>8939220036bffff>89392200363ffff>89392200373ffff
20,50,0.0031,15,84,56,22.16,62,8939220f03bffff>8939220f077ffff>8939220f02bffff>8939220f02fffff>8939220f023ffff>8939220f027ffff>8939220f037ffff>8939220f1cbffff>8939220f1dbffff>8939220f1d3ffff>8939220f56fffff>8939220f567ffff>8939220f52bffff>8939220f523ffff>8939220f527ffff>8939220e253ffff>8939220e257ffff>8939220e2cfffff>8939220e21bffff>8939220e2c7ffff>8939220e28bffff>8939220e283ffff>8939220e293ffff>8939220e62fffff>8939220e627ffff>8939220e053ffff>8939220e0cbffff>8939220e0cfffff>8939220e0c7ffff>8939220e0cfffff>8939220e0c3ffff>8939220e0cbffff>8939220e0dbffff>8939220e6afffff>8939220e6a3ffff>8939220e6bbffff>8939220e687ffff>8939220e683ffff>8939220e693ffff>89392201967ffff>89392201977ffff>8939220190fffff>8939220190bffff>89392201957ffff>89392201953ffff>89392201827ffff>89392201823ffff>8939220183bffff>89392201833ffff>893922018abffff>893922018a3ffff>893922018b3ffff>89392201d4bffff>89392201d43ffff>89392201d5bffff>89392201d53ffff>89392201dcbffff>89392201ddbffff>89392201ca7ffff>8939220036bffff>89392200363ffff>89392200373ffff
20,50,0.0031,16,84,38,21.443,60,8939220f023ffff>8939220f027ffff>8939220f037ffff>8939220f1cbffff>8939220f1dbffff>8939220f1d3ffff>8939220f56fffff>8939220f567ffff>8939220f52bffff>8939220f523ffff>8939220f527ffff>8939220e253ffff>8939220e257ffff>8939220e2cfffff>8939220e21bffff>8939220e2c7ffff>8939220e28bffff>8939220e283ffff>8939220e293ffff>8939220e62fffff>8939220e627ffff>8939220e053ffff>8939220e0cbffff>8939220e0cfffff>8939220e0c7ffff>8939220e0cfffff>8939220e0c3ffff>8939220e0cbffff>8939220e0dbffff>8939220e637ffff>8939220e6afffff>8939220e6a3ffff>8939220e6bbffff>8939220e687ffff>8939220e683ffff>8939220e693ffff>89392201967ffff>89392201977ffff>89392201973ffff>8939220190fffff>8939220190bffff>89392201957ffff>89392201953ffff>89392201827ffff>89392201823ffff>8939220183bffff>89392201833ffff>893922018abffff>893922018a3ffff>893922018b3ffff>89392201d4bffff>89392201d43ffff>89392201d5bffff>89392201d53ffff>89392201dcbffff>89392201ddbffff>89392201ca7ffff>8939220036bffff>89392200363ffff>89392200373ffff
20,50,0.0031,17,82,22,22.168,62,8939220f023ffff>8939220f02bffff>8939220f02fffff>8939220f023ffff>8939220f027ffff>8939220f037ffff>8939220f1cbffff>8939220f1dbffff>8939220f1d3ffff>8939220f56fffff>8939220f567ffff>8939220f52bffff>8939220f523ffff>8939220f527ffff>8939220e253ffff>8939220e257ffff>8939220e2cfffff>8939220e21bffff>8939220e2c7ffff>8939220e28bffff>8939220e283ffff>8939220e293ffff>8939220e62fffff>8939220e627ffff>8939220e053ffff>8939220e0cbffff>8939220e0cfffff>8939220e0c7ffff>8939220e0cfffff>8939220e0c3ffff>8939220e0cbffff>8939220e0dbffff>8939220e6afffff>8939220e6a3ffff>8939220e6bbffff>8939220e687ffff>8939220e683ffff>8939220e693ffff>89392201967ffff>89392201977ffff>8939220190fffff>8939220190bffff>89392201957ffff>89392201953ffff>89392201827ffff>89392201823ffff>8939220183bffff>89392201833ffff>893922018abffff>893922018a3ffff>893922018b3ffff>89392201d4bffff>89392201d43ffff>89392201d5bffff>89392201d53ffff>89392201dcbffff>89392201ddbffff>89392201ca7ffff>8939220036bffff>89392200363ffff>89392200373ffff>8939220037bffff
20,50,0.0031,18,79,63,21.456,60,8939220c683ffff>8939220c693ffff>8939220c697ffff>8939220f12fffff>8939220f127ffff>8939220f123ffff>8939220f137ffff>8939220c4dbffff>8939220c4d3ffff>8939220e26bffff>8939220e27bffff>8939220e247ffff>8939220e243ffff>8939220e257ffff>8939220e2cfffff>8939220e21bffff>8939220e2c7ffff>8939220e28bffff>8939220e283ffff>8939220e293ffff>8939220e62fffff>8939220e627ffff>8939220e053ffff>8939220e0cbffff>8939220e0cfffff>8939220e0c7ffff>8939220e0cfffff>8939220e0c3ffff>8939220e0cbffff>8939220e0dbffff>8939220e6afffff>8939220e6a3ffff>8939220e6bbffff>8939220e687ffff>8939220e683ffff>8939220e69bffff>8939220e693ffff>89392201967ffff>89392201977ffff>8939220190fffff>8939220190bffff>89392201957ffff>89392201953ffff>89392201827ffff>89392201823ffff>8939220183bffff>89392201833ffff>893922018abffff>893922018a3ffff>893922018b3ffff>89392201d4bffff>89392201d43ffff>89392201d5bffff>89392201d53ffff>89392201dcbffff>89392201ddbffff>89392201ca7ffff>8939220036bffff>89392200363ffff>89392200373ffff
20,50,0.0031,19,78,50,22.56,63,8939220f163ffff>8939220f167ffff>8939220c69bffff>8939220c683ffff>8939220c693ffff>8939220c697ffff>8939220f12fffff>8939220f127ffff>8939220f123ffff>8939220f137ffff>8939220c4dbffff>8939220c4d3ffff>8939220e26bffff>8939220e27bffff>8939220e247ffff>8939220e243ffff>8939220e257ffff>8939220e2cfffff>8939220e21bffff>8939220e2c7ffff>8939220e28bffff>8939220e283ffff>8939220e293ffff>8939220e62fffff>8939220e627ffff>8939220e053ffff>8939220e0cbffff>8939220e0cfffff>8939220e0c7ffff>8939220e0cfffff>8939220e0c3ffff>8939220e0cbffff>8939220e0dbffff>8939220e637ffff>8939220e6afffff>8939220e6a3ffff>8939220e6bbffff>8939220e687ffff>8939220e683ffff>8939220e693ffff>89392201967ffff>89392201977ffff>8939220190fffff>8939220190bffff>89392201957ffff>89392201953ffff>89392201827ffff>89392201823ffff>8939220183bffff>89392201833ffff>893922018abffff>893922018a3ffff>893922018b3ffff>89392201d4bffff>89392201d43ffff>89392201d5bffff>89392201d53ffff>89392201dcbffff>89392201ddbffff>89392201ca7ffff>8939220036bffff>89392200363ffff>89392200373ffff
20,50,0.0031,20,78,51,21.837,61,8939220c683ffff>8939220c697ffff>8939220f12fffff>8939220f127ffff>8939220f123ffff>8939220f137ffff>8939220c4dbffff>8939220c4d3ffff>8939220e26bffff>8939220e27bffff>8939220e247ffff>8939220e243ffff>8939220e257ffff>8939220e2cfffff>8939220e21bffff>8939220e2c7ffff>8939220e28bffff>8939220e283ffff>8939220e293ffff>8939220e62fffff>8939220e627ffff>8939220e053ffff>8939220e0cbffff>8939220e0cfffff>8939220e0c7ffff>8939220e0cfffff>8939220e0c3ffff>8939220e0cbffff>8939220e0dbffff>8939220e637ffff>8939220e0dbffff>8939220e6afffff>8939220e6a3ffff>8939220e6bbffff>8939220e687ffff>8939220e683ffff>8939220e693ffff>89392201967ffff>89392201977ffff>8939220190fffff>8939220190bffff>89392201957ffff>89392201953ffff>89392201827ffff>89392201823ffff>8939220183bffff>89392201833ffff>893922018abffff>893922018a3ffff>893922018b3ffff>89392201d4bffff>89392201d43ffff>89392201d5bffff>89392201d53ffff>89392201dcbffff>89392201ddbffff>89392201ca7ffff>8939220036bffff>89392200363ffff>89392200373ffff>8939220037bffff
20,50,0.0031,21,78,36,21.792,61,8939220f02bffff>8939220f02fffff>8939220f023ffff>8939220f027ffff>8939220f037ffff>8939220f1cbffff>8939220f1dbffff>8939220f1d3ffff>8939220f56fffff>8939220f567ffff>8939220f52bffff>8939220f523ffff>8939220f527ffff>8939220e253ffff>8939220e257ffff>8939220e2cfffff>8939220e21bffff>8939220e2c7ffff>8939220e28bffff>8939220e283ffff>8939220e293ffff>8939220e62fffff>8939220e627ffff>8939220e053ffff>8939220e0cbffff>8939220e0cfffff>8939220e0c7ffff>8939220e0cfffff>8939220e0c3ffff>8939220e0cbffff>8939220e637ffff>8939220e0dbffff>8939220e6afffff>8939220e6a3ffff>8939220e6bbffff>8939220e687ffff>8939220e683ffff>8939220e693ffff>89392201967ffff>89392201977ffff>8939220190fffff>8939220190bffff>89392201957ffff>89392201953ffff>89392201827ffff>89392201823ffff>8939220183bffff>89392201833ffff>893922018abffff>893922018a3ffff>893922018b3ffff>89392201d4bffff>89392201d43ffff>89392201d5bffff>89392201d53ffff>89392201dcbffff>89392201ddbffff>89392201ca7ffff>8939220036bffff>89392200363ffff>89392200373ffff
20,50,0.0031,22,77,53,22.186,62,8939220c683ffff>8939220c697ffff>8939220f12fffff>8939220f127ffff>8939220f123ffff>8939220f137ffff>8939220c4dbffff>8939220c4d3ffff>8939220e26bffff>8939220e27bffff>8939220e247ffff>8939220e243ffff>8939220e257ffff>8939220e253ffff>8939220e257ffff>8939220e2cfffff>8939220e21bffff>8939220e2c7ffff>8939220e28bffff>8939220e283ffff>8939220e293ffff>8939220e62fffff>8939220e627ffff>8939220e053ffff>8939220e0cbffff>8939220e0cfffff>8939220e0c7ffff>8939220e0cfffff>8939220e0c3ffff>8939220e0cbffff>8939220e0dbffff>8939220e637ffff>8939220e0dbffff>8939220e6afffff>8939220e6a3ffff>8939220e6bbffff>8939220e687ffff>8939220e683ffff>8939220e693ffff>89392201967ffff>89392201977ffff>8939220190fffff>8939220190bffff>89392201957ffff>89392201953ffff>89392201827ffff>89392201823ffff>8939220183bffff>89392201833ffff>893922018abffff>893922018a3ffff>893922018b3ffff>89392201d4bffff>89392201d43ffff>89392201d5bffff>89392201d53ffff>89392201dcbffff>89392201ddbffff>89392201ca7ffff>8939220036bffff>89392200363ffff>89392200373ffff
20,50,0.0031,23,77,27,20.721,58,8939220f0afffff>8939220f1dbffff>8939220f0a7ffff>8939220f1d3ffff>8939220f56fffff>8939220f567ffff>8939220f52bffff>8939220f523ffff>8939220f527ffff>8939220e253ffff>8939220e257ffff>8939220e2cfffff>8939220e21bffff>8939220e2c7ffff>8939220e28bffff>8939220e283ffff>8939220e293ffff>8939220e62fffff>8939220e627ffff>8939220e053ffff>8939220e0cbffff>8939220e0cfffff>8939220e0c7ffff>8939220e0cfffff>8939220e0c3ffff>8939220e0cbffff>8939220e0dbffff>8939220e637ffff>8939220e6afffff>8939220e6a3ffff>8939220e6bbffff>8939220e687ffff>8939220e683ffff>8939220e693ffff>89392201967ffff>89392201977ffff>8939220190fffff>8939220190bffff>89392201957ffff>89392201953ffff>89392201827ffff>89392201823ffff>8939220183bffff>89392201833ffff>893922018abffff>893922018a3ffff>893922018b3ffff>89392201d4bffff>89392201d43ffff>89392201d5bffff>89392201d53ffff>89392201dcbffff>89392201ddbffff>89392201ca7ffff>8939220036bffff>89392200363ffff>89392200373ffff>8939220037bffff
20,50,0.0031,24,76,46,22.165,62,8939220f02fffff>8939220f027ffff>8939220f023ffff>8939220f027ffff>8939220f037ffff>8939220f1cbffff>8939220f1dbffff>8939220f1d3ffff>8939220f56fffff>8939220f567ffff>8939220f52bffff>8939220f523ffff>8939220f527ffff>8939220e253ffff>8939220e257ffff>8939220e2cfffff>8939220e21bffff>8939220e2c7ffff>8939220e28bffff>8939220e283ffff>8939220e293ffff>8939220e62fffff>8939220e627ffff>8939220e053ffff>8939220e0cbffff>8939220e0cfffff>8939220e0c7ffff>8939220e0cfffff>8939220e0c3ffff>8939220e0cbffff>8939220e0dbffff>8939220e637ffff>8939220e0dbffff>8939220e6afffff>8939220e6a3ffff>8939220e6bbffff>8939220e687ffff>8939220e683ffff>8939220e693ffff>89392201967ffff>89392201977ffff>8939220190fffff>8939220190bffff>89392201957ffff>89392201953ffff>89392201827ffff>89392201823ffff>8939220183bffff>89392201833ffff>893922018abffff>893922018a3ffff>893922018b3ffff>89392201d4bffff>89392201d43ffff>89392201d5bffff>89392201d53ffff>89392201dcbffff>89392201ddbffff>89392201ca7ffff>8939220036bffff>89392200363ffff>89392200373ffff
20,50,0.0031,25,76,58,21.821,61,8939220c683ffff>8939220c693ffff>8939220c697ffff>8939220f12fffff>8939220f127ffff>8939220f123ffff>8939220f137ffff>8939220c4dbffff>8939220c4d3ffff>8939220e26bffff>8939220e27bffff>8939220e24fffff>8939220e247ffff>8939220e243ffff>8939220e257ffff>8939220e2cfffff>8939220e21bffff>8939220e2c7ffff>8939220e28bffff>8939220e283ffff>8939220e293ffff>8939220e62fffff>8939220e627ffff>8939220e053ffff>8939220e0cbffff>8939220e0cfffff>8939220e0c7ffff>8939220e0cfffff>8939220e0c3ffff>8939220e0cbffff>8939220e0dbffff>8939220e6afffff>8939220e6a3ffff>8939220e6bbffff>8939220e687ffff>8939220e683ffff>8939220e693ffff>89392201967ffff>89392201977ffff>8939220190fffff>8939220190bffff>89392201957ffff>89392201953ffff>89392201827ffff>89392201823ffff>8939220183bffff>89392201833ffff>893922018abffff>893922018a3ffff>893922018b3ffff>89392201d4bffff>89392201d43ffff>89392201d5bffff>89392201d53ffff>89392201dcbffff>89392201ddbffff>89392201ca7ffff>8939220036bffff>89392200363ffff>89392200373ffff>8939220037bffff
20,50,0.0031,26,76,43,21.792,61,8939220f02bffff>8939220f02fffff>8939220f023ffff>8939220f027ffff>8939220f037ffff>8939220f1cbffff>8939220f1dbffff>8939220f1d3ffff>8939220f56fffff>8939220f567ffff>8939220f52bffff>8939220f523ffff>8939220f527ffff>8939220e253ffff>8939220e257ffff>8939220e2cfffff>8939220e21bffff>8939220e2c7ffff>8939220e28bffff>8939220e283ffff>8939220e293ffff>8939220e62fffff>8939220e627ffff>8939220e053ffff>8939220e0cbffff>8939220e0cfffff>8939220e0c7ffff>8939220e0cfffff>8939220e0c3ffff>8939220e0cbffff>8939220e0dbffff>8939220e6afffff>8939220e6a3ffff>8939220e6bbffff>8939220e687ffff>8939220e683ffff>8939220e69bffff>8939220e693ffff>89392201967ffff>89392201977ffff>8939220190fffff>8939220190bffff>89392201957ffff>89392201953ffff>89392201827ffff>89392201823ffff>8939220183bffff>89392201833ffff>893922018abffff>893922018a3ffff>893922018b3ffff>89392201d4bffff>89392201d43ffff>89392201d5bffff>89392201d53ffff>89392201dcbffff>89392201ddbffff>89392201ca7ffff>8939220036bffff>89392200363ffff>89392200373ffff
20,50,0.0031,27,76,56,21.446,60,8939220c697ffff>8939220f12fffff>8939220f127ffff>8939220f123ffff>8939220f137ffff>8939220c4dbffff>8939220c4d3ffff>8939220e26bffff>8939220e27bffff>8939220e247ffff>8939220e243ffff>8939220e257ffff>8939220e253ffff>8939220e257ffff>8939220e2cfffff>8939220e21bffff>8939220e2c7ffff>8939220e28bffff>8939220e283ffff>8939220e293ffff>8939220e62fffff>8939220e627ffff>8939220e053ffff>8939220e0cbffff>8939220e0cfffff>8939220e0c7ffff>8939220e0cfffff>8939220e0c3ffff>8939220e0cbffff>8939220e637ffff>8939220e0dbffff>8939220e6afffff>8939220e6a3ffff>8939220e6bbffff>8939220e687ffff>8939220e683ffff>8939220e693ffff>89392201967ffff>89392201977ffff>8939220190fffff>8939220190bffff>89392201957ffff>89392201953ffff>89392201827ffff>89392201823ffff>8939220183bffff>89392201833ffff>893922018abffff>893922018a3ffff>893922018b3ffff>89392201d4bffff>89392201d43ffff>89392201d5bffff>89392201d53ffff>89392201dcbffff>89392201ddbffff>89392201ca7ffff>8939220036bffff>89392200363ffff>89392200373ffff
20,50,0.0031,28,76,50,20.731,58,8939220c697ffff>8939220f12fffff>8939220f127ffff>8939220f123ffff>8939220f137ffff>8939220c4dbffff>8939220c4d3ffff>8939220e26bffff>8939220e27bffff>8939220e247ffff>8939220e243ffff>8939220e257ffff>8939220e2cfffff>8939220e21bffff>8939220e2c7ffff>8939220e28bffff>8939220e283ffff>8939220e293ffff>8939220e62fffff>8939220e627ffff>8939220e053ffff>8939220e0cbffff>8939220e0cfffff>8939220e0c7ffff>8939220e0cfffff>8939220e0c3ffff>8939220e0cbffff>8939220e0dbffff>8939220e6afffff>8939220e6a3ffff>8939220e6bbffff>8939220e687ffff>8939220e683ffff>8939220e693ffff>89392201967ffff>89392201977ffff>89392201973ffff>8939220190fffff>8939220190bffff>89392201957ffff>89392201953ffff>89392201827ffff>89392201823ffff>8939220183bffff>89392201833ffff>893922018abffff>893922018a3ffff>893922018b3ffff>89392201d4bffff>89392201d43ffff>89392201d5bffff>89392201d53ffff>89392201dcbffff>89392201ddbffff>89392201ca7ffff>8939220036bffff>89392200363ffff>89392200373ffff
20,50,0.0031,29,76,32,20.334,57,8939220f0afffff>8939220f1dbffff>8939220f0a7ffff>8939220f1d3ffff>8939220f56fffff>8939220f567ffff>8939220f52bffff>8939220f523ffff>8939220f527ffff>8939220e253ffff>8939220e257ffff>8939220e2cfffff>8939220e21bffff>8939220e2c7ffff>8939220e28bffff>8939220e283ffff>8939220e293ffff>8939220e62fffff>8939220e627ffff>8939220e053ffff>8939220e0cbffff>8939220e0cfffff>8939220e0c7ffff>8939220e0cfffff>8939220e0c3ffff>8939220e0cbffff>8939220e637ffff>8939220e0dbffff>8939220e6afffff>8939220e6a3ffff>8939220e6bbffff>8939220e687ffff>8939220e683ffff>8939220e693ffff>89392201967ffff>89392201977ffff>8939220190fffff>8939220190bffff>89392201957ffff>89392201953ffff>89392201827ffff>89392201823ffff>8939220183bffff>89392201833ffff>893922018abffff>893922018a3ffff>893922018b3ffff>89392201d4bffff>89392201d43ffff>89392201d5bffff>89392201d53ffff>89392201dcbffff>89392201ddbffff>89392201ca7ffff>8939220036bffff>89392200363ffff>89392200373ffff
20,50,0.0031,30,75,46,22.192,62,8939220f167ffff>8939220c69bffff>8939220c683ffff>8939220c693ffff>8939220c697ffff>8939220f12fffff>8939220f127ffff>8939220f123ffff>8939220f137ffff>8939220c4dbffff>8939220c4d3ffff>8939220e26bffff>8939220e27bffff>8939220e247ffff>8939220e243ffff>8939220e257ffff>8939220e2cfffff>8939220e21bffff>8939220e2c7ffff>8939220e28bffff>8939220e283ffff>8939220e293ffff>8939220e62fffff>8939220e627ffff>8939220e053ffff>8939220e0cbffff>8939220e0cfffff>8939220e0c7ffff>8939220e0cfffff>8939220e0c3ffff>8939220e0cbffff>8939220e0dbffff>8939220e6afffff>8939220e6a3ffff>8939220e6bbffff>8939220e687ffff>8939220e683ffff>8939220e693ffff>89392201967ffff>89392201977ffff>8939220190fffff>8939220190bffff>89392201957ffff>89392201953ffff>89392201827ffff>89392201823ffff>8939220183bffff>89392201833ffff>893922018abffff>893922018a3ffff>893922018b3ffff>89392201d4bffff>89392201d43ffff>89392201d5bffff>89392201d53ffff>89392201dcbffff>89392201ddbffff>89392201ca7ffff>8939220036bffff>89392200363ffff>89392200373ffff>8939220037bffff
20,50,0.0031,31,75,37,21.099,59,8939220f147ffff>8939220f157ffff>8939220f10bffff>8939220f103ffff>8939220f117ffff>8939220f1bbffff>8939220f1b3ffff>8939220f1b7ffff>8939220e24fffff>8939220e27bffff>8939220e247ffff>8939220e243ffff>8939220e257ffff>8939220e2cfffff>8939220e21bffff>8939220e2c7ffff>8939220e28bffff>8939220e283ffff>8939220e293ffff>8939220e62fffff>8939220e627ffff>8939220e053ffff>8939220e0cbffff>8939220e0cfffff>8939220e0c7ffff>8939220e0cfffff>8939220e0c3ffff>8939220e0cbffff>8939220e0dbffff>8939220e637ffff>8939220e6afffff>8939220e6a3ffff>8939220e6bbffff>8939220e687ffff>8939220e683ffff>8939220e693ffff>89392201967ffff>89392201977ffff>8939220190fffff>8939220190bffff>89392201957ffff>89392201953ffff>89392201827ffff>89392201823ffff>8939220183bffff>89392201833ffff>893922018abffff>893922018a3ffff>893922018b3ffff>89392201d4bffff>89392201d43ffff>89392201d5bffff>89392201d53ffff>89392201dcbffff>89392201ddbffff>89392201ca7ffff>8939220036bffff>89392200363ffff>89392200373ffff
20,50,0.0031,32,73,46,22.546,63,8939220f12bffff>8939220f177ffff>8939220f163ffff>8939220f167ffff>8939220c69bffff>8939220c683ffff>8939220c697ffff>8939220f12fffff>8939220f127ffff>8939220f123ffff>8939220f137ffff>8939220c4dbffff>8939220c4d3ffff>8939220e26bffff>8939220e27bffff>8939220e247ffff>8939220e243ffff>8939220e257ffff>8939220e2cfffff>8939220e21bffff>8939220e2c7ffff>8939220e28bffff>8939220e283ffff>8939220e293ffff>8939220e62fffff>8939220e627ffff>8939220e053ffff>8939220e0cbffff>8939220e0cfffff>8939220e0c7ffff>8939220e0cfffff>8939220e0c3ffff>8939220e0cbffff>8939220e0dbffff>8939220e6afffff>8939220e6a3ffff>8939220e6bbffff>8939220e687ffff>8939220e683ffff>8939220e693ffff>89392201967ffff>89392201977ffff>8939220190fffff>8939220190bffff>89392201957ffff>89392201953ffff>89392201827ffff>89392201823ffff>8939220183bffff>89392201833ffff>893922018abffff>893922018a3ffff>893922018b3ffff>89392201d4bffff>89392201d43ffff>89392201d5bffff>89392201d53ffff>89392201dcbffff>89392201ddbffff>89392201ca7ffff>8939220036bffff>89392200363ffff>89392200373ffff
20,50,0.0031,33,73,40,22.157,62,8939220f397ffff>8939220f15bffff>8939220f027ffff>8939220f023ffff>8939220f027ffff>8939220f037ffff>8939220f1cbffff>8939220f1dbffff>8939220f1d3ffff>8939220f56fffff>8939220f567ffff>8939220f52bffff>8939220f523ffff>8939220f527ffff>8939220e253ffff>8939220e257ffff>8939220e2cfffff>8939220e21bffff>8939220e2c7ffff>8939220e28bffff>8939220e283ffff>8939220e293ffff>8939220e62fffff>8939220e627ffff>8939220e053ffff>8939220e0cbffff>8939220e0cfffff>8939220e0c7ffff>8939220e0cfffff>8939220e0c3ffff>8939220e0cbffff>8939220e637ffff>8939220e0dbffff>8939220e6afffff>8939220e6a3ffff>8939220e6bbffff>8939220e687ffff>8939220e683ffff>8939220e693ffff>89392201967ffff>89392201977ffff>8939220190fffff>8939220190bffff>89392201957ffff>89392201953ffff>89392201827ffff>89392201823ffff>8939220183bffff>89392201833ffff>893922018abffff>893922018a3ffff>893922018b3ffff>89392201d4bffff>89392201d43ffff>89392201d5bffff>89392201d53ffff>89392201dcbffff>89392201ddbffff>89392201ca7ffff>8939220036bffff>89392200363ffff>89392200373ffff
20,50,0.0031,34,73,52,21.107,59,8939220c697ffff>8939220f12fffff>8939220f127ffff>8939220f123ffff>8939220f137ffff>8939220c4dbffff>8939220c4d3ffff>8939220e26bffff>8939220e27bffff>8939220e247ffff>8939220e243ffff>8939220e257ffff>8939220e2cfffff>8939220e21bffff>8939220e2c7ffff>8939220e28bffff>8939220e283ffff>8939220e293ffff>8939220e62fffff>8939220e627ffff>8939220e053ffff>8939220e0cbffff>8939220e0cfffff>8939220e0c7ffff>8939220e0cfffff>8939220e0c3ffff>8939220e0cbffff>8939220e0dbffff>8939220e6afffff>8939220e6a3ffff>8939220e6bbffff>8939220e687ffff>8939220e683ffff>8939220e693ffff>89392201967ffff>89392201977ffff>8939220190fffff>8939220190bffff>89392201957ffff>89392201953ffff>89392201827ffff>89392201823ffff>8939220183bffff>89392201833ffff>893922018abffff>893922018a3ffff>893922018b3ffff>89392201d4bffff>89392201d43ffff>89392201d5bffff>89392201d53ffff>89392201dcbffff>89392201ddbffff>89392201ca7ffff>8939220036bffff>89392200363ffff>89392200373ffff>8939220037bffff>89392200373ffff
20,50,0.0031,35,73,33,20.353,57,8939220f023ffff>8939220f027ffff>8939220f037ffff>8939220f1cbffff>8939220f1dbffff>8939220f1d3ffff>8939220f56fffff>8939220f567ffff>8939220f52bffff>8939220f523ffff>8939220f527ffff>8939220e253ffff>8939220e257ffff>8939220e2cfffff>8939220e2c7ffff>8939220e28bffff>8939220e283ffff>8939220e293ffff>8939220e62fffff>8939220e627ffff>8939220e053ffff>8939220e0cbffff>8939220e0cfffff>8939220e0c7ffff>8939220e0cfffff>8939220e0c3ffff>8939220e0cbffff>8939220e0dbffff>8939220e6afffff>8939220e6a3ffff>8939220e6bbffff>8939220e687ffff>8939220e683ffff>8939220e693ffff>89392201967ffff>89392201977ffff>8939220190fffff>8939220190bffff>89392201957ffff>89392201953ffff>89392201827ffff>89392201823ffff>8939220183bffff>89392201833ffff>893922018abffff>893922018a3ffff>893922018b3ffff>89392201d4bffff>89392201d43ffff>89392201d5bffff>89392201d53ffff>89392201dcbffff>89392201ddbffff>89392201ca7ffff>8939220036bffff>89392200363ffff>89392200373ffff
20,50,0.0031,36,72,49,22.933,64,8939220f167ffff>8939220f12bffff>8939220f167ffff>8939220c69bffff>8939220c683ffff>8939220c693ffff>8939220c697ffff>8939220f12fffff>8939220f127ffff>8939220f123ffff>8939220f137ffff>8939220c4dbffff>8939220c4d3ffff>8939220e26bffff>8939220e27bffff>8939220e247ffff>8939220e243ffff>8939220e257ffff>8939220e2cfffff>8939220e21bffff>8939220e2c7ffff>8939220e28bffff>8939220e283ffff>8939220e293ffff>8939220e62fffff>8939220e627ffff>8939220e053ffff>8939220e0cbffff>8939220e0cfffff>8939220e0c7ffff>8939220e0cfffff>8939220e0c3ffff>8939220e0cbffff>8939220e0dbffff>8939220e637ffff>8939220e6afffff>8939220e6a3ffff>8939220e6bbffff>8939220e687ffff>8939220e683ffff>8939220e693ffff>89392201967ffff>89392201977ffff>8939220190fffff>8939220190bffff>89392201957ffff>89392201953ffff>89392201827ffff>89392201823ffff>8939220183bffff>89392201833ffff>893922018abffff>893922018a3ffff>893922018b3ffff>89392201d4bffff>89392201d43ffff>89392201d5bffff>89392201d53ffff>89392201dcbffff>89392201ddbffff>89392201ca7ffff>8939220036bffff>89392200363ffff>89392200373ffff
20,50,0.0031,37,72,47,22.552,63,8939220f167ffff>8939220f12bffff>8939220f167ffff>8939220c69bffff>8939220c683ffff>8939220c697ffff>8939220f12fffff>8939220f127ffff>8939220f123ffff>8939220f137ffff>8939220c4dbffff>8939220c4d3ffff>8939220e26bffff>8939220e27bffff>8939220e24fffff>8939220e247ffff>8939220e243ffff>8939220e257ffff>8939220e2cfffff>8939220e21bffff>8939220e2c7ffff>8939220e28bffff>8939220e283ffff>8939220e293ffff>8939220e62fffff>8939220e627ffff>8939220e053ffff>8939220e0cbffff>8939220e0cfffff>8939220e0c7ffff>8939220e0cfffff>8939220e0c3ffff>8939220e0cbffff>8939220e0dbffff>8939220e6afffff>8939220e6a3ffff>8939220e6bbffff>8939220e687ffff>8939220e683ffff>8939220e693ffff>89392201967ffff>89392201977ffff>8939220190fffff>8939220190bffff>89392201957ffff>89392201953ffff>89392201827ffff>89392201823ffff>8939220183bffff>89392201833ffff>893922018abffff>893922018a3ffff>893922018b3ffff>89392201d4bffff>89392201d43ffff>89392201d5bffff>89392201d53ffff>89392201dcbffff>89392201ddbffff>89392201ca7ffff>8939220036bffff>89392200363ffff>89392200373ffff
20,50,0.0031,38,72,28,22.533,63,8939220f023ffff>8939220f02bffff>8939220f02fffff>8939220f023ffff>8939220f027ffff>8939220f037ffff>8939220f1cbffff>8939220f1dbffff>8939220f1d3ffff>8939220f56fffff>8939220f567ffff>8939220f52bffff>8939220f523ffff>8939220f527ffff>8939220e253ffff>8939220e257ffff>8939220e2cfffff>8939220e21bffff>8939220e2c7ffff>8939220e28bffff>8939220e283ffff>8939220e293ffff>8939220e62fffff>8939220e627ffff>8939220e053ffff>8939220e0cbffff>8939220e0cfffff>8939220e0c7ffff>8939220e0cfffff>8939220e0c3ffff>8939220e0cbffff>8939220e0dbffff>8939220e637ffff>8939220e0dbffff>8939220e6afffff>8939220e6a3ffff>8939220e6bbffff>8939220e687ffff>8939220e683ffff>8939220e693ffff>89392201967ffff>89392201977ffff>8939220190fffff>8939220190bffff>89392201957ffff>89392201953ffff>89392201827ffff>89392201823ffff>8939220183bffff>89392201833ffff>893922018abffff>893922018a3ffff>893922018b3ffff>89392201d4bffff>89392201d43ffff>89392201d5bffff>89392201d53ffff>89392201dcbffff>89392201ddbffff>89392201ca7ffff>8939220036bffff>89392200363ffff>89392200373ffff
20,50,0.0031,39,72,22,21.435,60,8939220f033ffff>8939220f037ffff>8939220f0afffff>8939220f1dbffff>8939220f0a7ffff>8939220f1d3ffff>8939220f56fffff>8939220f567ffff>8939220f52bffff>8939220f523ffff>8939220f527ffff>8939220e253ffff>8939220e257ffff>8939220e2cfffff>8939220e21bffff>8939220e2c7ffff>8939220e28bffff>8939220e283ffff>8939220e293ffff>8939220e62fffff>8939220e627ffff>8939220e053ffff>8939220e0cbffff>8939220e0cfffff>8939220e0c7ffff>8939220e0cfffff>8939220e0c3ffff>8939220e0cbffff>8939220e0dbffff>8939220e637ffff>8939220e0dbffff>8939220e6afffff>8939220e6a3ffff>8939220e6bbffff>8939220e687ffff>8939220e683ffff>8939220e693ffff>89392201967ffff>89392201977ffff>8939220190fffff>8939220190bffff>89392201957ffff>89392201953ffff>89392201827ffff>89392201823ffff>8939220183bffff>89392201833ffff>893922018abffff>893922018a3ffff>893922018b3ffff>89392201d4bffff>89392201d43ffff>89392201d5bffff>89392201d53ffff>89392201dcbffff>89392201ddbffff>89392201ca7ffff>8939220036bffff>89392200363ffff>89392200373ffff
20,50,0.0031,40,72,33,20.015,56,8939220f1bbffff>8939220f1b3ffff>8939220f1a3ffff>8939220f1b7ffff>8939220f1a7ffff>8939220c4d3ffff>8939220e26bffff>8939220e27bffff>8939220e247ffff>8939220e243ffff>8939220e257ffff>8939220e2cfffff>8939220e21bffff>8939220e2c7ffff>8939220e28bffff>8939220e283ffff>8939220e293ffff>8939220e62fffff>8939220e627ffff>8939220e053ffff>8939220e0cbffff>8939220e0cfffff>8939220e0c7ffff>8939220e0cfffff>8939220e0c3ffff>8939220e0cbffff>8939220e0dbffff>8939220e6afffff>8939220e6a3ffff>8939220e6bbffff>8939220e687ffff>8939220e683ffff>8939220e693ffff>89392201967ffff>89392201977ffff>8939220190fffff>8939220190bffff>89392201957ffff>89392201953ffff>89392201827ffff>89392201823ffff>8939220183bffff>89392201833ffff>893922018abffff>893922018a3ffff>893922018b3ffff>89392201d4bffff>89392201d43ffff>89392201d5bffff>89392201d53ffff>89392201dcbffff>89392201ddbffff>89392201ca7ffff>8939220036bffff>89392200363ffff>89392200373ffff
20,50,0.0031,41,70,42,22.911,64,8939220f167ffff>8939220f12bffff>8939220f167ffff>8939220c69bffff>8939220c683ffff>8939220c693ffff>8939220c697ffff>8939220f12fffff>8939220f127ffff>8939220f123ffff>8939220f137ffff>8939220c4dbffff>8939220c4d3ffff>8939220e26bffff>8939220e27bffff>8939220e24fffff>8939220e247ffff>8939220e243ffff>8939220e257ffff>8939220e2cfffff>8939220e21bffff>8939220e2c7ffff>8939220e28bffff>8939220e283ffff>8939220e293ffff>8939220e62fffff>8939220e627ffff>8939220e053ffff>8939220e0cbffff>8939220e0cfffff>8939220e0c7ffff>8939220e0cfffff>8939220e0c3ffff>8939220e0cbffff>8939220e0dbffff>8939220e6afffff>8939220e6a3ffff>8939220e6bbffff>8939220e687ffff>8939220e683ffff>8939220e693ffff>89392201967ffff>89392201977ffff>8939220190fffff>8939220190bffff>89392201957ffff>89392201953ffff>89392201827ffff>89392201823ffff>8939220183bffff>89392201833ffff>893922018abffff>893922018a3ffff>893922018b3ffff>89392201d4bffff>89392201d43ffff>89392201d5bffff>89392201d53ffff>89392201dcbffff>89392201ddbffff>89392201ca7ffff>8939220036bffff>89392200363ffff>89392200373ffff
20,50,0.0031,42,70,45,21.107,59,8939220c697ffff>8939220f12fffff>8939220f127ffff>8939220f123ffff>8939220f137ffff>8939220c4dbffff>8939220c4d3ffff>8939220e26bffff>8939220e27bffff>8939220e247ffff>8939220e243ffff>8939220e257ffff>8939220e2cfffff>8939220e21bffff>8939220e2c7ffff>8939220e28bffff>8939220e283ffff>8939220e293ffff>8939220e62fffff>8939220e627ffff>8939220e053ffff>8939220e0cbffff>8939220e0cfffff>8939220e0c7ffff>8939220e0cfffff>8939220e0c3ffff>8939220e0cbffff>8939220e0dbffff>8939220e637ffff>8939220e6afffff>8939220e6a3ffff>8939220e6bbffff>8939220e687ffff>8939220e683ffff>8939220e693ffff>89392201967ffff>89392201977ffff>89392201973ffff>8939220190fffff>8939220190bffff>89392201957ffff>89392201953ffff>89392201827ffff>89392201823ffff>8939220183bffff>89392201833ffff>893922018abffff>893922018a3ffff>893922018b3ffff>89392201d4bffff>89392201d43ffff>89392201d5bffff>89392201d53ffff>89392201dcbffff>89392201ddbffff>89392201ca7ffff>8939220036bffff>89392200363ffff>89392200373ffff
20,50,0.0031,43,69,48,22.197,62,8939220f167ffff>8939220c69bffff>8939220c683ffff>8939220c697ffff>8939220f12fffff>8939220f127ffff>8939220f123ffff>8939220f137ffff>8939220c4dbffff>8939220c4d3ffff>8939220e26bffff>8939220e27bffff>8939220e24fffff>8939220e247ffff>8939220e243ffff>8939220e257ffff>8939220e2cfffff>8939220e21bffff>8939220e2c7ffff>8939220e28bffff>8939220e283ffff>8939220e293ffff>8939220e62fffff>8939220e627ffff>8939220e053ffff>8939220e0cbffff>8939220e0cfffff>8939220e0c7ffff>8939220e0cfffff>8939220e0c3ffff>8939220e0cbffff>8939220e0dbffff>8939220e637ffff>8939220e6afffff>8939220e6a3ffff>8939220e6bbffff>8939220e687ffff>8939220e683ffff>8939220e693ffff>89392201967ffff>89392201977ffff>8939220190fffff>8939220190bffff>89392201957ffff>89392201953ffff>89392201827ffff>89392201823ffff>8939220183bffff>89392201833ffff>893922018abffff>893922018a3ffff>893922018b3ffff>89392201d4bffff>89392201d43ffff>89392201d5bffff>89392201d53ffff>89392201dcbffff>89392201ddbffff>89392201ca7ffff>8939220036bffff>89392200363ffff>89392200373ffff
20,50,0.0031,44,69,47,20.729,58,8939220f023ffff>8939220f027ffff>8939220f037ffff>8939220f1dbffff>8939220f1d3ffff>8939220f56fffff>8939220f567ffff>8939220f52bffff>8939220f523ffff>8939220f527ffff>8939220e253ffff>8939220e257ffff>8939220e2cfffff>8939220e21bffff>8939220e2c7ffff>8939220e28bffff>8939220e283ffff>8939220e293ffff>8939220e62fffff>8939220e627ffff>8939220e053ffff>8939220e0cbffff>8939220e0cfffff>8939220e0c7ffff>8939220e0cfffff>8939220e0c3ffff>8939220e0cbffff>8939220e0dbffff>8939220e637ffff>8939220e6afffff>8939220e6a3ffff>8939220e6bbffff>8939220e687ffff>8939220e683ffff>8939220e693ffff>89392201967ffff>89392201977ffff>8939220190fffff>8939220190bffff>89392201957ffff>89392201953ffff>89392201827ffff>89392201823ffff>8939220183bffff>89392201833ffff>893922018abffff>893922018a3ffff>893922018b3ffff>89392201d4bffff>89392201d43ffff>89392201d5bffff>89392201d53ffff>89392201dcbffff>89392201ddbffff>89392201ca7ffff>8939220036bffff>89392200363ffff>89392200373ffff
20,50,0.0031,45,68,49,25.094,70,8939220f067ffff>8939220f393ffff>8939220f383ffff>8939220f397ffff>8939220f387ffff>8939220f3b3ffff>8939220f3a3ffff>8939220f3a7ffff>8939220c6d3ffff>8939220f16fffff>8939220c69bffff>8939220c68bffff>8939220c683ffff>8939220c697ffff>8939220f12fffff>8939220f127ffff>8939220f123ffff>8939220f137ffff>8939220c4dbffff>8939220c4d3ffff>8939220e26bffff>8939220e27bffff>8939220e247ffff>8939220e243ffff>8939220e257ffff>8939220e2cfffff>8939220e21bffff>8939220e2c7ffff>8939220e28bffff>8939220e283ffff>8939220e293ffff>8939220e62fffff>8939220e627ffff>8939220e053ffff>8939220e0cbffff>8939220e0cfffff>8939220e0c7ffff>8939220e0cfffff>8939220e0c3ffff>8939220e0cbffff>8939220e0dbffff>8939220e6afffff>8939220e6a3ffff>8939220e6bbffff>8939220e687ffff>8939220e683ffff>8939220e693ffff>89392201967ffff>89392201977ffff>8939220190fffff>8939220190bffff>89392201957ffff>89392201953ffff>89392201827ffff>89392201823ffff>8939220183bffff>89392201833ffff>893922018abffff>893922018a3ffff>893922018b3ffff>89392201d4bffff>89392201d43ffff>89392201d5bffff>89392201d53ffff>89392201dcbffff>89392201ddbffff>89392201ca7ffff>8939220036bffff>89392200363ffff>89392200373ffff
20,50,0.0031,46,68,35,22.544,63,8939220f397ffff>8939220f15bffff>8939220f027ffff>8939220f023ffff>8939220f027ffff>8939220f037ffff>8939220f1cbffff>8939220f1dbffff>8939220f1d3ffff>8939220f56fffff>8939220f567ffff>8939220f52bffff>8939220f523ffff>8939220f527ffff>8939220e253ffff>8939220e257ffff>8939220e2cfffff>8939220e21bffff>8939220e2c7ffff>8939220e28bffff>8939220e283ffff>8939220e293ffff>8939220e62fffff>8939220e627ffff>8939220e053ffff>8939220e0cbffff>8939220e0cfffff>8939220e0c7ffff>8939220e0cfffff>8939220e0c3ffff>8939220e0cbffff>8939220e0dbffff>8939220e637ffff>8939220e6afffff>8939220e6a3ffff>8939220e6bbffff>8939220e687ffff>8939220e683ffff>8939220e693ffff>89392201967ffff>89392201977ffff>8939220190fffff>8939220190bffff>89392201957ffff>89392201953ffff>89392201827ffff>89392201823ffff>8939220183bffff>89392201833ffff>893922018abffff>893922018a3ffff>893922018b3ffff>89392201d4bffff>89392201d43ffff>89392201d5bffff>89392201d53ffff>89392201dcbffff>89392201ddbffff>89392201ca7ffff>8939220036bffff>89392200363ffff>89392200373ffff>8939220037bffff
20,50,0.0031,47,68,47,21.832,61,8939220f167ffff>8939220c69bffff>8939220c683ffff>8939220c697ffff>8939220f12fffff>8939220f127ffff>8939220f123ffff>8939220f137ffff>8939220c4dbffff>8939220c4d3ffff>8939220e26bffff>8939220e27bffff>8939220e247ffff>8939220e243ffff>8939220e257ffff>8939220e2cfffff>8939220e21bffff>8939220e2c7ffff>8939220e28bffff>8939220e283ffff>8939220e293ffff>8939220e62fffff>8939220e627ffff>8939220e053ffff>8939220e0cbffff>8939220e0cfffff>8939220e0c7ffff>8939220e0cfffff>8939220e0c3ffff>8939220e0cbffff>8939220e0dbffff>8939220e6afffff>8939220e6a3ffff>8939220e6bbffff>8939220e687ffff>8939220e683ffff>8939220e693ffff>89392201967ffff>89392201977ffff>8939220190fffff>8939220190bffff>89392201957ffff>89392201953ffff>89392201827ffff>89392201823ffff>8939220183bffff>89392201833ffff>893922018abffff>893922018a3ffff>893922018b3ffff>89392201d4bffff>89392201d43ffff>89392201d5bffff>89392201d53ffff>89392201dcbffff>89392201ddbffff>89392201ca7ffff>8939220036bffff>89392200363ffff>89392200373ffff>8939220037bffff
20,50,0.0031,48,68,49,21.483,60,8939220c683ffff>8939220c697ffff>8939220f12fffff>8939220f127ffff>8939220f123ffff>8939220f137ffff>8939220c4dbffff>8939220c4d3ffff>8939220e26bffff>8939220e27bffff>8939220e247ffff>8939220e243ffff>8939220e257ffff>8939220e2cfffff>8939220e21bffff>8939220e2c7ffff>8939220e28bffff>8939220e283ffff>8939220e293ffff>8939220e62fffff>8939220e627ffff>8939220e053ffff>8939220e0cbffff>8939220e0cfffff>8939220e0c7ffff>8939220e0cfffff>8939220e0c3ffff>8939220e0cbffff>8939220e0dbffff>8939220e637ffff>8939220e6afffff>8939220e6a3ffff>8939220e6bbffff>8939220e687ffff>8939220e683ffff>8939220e693ffff>89392201967ffff>89392201977ffff>8939220190fffff>8939220190bffff>89392201957ffff>89392201953ffff>89392201827ffff>89392201823ffff>8939220183bffff>89392201833ffff>893922018abffff>893922018a3ffff>893922018b3ffff>89392201d4bffff>89392201d43ffff>89392201d5bffff>89392201d53ffff>89392201dcbffff>89392201ddbffff>89392201ca7ffff>8939220036bffff>89392200363ffff>89392200373ffff>8939220037bffff
20,50,0.0031,49,67,41,23.287,65,8939220f167ffff>8939220f12bffff>8939220f167ffff>8939220c69bffff>8939220c683ffff>8939220c693ffff>8939220c697ffff>8939220f12fffff>8939220f127ffff>8939220f123ffff>8939220f137ffff>8939220c4dbffff>8939220c4d3ffff>8939220e26bffff>8939220e27bffff>8939220e247ffff>8939220e243ffff>8939220e257ffff>8939220e2cfffff>8939220e21bffff>8939220e2c7ffff>8939220e28bffff>8939220e283ffff>8939220e293ffff>8939220e62fffff>8939220e627ffff>8939220e053ffff>8939220e0cbffff>8939220e0cfffff>8939220e0c7ffff>8939220e0cfffff>8939220e0c3ffff>8939220e0cbffff>8939220e0dbffff>8939220e637ffff>8939220e0dbffff>8939220e6afffff>8939220e6a3ffff>8939220e6bbffff>8939220e687ffff>8939220e683ffff>8939220e693ffff>89392201967ffff>89392201977ffff>8939220190fffff>8939220190bffff>89392201957ffff>89392201953ffff>89392201827ffff>89392201823ffff>8939220183bffff>89392201833ffff>893922018abffff>893922018a3ffff>893922018b3ffff>89392201d4bffff>89392201d43ffff>89392201d5bffff>89392201d53ffff>89392201dcbffff>89392201ddbffff>89392201ca7ffff>8939220036bffff>89392200363ffff>89392200373ffff
20,50,0.0031,50,67,39,22.2,62,8939220f163ffff>8939220f167ffff>8939220c69bffff>8939220c683ffff>8939220c697ffff>8939220f12fffff>8939220f127ffff>8939220f123ffff>8939220f137ffff>8939220c4dbffff>8939220c4d3ffff>8939220e26bffff>8939220e27bffff>8939220e247ffff>8939220e243ffff>8939220e257ffff>8939220e2cfffff>8939220e21bffff>8939220e2c7ffff>8939220e28bffff>8939220e283ffff>8939220e293ffff>8939220e62fffff>8939220e627ffff>8939220e053ffff>8939220e0cbffff>8939220e0cfffff>8939220e0c7ffff>8939220e0cfffff>8939220e0c3ffff>8939220e0cbffff>8939220e0dbffff>8939220e637ffff>8939220e6afffff>8939220e6a3ffff>8939220e6bbffff>8939220e687ffff>8939220e683ffff>8939220e693ffff>89392201967ffff>89392201977ffff>8939220190fffff>8939220190bffff>89392201957ffff>89392201953ffff>89392201827ffff>89392201823ffff>8939220183bffff>89392201833ffff>893922018abffff>893922018a3ffff>893922018b3ffff>89392201d4bffff>89392201d43ffff>89392201d5bffff>89392201d53ffff>89392201dcbffff>89392201ddbffff>89392201ca7ffff>8939220036bffff>89392200363ffff>89392200373ffff
20,50,0.0031,51,67,37,21.819,61,8939220f397ffff>8939220f15bffff>8939220f027ffff>8939220f037ffff>8939220f1cbffff>8939220f1dbffff>8939220f1d3ffff>8939220f56fffff>8939220f567ffff>8939220f52bffff>8939220f523ffff>8939220f527ffff>8939220e253ffff>8939220e257ffff>8939220e2cfffff>8939220e21bffff>8939220e2c7ffff>8939220e28bffff>8939220e283ffff>8939220e293ffff>8939220e62fffff>8939220e627ffff>8939220e053ffff>8939220e0cbffff>8939220e0cfffff>8939220e0c7ffff>8939220e0cfffff>8939220e0c3ffff>8939220e0cbffff>8939220e0dbffff>8939220e637ffff>8939220e0dbffff>8939220e6afffff>8939220e6a3ffff>8939220e6bbffff>8939220e687ffff>8939220e683ffff>8939220e693ffff>89392201967ffff>89392201977ffff>8939220190fffff>8939220190bffff>89392201957ffff>89392201953ffff>89392201827ffff>89392201823ffff>8939220183bffff>89392201833ffff>893922018abffff>893922018a3ffff>893922018b3ffff>89392201d4bffff>89392201d43ffff>89392201d5bffff>89392201d53ffff>89392201dcbffff>89392201ddbffff>89392201ca7ffff>8939220036bffff>89392200363ffff>89392200373ffff
20,50,0.0031,52,67,36,20.74,58,8939220f1cfffff>8939220f1c3ffff>8939220f1cbffff>8939220f1dbffff>8939220f1d3ffff>8939220f56fffff>8939220f567ffff>8939220f52bffff>8939220f523ffff>8939220f527ffff>8939220e253ffff>8939220e257ffff>8939220e2cfffff>8939220e21bffff>8939220e2c7ffff>8939220e28bffff>8939220e283ffff>8939220e293ffff>8939220e62fffff>8939220e627ffff>8939220e053ffff>8939220e0cbffff>8939220e0cfffff>8939220e0c7ffff>8939220e0cfffff>8939220e0c3ffff>8939220e0cbffff>8939220e0dbffff>8939220e637ffff>8939220e6afffff>8939220e6a3ffff>8939220e6bbffff>8939220e687ffff>8939220e683ffff>8939220e693ffff>89392201967ffff>89392201977ffff>8939220190fffff>8939220190bffff>89392201957ffff>89392201953ffff>89392201827ffff>89392201823ffff>8939220183bffff>89392201833ffff>893922018abffff>893922018a3ffff>893922018b3ffff>89392201d4bffff>89392201d43ffff>89392201d5bffff>89392201d53ffff>89392201dcbffff>89392201ddbffff>89392201ca7ffff>8939220036bffff>89392200363ffff>89392200373ffff
20,50,0.0031,53,66,42,21.832,61,8939220c68bffff>8939220c683ffff>8939220c693ffff>8939220c697ffff>8939220f12fffff>8939220f127ffff>8939220f123ffff>8939220f137ffff>8939220c4dbffff>8939220c4d3ffff>8939220e26bffff>8939220e27bffff>8939220e247ffff>8939220e243ffff>8939220e257ffff>8939220e2cfffff>8939220e21bffff>8939220e2c7ffff>8939220e28bffff>8939220e283ffff>8939220e293ffff>8939220e62fffff>8939220e627ffff>8939220e053ffff>8939220e0cbffff>8939220e0cfffff>8939220e0c7ffff>8939220e0cfffff>8939220e0c3ffff>8939220e0cbffff>8939220e0dbffff>8939220e6afffff>8939220e6a3ffff>8939220e6bbffff>8939220e687ffff>8939220e683ffff>8939220e693ffff>89392201967ffff>89392201977ffff>8939220190fffff>8939220190bffff>89392201957ffff>89392201953ffff>89392201827ffff>89392201823ffff>8939220183bffff>89392201833ffff>893922018abffff>893922018a3ffff>893922018b3ffff>89392201d4bffff>89392201d43ffff>89392201d5bffff>89392201d53ffff>89392201dcbffff>89392201ddbffff>89392201ca7ffff>8939220036bffff>89392200363ffff>89392200373ffff>8939220037bffff
20,50,0.0031,54,66,41,21.432,60,8939220f023ffff>8939220f027ffff>8939220f037ffff>8939220f1cbffff>8939220f1dbffff>8939220f1d3ffff>8939220f56fffff>8939220f567ffff>8939220f52bffff>8939220f523ffff>8939220f527ffff>8939220e253ffff>8939220e257ffff>8939220e2cfffff>8939220e21bffff>8939220e2c7ffff>8939220e28bffff>8939220e283ffff>8939220e293ffff>8939220e62fffff>8939220e627ffff>8939220e053ffff>8939220e0cbffff>8939220e0cfffff>8939220e0c7ffff>8939220e0cfffff>8939220e0c3ffff>8939220e0cbffff>8939220e637ffff>8939220e0dbffff>8939220e6afffff>8939220e6a3ffff>8939220e6bbffff>8939220e687ffff>8939220e683ffff>8939220e693ffff>89392201967ffff>89392201977ffff>8939220190fffff>8939220190bffff>89392201957ffff>89392201953ffff>89392201827ffff>89392201823ffff>8939220183bffff>89392201833ffff>893922018abffff>893922018a3ffff>893922018b3ffff>89392201d4bffff>89392201d43ffff>89392201d5bffff>89392201d53ffff>89392201dcbffff>89392201ddbffff>89392201ca7ffff>8939220036bffff>89392200363ffff>89392200373ffff>8939220037bffff
20,50,0.0031,55,65,40,23.271,65,8939220f167ffff>8939220f12bffff>8939220f177ffff>8939220f163ffff>8939220f167ffff>8939220c69bffff>8939220c683ffff>8939220c693ffff>8939220c697ffff>8939220f12fffff>8939220f127ffff>8939220f123ffff>8939220f137ffff>8939220c4dbffff>8939220c4d3ffff>8939220e26bffff>8939220e27bffff>8939220e247ffff>8939220e243ffff>8939220e257ffff>8939220e2cfffff>8939220e21bffff>8939220e2c7ffff>8939220e28bffff>8939220e283ffff>8939220e293ffff>8939220e62fffff>8939220e627ffff>8939220e053ffff>8939220e0cbffff>8939220e0cfffff>8939220e0c7ffff>8939220e0cfffff>8939220e0c3ffff>8939220e0cbffff>8939220e0dbffff>8939220e6afffff>8939220e6a3ffff>8939220e6bbffff>8939220e687ffff>8939220e683ffff>8939220e693ffff>89392201967ffff>89392201977ffff>8939220190fffff>8939220190bffff>89392201957ffff>89392201953ffff>89392201827ffff>89392201823ffff>8939220183bffff>89392201833ffff>893922018abffff>893922018a3ffff>893922018b3ffff>89392201d4bffff>89392201d43ffff>89392201d5bffff>89392201d53ffff>89392201dcbffff>89392201ddbffff>89392201ca7ffff>8939220036bffff>89392200363ffff>89392200373ffff
20,50,0.0031,56,65,44,22.895,64,8939220f167ffff>8939220c69bffff>8939220c683ffff>8939220c693ffff>8939220c697ffff>8939220f12fffff>8939220f127ffff>8939220f123ffff>8939220f137ffff>8939220c4dbffff>8939220c4d3ffff>8939220e26bffff>8939220e27bffff>8939220e24fffff>8939220e247ffff>8939220e243ffff>8939220e257ffff>8939220e253ffff>8939220e257ffff>8939220e2cfffff>8939220e21bffff>8939220e2c7ffff>8939220e28bffff>8939220e283ffff>8939220e293ffff>8939220e62fffff>8939220e627ffff>8939220e053ffff>8939220e0cbffff>8939220e0cfffff>8939220e0c7ffff>8939220e0cfffff>8939220e0c3ffff>8939220e0cbffff>8939220e0dbffff>8939220e6afffff>8939220e6a3ffff>8939220e6bbffff>8939220e687ffff>8939220e683ffff>8939220e693ffff>89392201967ffff>89392201977ffff>8939220190fffff>8939220190bffff>89392201957ffff>89392201953ffff>89392201827ffff>89392201823ffff>8939220183bffff>89392201833ffff>893922018abffff>893922018a3ffff>893922018b3ffff>89392201d4bffff>89392201d43ffff>89392201d5bffff>89392201d53ffff>89392201dcbffff>89392201ddbffff>89392201ca7ffff>8939220036bffff>89392200363ffff>89392200373ffff
20,50,0.0031,57,65,41,22.538,63,8939220f163ffff>8939220f167ffff>8939220c69bffff>8939220c683ffff>8939220c693ffff>8939220c697ffff>8939220f12fffff>8939220f127ffff>8939220f123ffff>8939220f137ffff>8939220c4dbffff>8939220c4d3ffff>8939220e26bffff>8939220e27bffff>8939220e24fffff>8939220e247ffff>8939220e243ffff>8939220e257ffff>8939220e2cfffff>8939220e21bffff>8939220e2c7ffff>8939220e28bffff>8939220e283ffff>8939220e293ffff>8939220e62fffff>8939220e627ffff>8939220e053ffff>8939220e0cbffff>8939220e0cfffff>8939220e0c7ffff>8939220e0cfffff>8939220e0c3ffff>8939220e0cbffff>8939220e0dbffff>8939220e6afffff>8939220e6a3ffff>8939220e6bbffff>8939220e687ffff>8939220e683ffff>8939220e693ffff>89392201967ffff>89392201977ffff>8939220190fffff>8939220190bffff>89392201957ffff>89392201953ffff>89392201827ffff>89392201823ffff>8939220183bffff>89392201833ffff>893922018abffff>893922018a3ffff>893922018b3ffff>89392201d4bffff>89392201d43ffff>89392201d5bffff>89392201d53ffff>89392201dcbffff>89392201ddbffff>89392201ca7ffff>8939220036bffff>89392200363ffff>89392200373ffff
20,50,0.0031,58,65,41,21.797,61,8939220f023ffff>8939220f027ffff>8939220f037ffff>8939220f1cbffff>8939220f1dbffff>8939220f1d3ffff>8939220f56fffff>8939220f567ffff>8939220f52bffff>8939220f523ffff>8939220f527ffff>8939220e253ffff>8939220e257ffff>8939220e2cfffff>8939220e21bffff>8939220e2c7ffff>8939220e28bffff>8939220e283ffff>8939220e293ffff>8939220e62fffff>8939220e627ffff>8939220e053ffff>8939220e0cbffff>8939220e0cfffff>8939220e0c7ffff>8939220e0cfffff>8939220e0c3ffff>8939220e0cbffff>8939220e0dbffff>8939220e637ffff>8939220e0dbffff>8939220e6afffff>8939220e6a3ffff>8939220e6bbffff>8939220e687ffff>8939220e683ffff>8939220e69bffff>8939220e693ffff>89392201967ffff>89392201977ffff>8939220190fffff>8939220190bffff>89392201957ffff>89392201953ffff>89392201827ffff>89392201823ffff>8939220183bffff>89392201833ffff>893922018abffff>893922018a3ffff>893922018b3ffff>89392201d4bffff>89392201d43ffff>89392201d5bffff>89392201d53ffff>89392201dcbffff>89392201ddbffff>89392201ca7ffff>8939220036bffff>89392200363ffff>89392200373ffff
20,50,0.0031,59,65,31,21.425,60,8939220f027ffff>8939220f023ffff>8939220f027ffff>8939220f037ffff>8939220f1cbffff>8939220f1dbffff>8939220f1d3ffff>8939220f56fffff>8939220f567ffff>8939220f52bffff>8939220f523ffff>8939220f527ffff>8939220e253ffff>8939220e257ffff>8939220e2cfffff>8939220e21bffff>8939220e2c7ffff>8939220e28bffff>8939220e283ffff>8939220e293ffff>8939220e62fffff>8939220e627ffff>8939220e053ffff>8939220e0cbffff>8939220e0cfffff>8939220e0c7ffff>8939220e0cfffff>8939220e0c3ffff>8939220e0cbffff>8939220e0dbffff>8939220e6afffff>8939220e6a3ffff>8939220e6bbffff>8939220e687ffff>8939220e683ffff>8939220e693ffff>89392201967ffff>89392201977ffff>89392201973ffff>8939220190fffff>8939220190bffff>89392201957ffff>89392201953ffff>89392201827ffff>89392201823ffff>8939220183bffff>89392201833ffff>893922018abffff>893922018a3ffff>893922018b3ffff>89392201d4bffff>89392201d43ffff>89392201d5bffff>89392201d53ffff>89392201dcbffff>89392201ddbffff>89392201ca7ffff>8939220036bffff>89392200363ffff>89392200373ffff
20,50,0.0031,60,65,35,21.089,59,8939220f15bffff>8939220f027ffff>8939220f037ffff>8939220f1cbffff>8939220f1dbffff>8939220f1d3ffff>8939220f56fffff>8939220f567ffff>8939220f52bffff>8939220f523ffff>8939220f527ffff>8939220e253ffff>8939220e257ffff>8939220e2cfffff>8939220e21bffff>8939220e2c7ffff>8939220e28bffff>8939220e283ffff>8939220e293ffff>8939220e62fffff>8939220e627ffff>8939220e053ffff>8939220e0cbffff>8939220e0cfffff>8939220e0c7ffff>8939220e0cfffff>8939220e0c3ffff>8939220e0cbffff>8939220e0dbffff>8939220e6afffff>8939220e6a3ffff>8939220e6bbffff>8939220e687ffff>8939220e683ffff>8939220e693ffff>89392201967ffff>89392201977ffff>8939220190fffff>8939220190bffff>89392201957ffff>89392201953ffff>89392201827ffff>89392201823ffff>8939220183bffff>89392201833ffff>893922018abffff>893922018a3ffff>893922018b3ffff>89392201d4bffff>89392201d43ffff>89392201d5bffff>89392201d53ffff>89392201dcbffff>89392201ddbffff>89392201ca7ffff>8939220036bffff>89392200363ffff>89392200373ffff>8939220037bffff
20,50,0.0031,61,65,19,21.07,59,8939220f033ffff>8939220f037ffff>8939220f0afffff>8939220f1dbffff>8939220f0a7ffff>8939220f1d3ffff>8939220f56fffff>8939220f567ffff>8939220f52bffff>8939220f523ffff>8939220f527ffff>8939220e253ffff>8939220e257ffff>8939220e2cfffff>8939220e21bffff>8939220e2c7ffff>8939220e28bffff>8939220e283ffff>8939220e293ffff>8939220e62fffff>8939220e627ffff>8939220e053ffff>8939220e0cbffff>8939220e0cfffff>8939220e0c7ffff>8939220e0cfffff>8939220e0c3ffff>8939220e0cbffff>8939220e0dbffff>8939220e6afffff>8939220e6a3ffff>8939220e6bbffff>8939220e687ffff>8939220e683ffff>8939220e693ffff>89392201967ffff>89392201977ffff>8939220190fffff>8939220190bffff>89392201957ffff>89392201953ffff>89392201827ffff>89392201823ffff>8939220183bffff>89392201833ffff>893922018abffff>893922018a3ffff>893922018b3ffff>89392201d4bffff>89392201d43ffff>89392201d5bffff>89392201d53ffff>89392201dcbffff>89392201ddbffff>89392201ca7ffff>8939220036bffff>89392200363ffff>89392200373ffff>8939220037bffff
20,50,0.0031,62,65,40,20.721,58,8939220f1cbffff>8939220f1cfffff>8939220f1c3ffff>8939220f1cbffff>8939220f1dbffff>8939220f1d3ffff>8939220f56fffff>8939220f567ffff>8939220f52bffff>8939220f523ffff>8939220f527ffff>8939220e253ffff>8939220e257ffff>8939220e2cfffff>8939220e21bffff>8939220e2c7ffff>8939220e28bffff>8939220e283ffff>8939220e293ffff>8939220e62fffff>8939220e627ffff>8939220e053ffff>8939220e0cbffff>8939220e0cfffff>8939220e0c7ffff>8939220e0cfffff>8939220e0c3ffff>8939220e0cbffff>8939220e0dbffff>8939220e6afffff>8939220e6a3ffff>8939220e6bbffff>8939220e687ffff>8939220e683ffff>8939220e693ffff>89392201967ffff>89392201977ffff>8939220190fffff>8939220190bffff>89392201957ffff>89392201953ffff>89392201827ffff>89392201823ffff>8939220183bffff>89392201833ffff>893922018abffff>893922018a3ffff>893922018b3ffff>89392201d4bffff>89392201d43ffff>89392201d5bffff>89392201d53ffff>89392201dcbffff>89392201ddbffff>89392201ca7ffff>8939220036bffff>89392200363ffff>89392200373ffff
20,50,0.0031,63,64,42,21.8,61,8939220f027ffff>8939220f023ffff>8939220f027ffff>8939220f037ffff>8939220f1cbffff>8939220f1dbffff>8939220f1d3ffff>8939220f56fffff>8939220f567ffff>8939220f52bffff>8939220f523ffff>8939220f527ffff>8939220e253ffff>8939220e257ffff>8939220e2cfffff>8939220e21bffff>8939220e2c7ffff>8939220e28bffff>8939220e283ffff>8939220e293ffff>8939220e62fffff>8939220e627ffff>8939220e053ffff>8939220e0cbffff>8939220e0cfffff>8939220e0c7ffff>8939220e0cfffff>8939220e0c3ffff>8939220e0cbffff>8939220e0dbffff>8939220e637ffff>8939220e6afffff>8939220e6a3ffff>8939220e6bbffff>8939220e687ffff>8939220e683ffff>8939220e69bffff>8939220e693ffff>89392201967ffff>89392201977ffff>8939220190fffff>8939220190bffff>89392201957ffff>89392201953ffff>89392201827ffff>89392201823ffff>8939220183bffff>89392201833ffff>893922018abffff>893922018a3ffff>893922018b3ffff>89392201d4bffff>89392201d43ffff>89392201d5bffff>89392201d53ffff>89392201dcbffff>89392201ddbffff>89392201ca7ffff>8939220036bffff>89392200363ffff>89392200373ffff
20,50,0.0031,64,63,18,23.628,66,8939220f397ffff>8939220f14bffff>8939220f143ffff>8939220f14fffff>8939220f17bffff>8939220f163ffff>8939220f167ffff>8939220c69bffff>8939220c683ffff>8939220c697ffff>8939220f12fffff>8939220f127ffff>8939220f123ffff>8939220f137ffff>8939220c4dbffff>8939220c4d3ffff>8939220e26bffff>8939220e27bffff>8939220e247ffff>8939220e243ffff>8939220e257ffff>8939220e2cfffff>8939220e21bffff>8939220e2c7ffff>8939220e28bffff>8939220e283ffff>8939220e293ffff>8939220e62fffff>8939220e627ffff>8939220e053ffff>8939220e0cbffff>8939220e0cfffff>8939220e0c7ffff>8939220e0cfffff>8939220e0c3ffff>8939220e0cbffff>8939220e0dbffff>8939220e6afffff>8939220e6a3ffff>8939220e6bbffff>8939220e687ffff>8939220e683ffff>8939220e693ffff>89392201967ffff>89392201977ffff>8939220190fffff>8939220190bffff>89392201957ffff>89392201953ffff>89392201827ffff>89392201823ffff>8939220183bffff>89392201833ffff>893922018abffff>893922018a3ffff>893922018b3ffff>89392201d4bffff>89392201d43ffff>89392201d5bffff>89392201d53ffff>89392201dcbffff>89392201ddbffff>89392201ca7ffff>8939220036bffff>89392200363ffff>89392200373ffff
20,50,0.0031,65,63,39,22.538,63,8939220f163ffff>8939220f167ffff>8939220c69bffff>8939220c683ffff>8939220c697ffff>8939220f12fffff>8939220f127ffff>8939220f123ffff>8939220f137ffff>8939220c4dbffff>8939220c4d3ffff>8939220e26bffff>8939220e27bffff>8939220e247ffff>8939220e243ffff>8939220e257ffff>8939220e253ffff>8939220e257ffff>8939220e2cfffff>8939220e21bffff>8939220e2c7ffff>8939220e28bffff>8939220e283ffff>8939220e293ffff>8939220e62fffff>8939220e627ffff>8939220e053ffff>8939220e0cbffff>8939220e0cfffff>8939220e0c7ffff>8939220e0cfffff>8939220e0c3ffff>8939220e0cbffff>8939220e0dbffff>8939220e6afffff>8939220e6a3ffff>8939220e6bbffff>8939220e687ffff>8939220e683ffff>8939220e693ffff>89392201967ffff>89392201977ffff>8939220190fffff>8939220190bffff>89392201957ffff>89392201953ffff>89392201827ffff>89392201823ffff>8939220183bffff>89392201833ffff>893922018abffff>893922018a3ffff>893922018b3ffff>89392201d4bffff>89392201d43ffff>89392201d5bffff>89392201d53ffff>89392201dcbffff>89392201ddbffff>89392201ca7ffff>8939220036bffff>89392200363ffff>89392200373ffff
20,50,0.0031,66,63,50,20.729,58,8939220f10bffff>8939220f103ffff>8939220f117ffff>8939220f1bbffff>8939220f1b3ffff>8939220f1b7ffff>8939220e24fffff>8939220e27bffff>8939220e247ffff>8939220e243ffff>8939220e257ffff>8939220e2cfffff>8939220e21bffff>8939220e2c7ffff>8939220e28bffff>8939220e283ffff>8939220e293ffff>8939220e62fffff>8939220e627ffff>8939220e053ffff>8939220e0cbffff>8939220e0cfffff>8939220e0c7ffff>8939220e0cfffff>8939220e0c3ffff>8939220e0cbffff>8939220e0dbffff>8939220e637ffff>8939220e0dbffff>8939220e6afffff>8939220e6a3ffff>8939220e6bbffff>8939220e687ffff>8939220e683ffff>8939220e693ffff>89392201967ffff>89392201977ffff>8939220190fffff>8939220190bffff>89392201957ffff>89392201953ffff>89392201827ffff>89392201823ffff>8939220183bffff>89392201833ffff>893922018abffff>893922018a3ffff>893922018b3ffff>89392201d4bffff>89392201d43ffff>89392201d5bffff>89392201d53ffff>89392201dcbffff>89392201ddbffff>89392201ca7ffff>8939220036bffff>89392200363ffff>89392200373ffff
20,50,0.0031,67,62,21,23.631,66,8939220f14bffff>8939220f143ffff>8939220f14fffff>8939220f17bffff>8939220f163ffff>8939220f167ffff>8939220c69bffff>8939220c683ffff>8939220c693ffff>8939220c697ffff>8939220f12fffff>8939220f127ffff>8939220f123ffff>8939220f137ffff>8939220c4dbffff>8939220c4d3ffff>8939220e26bffff>8939220e27bffff>8939220e247ffff>8939220e243ffff>8939220e257ffff>8939220e2cfffff>8939220e21bffff>8939220e2c7ffff>8939220e28bffff>8939220e283ffff>8939220e293ffff>8939220e62fffff>8939220e627ffff>8939220e053ffff>8939220e0cbffff>8939220e0cfffff>8939220e0c7ffff>8939220e0cfffff>8939220e0c3ffff>8939220e0cbffff>8939220e0dbffff>8939220e6afffff>8939220e6a3ffff>8939220e6bbffff>8939220e687ffff>8939220e683ffff>8939220e693ffff>89392201967ffff>89392201977ffff>8939220190fffff>8939220190bffff>89392201957ffff>89392201953ffff>89392201827ffff>89392201823ffff>8939220183bffff>89392201833ffff>893922018abffff>893922018a3ffff>893922018b3ffff>89392201d4bffff>89392201d43ffff>89392201d5bffff>89392201d53ffff>89392201dcbffff>89392201ddbffff>89392201ca7ffff>8939220036bffff>89392200363ffff>89392200373ffff
20,50,0.0031,68,62,52,22.546,63,8939220c683ffff>8939220c693ffff>8939220c697ffff>8939220f12fffff>8939220f127ffff>8939220f123ffff>8939220f137ffff>8939220c4dbffff>8939220c4d3ffff>8939220e26bffff>8939220e27bffff>8939220e24fffff>8939220e247ffff>8939220e243ffff>8939220e257ffff>8939220e253ffff>8939220e257ffff>8939220e2cfffff>8939220e21bffff>8939220e2c7ffff>8939220e28bffff>8939220e283ffff>8939220e293ffff>8939220e62fffff>8939220e627ffff>8939220e053ffff>8939220e0cbffff>8939220e0cfffff>8939220e0c7ffff>8939220e0cfffff>8939220e0c3ffff>8939220e0cbffff>8939220e0dbffff>8939220e637ffff>8939220e6afffff>8939220e6a3ffff>8939220e6bbffff>8939220e687ffff>8939220e683ffff>8939220e693ffff>89392201967ffff>89392201977ffff>8939220190fffff>8939220190bffff>89392201957ffff>89392201953ffff>89392201827ffff>89392201823ffff>8939220183bffff>89392201833ffff>893922018abffff>893922018a3ffff>893922018b3ffff>89392201d4bffff>89392201d43ffff>89392201d5bffff>89392201d53ffff>89392201dcbffff>89392201ddbffff>89392201ca7ffff>8939220036bffff>89392200363ffff>89392200373ffff
20,50,0.0031,69,62,27,22.163,62,8939220f007ffff>8939220f017ffff>8939220f0abffff>8939220f0bbffff>8939220f0a3ffff>8939220f0afffff>8939220f1dbffff>8939220f0a7ffff>8939220f1d3ffff>8939220f56fffff>8939220f567ffff>8939220f52bffff>8939220f523ffff>8939220f527ffff>8939220e253ffff>8939220e257ffff>8939220e2cfffff>8939220e21bffff>8939220e2c7ffff>8939220e28bffff>8939220e283ffff>8939220e293ffff>8939220e62fffff>8939220e627ffff>8939220e053ffff>8939220e0cbffff>8939220e0cfffff>8939220e0c7ffff>8939220e0cfffff>8939220e0c3ffff>8939220e0cbffff>8939220e0dbffff>8939220e6afffff>8939220e6a3ffff>8939220e6bbffff>8939220e687ffff>8939220e683ffff>8939220e693ffff>89392201967ffff>89392201977ffff>8939220190fffff>8939220190bffff>89392201957ffff>89392201953ffff>89392201827ffff>89392201823ffff>8939220183bffff>89392201833ffff>893922018abffff>893922018a3ffff>893922018b3ffff>89392201d4bffff>89392201d43ffff>89392201d5bffff>89392201d53ffff>89392201dcbffff>89392201ddbffff>89392201ca7ffff>8939220036bffff>89392200363ffff>89392200373ffff>8939220037bffff
20,50,0.0031,70,62,31,21.432,60,8939220f023ffff>8939220f027ffff>8939220f037ffff>8939220f1cbffff>8939220f1dbffff>8939220f1d3ffff>8939220f56fffff>8939220f567ffff>8939220f52bffff>8939220f523ffff>8939220f527ffff>8939220e253ffff>8939220e257ffff>8939220e2cfffff>8939220e21bffff>8939220e2c7ffff>8939220e28bffff>8939220e283ffff>8939220e293ffff>8939220e62fffff>8939220e627ffff>8939220e053ffff>8939220e0cbffff>8939220e0cfffff>8939220e0c7ffff>8939220e0cfffff>8939220e0c3ffff>8939220e0cbffff>8939220e0dbffff>8939220e6afffff>8939220e6a3ffff>8939220e6bbffff>8939220e687ffff>8939220e683ffff>8939220e69bffff>8939220e693ffff>89392201967ffff>89392201977ffff>8939220190fffff>8939220190bffff>89392201957ffff>89392201953ffff>89392201827ffff>89392201823ffff>8939220183bffff>89392201833ffff>893922018abffff>893922018a3ffff>893922018b3ffff>89392201d4bffff>89392201d43ffff>89392201d5bffff>89392201d53ffff>89392201dcbffff>89392201ddbffff>89392201ca7ffff>8939220036bffff>89392200363ffff>89392200373ffff>8939220037bffff
20,50,0.0031,71,62,24,21.091,59,8939220f157ffff>8939220f10bffff>8939220f103ffff>8939220f117ffff>8939220f1bbffff>8939220f1b3ffff>8939220f1b7ffff>8939220f1a7ffff>8939220c4d3ffff>8939220e26bffff>8939220e27bffff>8939220e247ffff>8939220e243ffff>8939220e257ffff>8939220e2cfffff>8939220e21bffff>8939220e2c7ffff>8939220e28bffff>8939220e283ffff>8939220e293ffff>8939220e62fffff>8939220e627ffff>8939220e053ffff>8939220e0cbffff>8939220e0cfffff>8939220e0c7ffff>8939220e0cfffff>8939220e0c3ffff>8939220e0cbffff>8939220e0dbffff>8939220e6afffff>8939220e6a3ffff>8939220e6bbffff>8939220e687ffff>8939220e683ffff>8939220e693ffff>89392201967ffff>89392201977ffff>8939220190fffff>8939220190bffff>89392201957ffff>89392201953ffff>89392201827ffff>89392201823ffff>8939220183bffff>89392201833ffff>893922018abffff>893922018a3ffff>893922018b3ffff>89392201d4bffff>89392201d43ffff>89392201d5bffff>89392201d53ffff>89392201dcbffff>89392201ddbffff>89392201ca7ffff>8939220036bffff>89392200363ffff>89392200373ffff
20,50,0.0031,72,61,47,22.911,64,8939220f167ffff>8939220c69bffff>8939220c683ffff>8939220c693ffff>8939220c697ffff>8939220f12fffff>8939220f127ffff>8939220f123ffff>8939220f137ffff>8939220c4dbffff>8939220c4d3ffff>8939220e26bffff>8939220e27bffff>8939220e24fffff>8939220e247ffff>8939220e243ffff>8939220e257ffff>8939220e2cfffff>8939220e21bffff>8939220e2c7ffff>8939220e28bffff>8939220e283ffff>8939220e293ffff>8939220e62fffff>8939220e627ffff>8939220e053ffff>8939220e0cbffff>8939220e0cfffff>8939220e0c7ffff>8939220e0cfffff>8939220e0c3ffff>8939220e0cbffff>8939220e0dbffff>8939220e637ffff>8939220e0dbffff>8939220e6afffff>8939220e6a3ffff>8939220e6bbffff>8939220e687ffff>8939220e683ffff>8939220e693ffff>89392201967ffff>89392201977ffff>8939220190fffff>8939220190bffff>89392201957ffff>89392201953ffff>89392201827ffff>89392201823ffff>8939220183bffff>89392201833ffff>893922018abffff>893922018a3ffff>893922018b3ffff>89392201d4bffff>89392201d43ffff>89392201d5bffff>89392201d53ffff>89392201dcbffff>89392201ddbffff>89392201ca7ffff>8939220036bffff>89392200363ffff>89392200373ffff
20,50,0.0031,73,61,10,22.536,63,8939220f027ffff>8939220f023ffff>8939220f02bffff>8939220f02fffff>8939220f023ffff>8939220f027ffff>8939220f037ffff>8939220f1cbffff>8939220f1dbffff>8939220f1d3ffff>8939220f56fffff>8939220f567ffff>8939220f52bffff>8939220f523ffff>8939220f527ffff>8939220e253ffff>8939220e257ffff>8939220e2cfffff>8939220e21bffff>8939220e2c7ffff>8939220e28bffff>8939220e283ffff>8939220e293ffff>8939220e62fffff>8939220e627ffff>8939220e053ffff>8939220e0cbffff>8939220e0cfffff>8939220e0c7ffff>8939220e0cfffff>8939220e0c3ffff>8939220e0cbffff>8939220e0dbffff>8939220e637ffff>8939220e6afffff>8939220e6a3ffff>8939220e6bbffff>8939220e687ffff>8939220e683ffff>8939220e693ffff>89392201967ffff>89392201977ffff>8939220190fffff>8939220190bffff>89392201957ffff>89392201953ffff>89392201827ffff>89392201823ffff>8939220183bffff>89392201833ffff>893922018abffff>893922018a3ffff>893922018b3ffff>89392201d4bffff>89392201d43ffff>89392201d5bffff>89392201d53ffff>89392201dcbffff>89392201ddbffff>89392201ca7ffff>8939220036bffff>89392200363ffff>89392200373ffff
20,50,0.0031,74,61,42,22.181,62,8939220f167ffff>8939220c69bffff>8939220c683ffff>8939220c693ffff>8939220c697ffff>8939220f12fffff>8939220f127ffff>8939220f123ffff>8939220f137ffff>8939220c4dbffff>8939220c4d3ffff>8939220e26bffff>8939220e27bffff>8939220e247ffff>8939220e243ffff>8939220e257ffff>8939220e2cfffff>8939220e21bffff>8939220e2c7ffff>8939220e28bffff>8939220e283ffff>8939220e293ffff>8939220e62fffff>8939220e627ffff>8939220e053ffff>8939220e0cbffff>8939220e0cfffff>8939220e0c7ffff>8939220e0cfffff>8939220e0c3ffff>8939220e0cbffff>8939220e637ffff>8939220e0dbffff>8939220e6afffff>8939220e6a3ffff>8939220e6bbffff>8939220e687ffff>8939220e683ffff>8939220e693ffff>89392201967ffff>89392201977ffff>8939220190fffff>8939220190bffff>89392201957ffff>89392201953ffff>89392201827ffff>89392201823ffff>8939220183bffff>89392201833ffff>893922018abffff>893922018a3ffff>893922018b3ffff>89392201d4bffff>89392201d43ffff>89392201d5bffff>89392201d53ffff>89392201dcbffff>89392201ddbffff>89392201ca7ffff>8939220036bffff>89392200363ffff>89392200373ffff
20,50,0.0031,75,61,43,21.462,60,8939220c697ffff>8939220f12fffff>8939220f127ffff>8939220f123ffff>8939220f137ffff>8939220c4dbffff>8939220c4d3ffff>8939220e26bffff>8939220e27bffff>8939220e247ffff>8939220e243ffff>8939220e257ffff>8939220e2cfffff>8939220e21bffff>8939220e2c7ffff>8939220e28bffff>8939220e283ffff>8939220e293ffff>8939220e62fffff>8939220e627ffff>8939220e053ffff>8939220e0cbffff>8939220e0cfffff>8939220e0c7ffff>8939220e0cfffff>8939220e0c3ffff>8939220e0cbffff>8939220e0dbffff>8939220e637ffff>8939220e0dbffff>8939220e6afffff>8939220e6a3ffff>8939220e6bbffff>8939220e687ffff>8939220e683ffff>8939220e69bffff>8939220e693ffff>89392201967ffff>89392201977ffff>8939220190fffff>8939220190bffff>89392201957ffff>89392201953ffff>89392201827ffff>89392201823ffff>8939220183bffff>89392201833ffff>893922018abffff>893922018a3ffff>893922018b3ffff>89392201d4bffff>89392201d43ffff>89392201d5bffff>89392201d53ffff>89392201dcbffff>89392201ddbffff>89392201ca7ffff>8939220036bffff>89392200363ffff>89392200373ffff
20,50,0.0031,76,61,42,20.71,58,8939220f027ffff>8939220f023ffff>8939220f027ffff>8939220f037ffff>8939220f1dbffff>8939220f1d3ffff>8939220f56fffff>8939220f567ffff>8939220f52bffff>8939220f523ffff>8939220f527ffff>8939220e253ffff>8939220e257ffff>8939220e2cfffff>8939220e21bffff>8939220e2c7ffff>8939220e28bffff>8939220e283ffff>8939220e293ffff>8939220e62fffff>8939220e627ffff>8939220e053ffff>8939220e0cbffff>8939220e0cfffff>8939220e0c7ffff>8939220e0cfffff>8939220e0c3ffff>8939220e0cbffff>8939220e0dbffff>8939220e6afffff>8939220e6a3ffff>8939220e6bbffff>8939220e687ffff>8939220e683ffff>8939220e693ffff>89392201967ffff>89392201977ffff>8939220190fffff>8939220190bffff>89392201957ffff>89392201953ffff>89392201827ffff>89392201823ffff>8939220183bffff>89392201833ffff>893922018abffff>893922018a3ffff>893922018b3ffff>89392201d4bffff>89392201d43ffff>89392201d5bffff>89392201d53ffff>89392201dcbffff>89392201ddbffff>89392201ca7ffff>8939220036bffff>89392200363ffff>89392200373ffff
20,50,0.0031,77,60,47,22.906,64,8939220f12bffff>8939220f167ffff>8939220c69bffff>8939220c683ffff>8939220c693ffff>8939220c697ffff>8939220f12fffff>8939220f127ffff>8939220f123ffff>8939220f137ffff>8939220c4dbffff>8939220c4d3ffff>8939220e26bffff>8939220e27bffff>8939220e247ffff>8939220e243ffff>8939220e257ffff>8939220e253ffff>8939220e257ffff>8939220e2cfffff>8939220e21bffff>8939220e2c7ffff>8939220e28bffff>8939220e283ffff>8939220e293ffff>8939220e62fffff>8939220e627ffff>8939220e053ffff>8939220e0cbffff>8939220e0cfffff>8939220e0c7ffff>8939220e0cfffff>8939220e0c3ffff>8939220e0cbffff>8939220e0dbffff>8939220e6afffff>8939220e6a3ffff>8939220e6bbffff>8939220e687ffff>8939220e683ffff>8939220e693ffff>89392201967ffff>89392201977ffff>8939220190fffff>8939220190bffff>89392201957ffff>89392201953ffff>89392201827ffff>89392201823ffff>8939220183bffff>89392201833ffff>893922018abffff>893922018a3ffff>893922018b3ffff>89392201d4bffff>89392201d43ffff>89392201d5bffff>89392201d53ffff>89392201dcbffff>89392201ddbffff>89392201ca7ffff>8939220036bffff>89392200363ffff>89392200373ffff
20,50,0.0031,78,60,41,21.097,59,8939220f02fffff>8939220f027ffff>8939220f037ffff>8939220f1cbffff>8939220f1dbffff>8939220f1d3ffff>8939220f56fffff>8939220f567ffff>8939220f52bffff>8939220f523ffff>8939220f527ffff>8939220e253ffff>8939220e257ffff>8939220e2cfffff>8939220e21bffff>8939220e2c7ffff>8939220e28bffff>8939220e283ffff>8939220e293ffff>8939220e62fffff>8939220e627ffff>8939220e053ffff>8939220e0cbffff>8939220e0cfffff>8939220e0c7ffff>8939220e0cfffff>8939220e0c3ffff>8939220e0cbffff>8939220e0dbffff>8939220e637ffff>8939220e6afffff>8939220e6a3ffff>8939220e6bbffff>8939220e687ffff>8939220e683ffff>8939220e693ffff>89392201967ffff>89392201977ffff>8939220190fffff>8939220190bffff>89392201957ffff>89392201953ffff>89392201827ffff>89392201823ffff>8939220183bffff>89392201833ffff>893922018abffff>893922018a3ffff>893922018b3ffff>89392201d4bffff>89392201d43ffff>89392201d5bffff>89392201d53ffff>89392201dcbffff>89392201ddbffff>89392201ca7ffff>8939220036bffff>89392200363ffff>89392200373ffff
20,50,0.0031,79,60,19,21.038,59,8939220f407ffff>8939220f4abffff>8939220f4afffff>8939220f5dbffff>8939220f5c3ffff>8939220f5c7ffff>8939220f513ffff>8939220f517ffff>8939220f5abffff>8939220f533ffff>8939220f523ffff>8939220f527ffff>8939220e253ffff>8939220e257ffff>8939220e2cfffff>8939220e21bffff>8939220e2c7ffff>8939220e28bffff>8939220e283ffff>8939220e293ffff>8939220e62fffff>8939220e627ffff>8939220e053ffff>8939220e0cbffff>8939220e0cfffff>8939220e0c7ffff>8939220e0cfffff>8939220e0c3ffff>8939220e0cbffff>8939220e0dbffff>8939220e6afffff>8939220e6a3ffff>8939220e6bbffff>8939220e687ffff>8939220e683ffff>8939220e693ffff>89392201967ffff>89392201977ffff>8939220190fffff>8939220190bffff>89392201957ffff>89392201953ffff>89392201827ffff>89392201823ffff>8939220183bffff>89392201833ffff>893922018abffff>893922018a3ffff>893922018b3ffff>89392201d4bffff>89392201d43ffff>89392201d5bffff>89392201d53ffff>89392201dcbffff>89392201ddbffff>89392201ca7ffff>8939220036bffff>89392200363ffff>89392200373ffff
20,50,0.0031,80,60,47,20.742,58,8939220c683ffff>8939220c693ffff>8939220c697ffff>8939220f12fffff>8939220f127ffff>8939220f123ffff>8939220f137ffff>8939220c4dbffff>8939220c4d3ffff>8939220e26bffff>8939220e27bffff>8939220e247ffff>8939220e243ffff>8939220e257ffff>8939220e2cfffff>8939220e2c7ffff>8939220e28bffff>8939220e283ffff>8939220e293ffff>8939220e62fffff>8939220e627ffff>8939220e053ffff>8939220e0cbffff>8939220e0cfffff>8939220e0c7ffff>8939220e0cfffff>8939220e0c3ffff>8939220e0cbffff>8939220e0dbffff>8939220e6afffff>8939220e6a3ffff>8939220e6bbffff>8939220e687ffff>8939220e683ffff>8939220e693ffff>89392201967ffff>89392201977ffff>8939220190fffff>8939220190bffff>89392201957ffff>89392201953ffff>89392201827ffff>89392201823ffff>8939220183bffff>89392201833ffff>893922018abffff>893922018a3ffff>893922018b3ffff>89392201d4bffff>89392201d43ffff>89392201d5bffff>89392201d53ffff>89392201dcbffff>89392201ddbffff>89392201ca7ffff>8939220036bffff>89392200363ffff>89392200373ffff
20,50,0.0031,81,60,31,20.729,58,8939220f023ffff>8939220f027ffff>8939220f037ffff>8939220f1cbffff>8939220f1dbffff>8939220f1d3ffff>8939220f56fffff>8939220f567ffff>8939220f52bffff>8939220f523ffff>8939220f527ffff>8939220e253ffff>8939220e257ffff>8939220e2cfffff>8939220e2c7ffff>8939220e28bffff>8939220e283ffff>8939220e293ffff>8939220e62fffff>8939220e627ffff>8939220e053ffff>8939220e0cbffff>8939220e0cfffff>8939220e0c7ffff>8939220e0cfffff>8939220e0c3ffff>8939220e0cbffff>8939220e0dbffff>8939220e637ffff>8939220e6afffff>8939220e6a3ffff>8939220e6bbffff>8939220e687ffff>8939220e683ffff>8939220e693ffff>89392201967ffff>89392201977ffff>8939220190fffff>8939220190bffff>89392201957ffff>89392201953ffff>89392201827ffff>89392201823ffff>8939220183bffff>89392201833ffff>893922018abffff>893922018a3ffff>893922018b3ffff>89392201d4bffff>89392201d43ffff>89392201d5bffff>89392201d53ffff>89392201dcbffff>89392201ddbffff>89392201ca7ffff>8939220036bffff>89392200363ffff>89392200373ffff
20,50,0.0031,82,59,48,25.827,72,8939220f393ffff>8939220f383ffff>8939220f397ffff>8939220f387ffff>8939220f3b3ffff>8939220f3a3ffff>8939220f3a7ffff>8939220c6d3ffff>8939220f16fffff>8939220c69bffff>8939220c68bffff>8939220c683ffff>8939220c693ffff>8939220c697ffff>8939220f12fffff>8939220f127ffff>8939220f123ffff>8939220f137ffff>8939220c4dbffff>8939220c4d3ffff>8939220e26bffff>8939220e27bffff>8939220e247ffff>8939220e243ffff>8939220e257ffff>8939220e2cfffff>8939220e21bffff>8939220e2c7ffff>8939220e28bffff>8939220e283ffff>8939220e293ffff>8939220e62fffff>8939220e627ffff>8939220e053ffff>8939220e0cbffff>8939220e0cfffff>8939220e0c7ffff>8939220e0cfffff>8939220e0c3ffff>8939220e0cbffff>8939220e0dbffff>8939220e637ffff>8939220e0dbffff>8939220e6afffff>8939220e6a3ffff>8939220e6bbffff>8939220e687ffff>8939220e683ffff>8939220e693ffff>89392201967ffff>89392201977ffff>8939220190fffff>8939220190bffff>89392201957ffff>89392201953ffff>89392201827ffff>89392201823ffff>8939220183bffff>89392201833ffff>893922018abffff>893922018a3ffff>893922018b3ffff>89392201d4bffff>89392201d43ffff>89392201d5bffff>89392201d53ffff>89392201dcbffff>89392201ddbffff>89392201ca7ffff>8939220036bffff>89392200363ffff>89392200373ffff
20,50,0.0031,83,59,42,23.271,65,8939220f167ffff>8939220c69bffff>8939220c683ffff>8939220c693ffff>8939220c697ffff>8939220f12fffff>8939220f127ffff>8939220f123ffff>8939220f137ffff>8939220c4dbffff>8939220c4d3ffff>8939220e26bffff>8939220e27bffff>8939220e247ffff>8939220e243ffff>8939220e257ffff>8939220e253ffff>8939220e257ffff>8939220e2cfffff>8939220e21bffff>8939220e2c7ffff>8939220e28bffff>8939220e283ffff>8939220e293ffff>8939220e62fffff>8939220e627ffff>8939220e053ffff>8939220e0cbffff>8939220e0cfffff>8939220e0c7ffff>8939220e0cfffff>8939220e0c3ffff>8939220e0cbffff>8939220e0dbffff>8939220e637ffff>8939220e0dbffff>8939220e6afffff>8939220e6a3ffff>8939220e6bbffff>8939220e687ffff>8939220e683ffff>8939220e693ffff>89392201967ffff>89392201977ffff>8939220190fffff>8939220190bffff>89392201957ffff>89392201953ffff>89392201827ffff>89392201823ffff>8939220183bffff>89392201833ffff>893922018abffff>893922018a3ffff>893922018b3ffff>89392201d4bffff>89392201d43ffff>89392201d5bffff>89392201d53ffff>89392201dcbffff>89392201ddbffff>89392201ca7ffff>8939220036bffff>89392200363ffff>89392200373ffff
20,50,0.0031,84,59,39,22.181,62,8939220c683ffff>8939220c693ffff>8939220c697ffff>8939220f12fffff>8939220f127ffff>8939220f123ffff>8939220f137ffff>8939220c4dbffff>8939220c4d3ffff>8939220e26bffff>8939220e27bffff>8939220e247ffff>8939220e243ffff>8939220e257ffff>8939220e253ffff>8939220e257ffff>8939220e2cfffff>8939220e21bffff>8939220e2c7ffff>8939220e28bffff>8939220e283ffff>8939220e293ffff>8939220e62fffff>8939220e627ffff>8939220e053ffff>8939220e0cbffff>8939220e0cfffff>8939220e0c7ffff>8939220e0cfffff>8939220e0c3ffff>8939220e0cbffff>8939220e0dbffff>8939220e6afffff>8939220e6a3ffff>8939220e6bbffff>8939220e687ffff>8939220e683ffff>8939220e693ffff>89392201967ffff>89392201977ffff>8939220190fffff>8939220190bffff>89392201957ffff>89392201953ffff>89392201827ffff>89392201823ffff>8939220183bffff>89392201833ffff>893922018abffff>893922018a3ffff>893922018b3ffff>89392201d4bffff>89392201d43ffff>89392201d5bffff>89392201d53ffff>89392201dcbffff>89392201ddbffff>89392201ca7ffff>8939220036bffff>89392200363ffff>89392200373ffff>8939220037bffff
20,50,0.0031,85,59,38,21.446,60,8939220c697ffff>8939220f12fffff>8939220f127ffff>8939220f123ffff>8939220f137ffff>8939220c4dbffff>8939220c4d3ffff>8939220e26bffff>8939220e27bffff>8939220e247ffff>8939220e243ffff>8939220e257ffff>8939220e253ffff>8939220e257ffff>8939220e2cfffff>8939220e21bffff>8939220e2c7ffff>8939220e28bffff>8939220e283ffff>8939220e293ffff>8939220e62fffff>8939220e627ffff>8939220e053ffff>8939220e0cbffff>8939220e0cfffff>8939220e0c7ffff>8939220e0cfffff>8939220e0c3ffff>8939220e0cbffff>8939220e0dbffff>8939220e6afffff>8939220e6a3ffff>8939220e6bbffff>8939220e687ffff>8939220e683ffff>8939220e69bffff>8939220e693ffff>89392201967ffff>89392201977ffff>8939220190fffff>8939220190bffff>89392201957ffff>89392201953ffff>89392201827ffff>89392201823ffff>8939220183bffff>89392201833ffff>893922018abffff>893922018a3ffff>893922018b3ffff>89392201d4bffff>89392201d43ffff>89392201d5bffff>89392201d53ffff>89392201dcbffff>89392201ddbffff>89392201ca7ffff>8939220036bffff>89392200363ffff>89392200373ffff
20,50,0.0031,86,59,35,21.081,59,8939220f143ffff>8939220f147ffff>8939220f157ffff>8939220f10bffff>8939220f103ffff>8939220f117ffff>8939220f1bbffff>8939220f1b3ffff>8939220f1b7ffff>8939220e24fffff>8939220e27bffff>8939220e247ffff>8939220e243ffff>8939220e257ffff>8939220e2cfffff>8939220e21bffff>8939220e2c7ffff>8939220e28bffff>8939220e283ffff>8939220e293ffff>8939220e62fffff>8939220e627ffff>8939220e053ffff>8939220e0cbffff>8939220e0cfffff>8939220e0c7ffff>8939220e0cfffff>8939220e0c3ffff>8939220e0cbffff>8939220e0dbffff>8939220e6afffff>8939220e6a3ffff>8939220e6bbffff>8939220e687ffff>8939220e683ffff>8939220e693ffff>89392201967ffff>89392201977ffff>8939220190fffff>8939220190bffff>89392201957ffff>89392201953ffff>89392201827ffff>89392201823ffff>8939220183bffff>89392201833ffff>893922018abffff>893922018a3ffff>893922018b3ffff>89392201d4bffff>89392201d43ffff>89392201d5bffff>89392201d53ffff>89392201dcbffff>89392201ddbffff>89392201ca7ffff>8939220036bffff>89392200363ffff>89392200373ffff
20,50,0.0031,87,58,20,24.001,67,8939220f14bffff>8939220f143ffff>8939220f14fffff>8939220f17bffff>8939220f163ffff>8939220f167ffff>8939220c69bffff>8939220c683ffff>8939220c697ffff>8939220f12fffff>8939220f127ffff>8939220f123ffff>8939220f137ffff>8939220c4dbffff>8939220c4d3ffff>8939220e26bffff>8939220e27bffff>8939220e247ffff>8939220e243ffff>8939220e257ffff>8939220e2cfffff>8939220e21bffff>8939220e2c7ffff>8939220e28bffff>8939220e283ffff>8939220e293ffff>8939220e62fffff>8939220e627ffff>8939220e053ffff>8939220e0cbffff>8939220e0cfffff>8939220e0c7ffff>8939220e0cfffff>8939220e0c3ffff>8939220e0cbffff>8939220e0dbffff>8939220e637ffff>8939220e0dbffff>8939220e6afffff>8939220e6a3ffff>8939220e6bbffff>8939220e687ffff>8939220e683ffff>8939220e693ffff>89392201967ffff>89392201977ffff>8939220190fffff>8939220190bffff>89392201957ffff>89392201953ffff>89392201827ffff>89392201823ffff>8939220183bffff>89392201833ffff>893922018abffff>893922018a3ffff>893922018b3ffff>89392201d4bffff>89392201d43ffff>89392201d5bffff>89392201d53ffff>89392201dcbffff>89392201ddbffff>89392201ca7ffff>8939220036bffff>89392200363ffff>89392200373ffff
20,50,0.0031,88,58,38,22.157,62,8939220f023ffff>8939220f027ffff>8939220f037ffff>8939220f1cbffff>8939220f037ffff>8939220f1cbffff>8939220f1dbffff>8939220f1d3ffff>8939220f56fffff>8939220f567ffff>8939220f52bffff>8939220f523ffff>8939220f527ffff>8939220e253ffff>8939220e257ffff>8939220e2cfffff>8939220e21bffff>8939220e2c7ffff>8939220e28bffff>8939220e283ffff>8939220e293ffff>8939220e62fffff>8939220e627ffff>8939220e053ffff>8939220e0cbffff>8939220e0cfffff>8939220e0c7ffff>8939220e0cfffff>8939220e0c3ffff>8939220e0cbffff>8939220e0dbffff>8939220e637ffff>8939220e0dbffff>8939220e6afffff>8939220e6a3ffff>8939220e6bbffff>8939220e687ffff>8939220e683ffff>8939220e693ffff>89392201967ffff>89392201977ffff>8939220190fffff>8939220190bffff>89392201957ffff>89392201953ffff>89392201827ffff>89392201823ffff>8939220183bffff>89392201833ffff>893922018abffff>893922018a3ffff>893922018b3ffff>89392201d4bffff>89392201d43ffff>89392201d5bffff>89392201d53ffff>89392201dcbffff>89392201ddbffff>89392201ca7ffff>8939220036bffff>89392200363ffff>89392200373ffff
20,50,0.0031,89,58,46,21.811,61,8939220c683ffff>8939220c697ffff>8939220f12fffff>8939220f127ffff>8939220f123ffff>8939220f137ffff>8939220c4dbffff>8939220c4d3ffff>8939220e26bffff>8939220e27bffff>8939220e24fffff>8939220e247ffff>8939220e243ffff>8939220e257ffff>8939220e253ffff>8939220e257ffff>8939220e2cfffff>8939220e21bffff>8939220e2c7ffff>8939220e28bffff>8939220e283ffff>8939220e293ffff>8939220e62fffff>8939220e627ffff>8939220e053ffff>8939220e0cbffff>8939220e0cfffff>8939220e0c7ffff>8939220e0cfffff>8939220e0c3ffff>8939220e0cbffff>8939220e0dbffff>8939220e6afffff>8939220e6a3ffff>8939220e6bbffff>8939220e687ffff>8939220e683ffff>8939220e693ffff>89392201967ffff>89392201977ffff>8939220190fffff>8939220190bffff>89392201957ffff>89392201953ffff>89392201827ffff>89392201823ffff>8939220183bffff>89392201833ffff>893922018abffff>893922018a3ffff>893922018b3ffff>89392201d4bffff>89392201d43ffff>89392201d5bffff>89392201d53ffff>89392201dcbffff>89392201ddbffff>89392201ca7ffff>8939220036bffff>89392200363ffff>89392200373ffff
20,50,0.0031,90,58,40,21.435,60,8939220f027ffff>8939220f037ffff>8939220f1cbffff>8939220f037ffff>8939220f1cbffff>8939220f1dbffff>8939220f1d3ffff>8939220f56fffff>8939220f567ffff>8939220f52bffff>8939220f523ffff>8939220f527ffff>8939220e253ffff>8939220e257ffff>8939220e2cfffff>8939220e21bffff>8939220e2c7ffff>8939220e28bffff>8939220e283ffff>8939220e293ffff>8939220e62fffff>8939220e627ffff>8939220e053ffff>8939220e0cbffff>8939220e0cfffff>8939220e0c7ffff>8939220e0cfffff>8939220e0c3ffff>8939220e0cbffff>8939220e0dbffff>8939220e6afffff>8939220e6a3ffff>8939220e6bbffff>8939220e687ffff>8939220e683ffff>8939220e693ffff>89392201967ffff>89392201977ffff>8939220190fffff>8939220190bffff>89392201957ffff>89392201953ffff>89392201827ffff>89392201823ffff>8939220183bffff>89392201833ffff>893922018abffff>893922018a3ffff>893922018b3ffff>89392201d4bffff>89392201d43ffff>89392201d5bffff>89392201d53ffff>89392201dcbffff>89392201ddbffff>89392201ca7ffff>8939220036bffff>89392200363ffff>89392200373ffff>8939220037bffff
20,50,0.0031,91,58,48,21.097,59,8939220c683ffff>8939220c697ffff>8939220f12fffff>8939220f127ffff>8939220f123ffff>8939220f137ffff>8939220c4dbffff>8939220c4d3ffff>8939220e26bffff>8939220e27bffff>8939220e247ffff>8939220e243ffff>8939220e257ffff>8939220e2cfffff>8939220e21bffff>8939220e2c7ffff>8939220e28bffff>8939220e283ffff>8939220e293ffff>8939220e62fffff>8939220e627ffff>8939220e053ffff>8939220e0cbffff>8939220e0cfffff>8939220e0c7ffff>8939220e0cfffff>8939220e0c3ffff>8939220e0cbffff>8939220e0dbffff>8939220e6afffff>8939220e6a3ffff>8939220e6bbffff>8939220e687ffff>8939220e683ffff>8939220e69bffff>8939220e693ffff>89392201967ffff>89392201977ffff>8939220190fffff>8939220190bffff>89392201957ffff>89392201953ffff>89392201827ffff>89392201823ffff>8939220183bffff>89392201833ffff>893922018abffff>893922018a3ffff>893922018b3ffff>89392201d4bffff>89392201d43ffff>89392201d5bffff>89392201d53ffff>89392201dcbffff>89392201ddbffff>89392201ca7ffff>8939220036bffff>89392200363ffff>89392200373ffff
20,50,0.0031,92,58,26,21.075,59,8939220f027ffff>8939220f037ffff>8939220f1cbffff>8939220f1dbffff>8939220f1d3ffff>8939220f56fffff>8939220f567ffff>8939220f52bffff>8939220f523ffff>8939220f527ffff>8939220e253ffff>8939220e257ffff>8939220e2cfffff>8939220e21bffff>8939220e2c7ffff>8939220e28bffff>8939220e283ffff>8939220e293ffff>8939220e62fffff>8939220e627ffff>8939220e053ffff>8939220e0cbffff>8939220e0cfffff>8939220e0c7ffff>8939220e0cfffff>8939220e0c3ffff>8939220e0cbffff>8939220e0dbffff>8939220e6afffff>8939220e6a3ffff>8939220e6bbffff>8939220e687ffff>8939220e683ffff>8939220e693ffff>89392201967ffff>89392201977ffff>89392201973ffff>8939220190fffff>8939220190bffff>89392201957ffff>89392201953ffff>89392201827ffff>89392201823ffff>8939220183bffff>89392201833ffff>893922018abffff>893922018a3ffff>893922018b3ffff>89392201d4bffff>89392201d43ffff>89392201d5bffff>89392201d53ffff>89392201dcbffff>89392201ddbffff>89392201ca7ffff>8939220036bffff>89392200363ffff>89392200373ffff>8939220037bffff
20,50,0.0031,93,58,41,20.388,57,8939220c683ffff>8939220c697ffff>8939220f12fffff>8939220f127ffff>8939220f137ffff>8939220c4dbffff>8939220c4d3ffff>8939220e26bffff>8939220e27bffff>8939220e247ffff>8939220e243ffff>8939220e257ffff>8939220e2cfffff>8939220e21bffff>8939220e2c7ffff>8939220e28bffff>8939220e283ffff>8939220e293ffff>8939220e62fffff>8939220e627ffff>8939220e053ffff>8939220e0cbffff>8939220e0cfffff>8939220e0c7ffff>8939220e0cfffff>8939220e0c3ffff>8939220e0cbffff>8939220e0dbffff>8939220e6afffff>8939220e6a3ffff>8939220e6bbffff>8939220e687ffff>8939220e683ffff>8939220e693ffff>89392201967ffff>89392201977ffff>8939220190fffff>8939220190bffff>89392201957ffff>89392201953ffff>89392201827ffff>89392201823ffff>8939220183bffff>89392201833ffff>893922018abffff>893922018a3ffff>893922018b3ffff>89392201d4bffff>89392201d43ffff>89392201d5bffff>89392201d53ffff>89392201dcbffff>89392201ddbffff>89392201ca7ffff>8939220036bffff>89392200363ffff>89392200373ffff
20,50,0.0031,94,57,40,24.35,68,8939220f387ffff>8939220f3b3ffff>8939220f3a3ffff>8939220f3a7ffff>8939220c6d3ffff>8939220f16fffff>8939220c69bffff>8939220c68bffff>8939220c683ffff>8939220c693ffff>8939220c697ffff>8939220f12fffff>8939220f127ffff>8939220f123ffff>8939220f137ffff>8939220c4dbffff>8939220c4d3ffff>8939220e26bffff>8939220e27bffff>8939220e24fffff>8939220e247ffff>8939220e243ffff>8939220e257ffff>8939220e2cfffff>8939220e21bffff>8939220e2c7ffff>8939220e28bffff>8939220e283ffff>8939220e293ffff>8939220e62fffff>8939220e627ffff>8939220e053ffff>8939220e0cbffff>8939220e0cfffff>8939220e0c7ffff>8939220e0cfffff>8939220e0c3ffff>8939220e0cbffff>8939220e0dbffff>8939220e6afffff>8939220e6a3ffff>8939220e6bbffff>8939220e687ffff>8939220e683ffff>8939220e693ffff>89392201967ffff>89392201977ffff>8939220190fffff>8939220190bffff>89392201957ffff>89392201953ffff>89392201827ffff>89392201823ffff>8939220183bffff>89392201833ffff>893922018abffff>893922018a3ffff>893922018b3ffff>89392201d4bffff>89392201d43ffff>89392201d5bffff>89392201d53ffff>89392201dcbffff>89392201ddbffff>89392201ca7ffff>8939220036bffff>89392200363ffff>89392200373ffff
20,50,0.0031,95,57,32,22.898,64,8939220f163ffff>8939220f167ffff>8939220c69bffff>8939220c683ffff>8939220c693ffff>8939220c697ffff>8939220f12fffff>8939220f127ffff>8939220f123ffff>8939220f137ffff>8939220c4dbffff>8939220c4d3ffff>8939220e26bffff>8939220e27bffff>8939220e247ffff>8939220e243ffff>8939220e257ffff>8939220e253ffff>8939220e257ffff>8939220e2cfffff>8939220e21bffff>8939220e2c7ffff>8939220e28bffff>8939220e283ffff>8939220e293ffff>8939220e62fffff>8939220e627ffff>8939220e053ffff>8939220e0cbffff>8939220e0cfffff>8939220e0c7ffff>8939220e0cfffff>8939220e0c3ffff>8939220e0cbffff>8939220e0dbffff>8939220e6afffff>8939220e6a3ffff>8939220e6bbffff>8939220e687ffff>8939220e683ffff>8939220e693ffff>89392201967ffff>89392201977ffff>8939220190fffff>8939220190bffff>89392201957ffff>89392201953ffff>89392201827ffff>89392201823ffff>8939220183bffff>89392201833ffff>893922018abffff>893922018a3ffff>893922018b3ffff>89392201d4bffff>89392201d43ffff>89392201d5bffff>89392201d53ffff>89392201dcbffff>89392201ddbffff>89392201ca7ffff>8939220036bffff>89392200363ffff>89392200373ffff
20,50,0.0031,96,57,17,22.877,64,8939220f023ffff>8939220f03bffff>8939220f00fffff>8939220f007ffff>8939220f017ffff>8939220f0abffff>8939220f0bbffff>8939220f0a3ffff>8939220f0afffff>8939220f1dbffff>8939220f0a7ffff>8939220f1d3ffff>8939220f56fffff>8939220f567ffff>8939220f52bffff>8939220f523ffff>8939220f527ffff>8939220e253ffff>8939220e257ffff>8939220e2cfffff>8939220e21bffff>8939220e2c7ffff>8939220e28bffff>8939220e283ffff>8939220e293ffff>8939220e62fffff>8939220e627ffff>8939220e053ffff>8939220e0cbffff>8939220e0cfffff>8939220e0c7ffff>8939220e0cfffff>8939220e0c3ffff>8939220e0cbffff>8939220e0dbffff>8939220e6afffff>8939220e6a3ffff>8939220e6bbffff>8939220e687ffff>8939220e683ffff>8939220e693ffff>89392201967ffff>89392201977ffff>8939220190fffff>8939220190bffff>89392201957ffff>89392201953ffff>89392201827ffff>89392201823ffff>8939220183bffff>89392201833ffff>893922018abffff>893922018a3ffff>893922018b3ffff>89392201d4bffff>89392201d43ffff>89392201d5bffff>89392201d53ffff>89392201dcbffff>89392201ddbffff>89392201ca7ffff>8939220036bffff>89392200363ffff>89392200373ffff
20,50,0.0031,97,57,34,21.816,61,8939220f027ffff>8939220f037ffff>8939220f1cbffff>8939220f1dbffff>8939220f1d3ffff>8939220f56fffff>8939220f567ffff>8939220f52bffff>8939220f523ffff>8939220f527ffff>8939220e253ffff>8939220e257ffff>8939220e2cfffff>8939220e21bffff>8939220e2c7ffff>8939220e28bffff>8939220e283ffff>8939220e293ffff>8939220e62fffff>8939220e627ffff>8939220e053ffff>8939220e0cbffff>8939220e0cfffff>8939220e0c7ffff>8939220e0cfffff>8939220e0c3ffff>8939220e0cbffff>8939220e0dbffff>8939220e637ffff>8939220e0dbffff>8939220e6afffff>8939220e6a3ffff>8939220e6bbffff>8939220e687ffff>8939220e683ffff>8939220e693ffff>89392201967ffff>89392201977ffff>8939220190fffff>8939220190bffff>89392201957ffff>89392201953ffff>89392201827ffff>89392201823ffff>8939220183bffff>89392201833ffff>893922018abffff>893922018a3ffff>893922018b3ffff>89392201d4bffff>89392201d43ffff>89392201d5bffff>89392201d53ffff>89392201dcbffff>89392201ddbffff>89392201ca7ffff>8939220036bffff>89392200363ffff>89392200373ffff>8939220037bffff>89392200373ffff
20,50,0.0031,98,57,23,21.8,61,8939220f027ffff>8939220f023ffff>8939220f027ffff>8939220f037ffff>8939220f1cbffff>8939220f1dbffff>8939220f1d3ffff>8939220f56fffff>8939220f567ffff>8939220f52bffff>8939220f523ffff>8939220f527ffff>8939220e253ffff>8939220e257ffff>8939220e2cfffff>8939220e21bffff>8939220e2c7ffff>8939220e28bffff>8939220e283ffff>8939220e293ffff>8939220e62fffff>8939220e627ffff>8939220e053ffff>8939220e0cbffff>8939220e0cfffff>8939220e0c7ffff>8939220e0cfffff>8939220e0c3ffff>8939220e0cbffff>8939220e0dbffff>8939220e6afffff>8939220e6a3ffff>8939220e6bbffff>8939220e687ffff>8939220e683ffff>8939220e693ffff>89392201967ffff>89392201977ffff>8939220190fffff>8939220190bffff>89392201957ffff>89392201953ffff>89392201827ffff>89392201823ffff>8939220183bffff>89392201833ffff>893922018abffff>893922018a3ffff>893922018b3ffff>89392201d4bffff>89392201d43ffff>89392201d5bffff>89392201d53ffff>89392201dcbffff>89392201ddbffff>89392201ca7ffff>8939220036bffff>89392200363ffff>89392200373ffff>8939220037bffff>89392200373ffff
20,50,0.0031,99,57,23,20.369,57,8939220f1bbffff>8939220f1b3ffff>8939220f1a3ffff>8939220f1b7ffff>8939220f1a7ffff>8939220c4d3ffff>8939220e26bffff>8939220e27bffff>8939220e24fffff>8939220e247ffff>8939220e243ffff>8939220e257ffff>8939220e2cfffff>8939220e21bffff>8939220e2c7ffff>8939220e28bffff>8939220e283ffff>8939220e293ffff>8939220e62fffff>8939220e627ffff>8939220e053ffff>8939220e0cbffff>8939220e0cfffff>8939220e0c7ffff>8939220e0cfffff>8939220e0c3ffff>8939220e0cbffff>8939220e0dbffff>8939220e6afffff>8939220e6a3ffff>8939220e6bbffff>8939220e687ffff>8939220e683ffff>8939220e693ffff>89392201967ffff>89392201977ffff>8939220190fffff>8939220190bffff>89392201957ffff>89392201953ffff>89392201827ffff>89392201823ffff>8939220183bffff>89392201833ffff>893922018abffff>893922018a3ffff>893922018b3ffff>89392201d4bffff>89392201d43ffff>89392201d5bffff>89392201d53ffff>89392201dcbffff>89392201ddbffff>89392201ca7ffff>8939220036bffff>89392200363ffff>89392200373ffff
20,50,0.0031,100,56,46,21.827,61,8939220c697ffff>8939220f12fffff>8939220f127ffff>8939220f123ffff>8939220f137ffff>8939220c4dbffff>8939220c4d3ffff>8939220e26bffff>8939220e27bffff>8939220e24fffff>8939220e247ffff>8939220e243ffff>8939220e257ffff>8939220e2cfffff>8939220e21bffff>8939220e2c7ffff>8939220e28bffff>8939220e283ffff>8939220e293ffff>8939220e62fffff>8939220e627ffff>8939220e053ffff>8939220e0cbffff>8939220e0cfffff>8939220e0c7ffff>8939220e0cfffff>8939220e0c3ffff>8939220e0cbffff>8939220e0dbffff>8939220e637ffff>8939220e0dbffff>8939220e6afffff>8939220e6a3ffff>8939220e6bbffff>8939220e687ffff>8939220e683ffff>8939220e693ffff>89392201967ffff>89392201977ffff>8939220190fffff>8939220190bffff>89392201957ffff>89392201953ffff>89392201827ffff>89392201823ffff>8939220183bffff>89392201833ffff>893922018abffff>893922018a3ffff>893922018b3ffff>89392201d4bffff>89392201d43ffff>89392201d5bffff>89392201d53ffff>89392201dcbffff>89392201ddbffff>89392201ca7ffff>8939220036bffff>89392200363ffff>89392200373ffff>8939220037bffff
