bucket,bucket_trips,min_sup,rank,support,length_km,subroute
night,296575,148,1,412,3.281,8939220f507ffff>8939220f50fffff>8939220f577ffff>8939220f563ffff>8939220f56bffff>8939220f0a7ffff>8939220f0afffff>8939220f1dbffff>8939220f037ffff>8939220f023ffff
night,296575,148,2,364,3.286,8939220f023ffff>8939220f02bffff>8939220f02fffff>8939220f027ffff>8939220f1cbffff>8939220f153ffff>8939220f1cfffff>8939220f157ffff>8939220f1cfffff>8939220f1c7ffff
night,296575,148,3,361,5.101,8939220f02bffff>8939220f02fffff>8939220f023ffff>8939220f027ffff>8939220f037ffff>8939220f1cbffff>8939220f1dbffff>8939220f1d3ffff>8939220f56fffff>8939220f567ffff>8939220f52bffff>8939220f193ffff>8939220f52fffff>8939220f197ffff>8939220e25bffff
night,296575,148,4,321,4.352,8939220c683ffff>8939220c68bffff>8939220c69bffff>8939220f16fffff>8939220c6d3ffff>8939220f3a7ffff>8939220f3a3ffff>8939220f3b3ffff>8939220f387ffff>8939220f397ffff>8939220f383ffff>8939220f393ffff>8939220f067ffff
night,296575,148,5,312,3.638,8939220f02bffff>8939220f02fffff>8939220f393ffff>8939220f397ffff>8939220f14bffff>8939220f3b3ffff>8939220f3bbffff>8939220f317ffff>8939220f307ffff>8939220f33bffff>8939220f32bffff
night,296575,148,6,311,3.976,8939220f067ffff>8939220f393ffff>8939220f383ffff>8939220f387ffff>8939220f3b3ffff>8939220f3a3ffff>8939220f3a7ffff>8939220c6d3ffff>8939220f16fffff>8939220c69bffff>8939220c68bffff>8939220c683ffff
night,296575,148,7,307,4.371,8939220f1b3ffff>8939220f1bbffff>8939220f18fffff>8939220f183ffff>8939220f18bffff>8939220f1c7ffff>8939220f1c3ffff>8939220f1cfffff>8939220f1c3ffff>8939220f1cbffff>8939220f1dbffff>8939220f1cbffff>8939220f037ffff
night,296575,148,8,305,3.63,8939220f03bffff>8939220f007ffff>8939220f017ffff>8939220f0abffff>8939220f0bbffff>8939220f0b3ffff>8939220f087ffff>8939220f54bffff>8939220f55bffff>8939220f543ffff>8939220f55bffff
night,296575,148,9,301,12.078,8939220f407ffff>8939220f417ffff>8939220f48fffff>8939220f483ffff>8939220f493ffff>89392201a2bffff>89392201a3bffff>89392201a07ffff>89392201a17ffff>89392201a8fffff>89392201a87ffff>8939220184bffff>8939220184fffff>89392201843ffff>8939220184fffff>89392201847ffff>89392201873ffff>8939220180fffff>89392201877ffff>8939220183bffff>89392201833ffff>893922018abffff>893922018a3ffff>893922018b3ffff>89392201d4bffff>89392201d43ffff>89392201d5bffff>89392201d53ffff>89392201dcbffff>89392201ddbffff>89392201ca7ffff>8939220036bffff>89392200363ffff>89392200373ffff
night,296575,148,10,293,5.819,8939220f023ffff>8939220f03bffff>8939220f00fffff>8939220f007ffff>8939220f017ffff>8939220f0abffff>8939220f0bbffff>8939220f0b3ffff>8939220f087ffff>8939220f54bffff>8939220f55bffff>8939220f543ffff>8939220f553ffff>8939220f5cfffff>8939220f5c3ffff>8939220f5d7ffff>89392201b6fffff
night,296575,148,11,293,3.996,8939220f477ffff>8939220f463ffff>8939220f46bffff>8939220f0d3ffff>8939220f0d7ffff>8939220f08bffff>8939220f013ffff>8939220f003ffff>8939220f00fffff>8939220f03bffff>8939220f077ffff>8939220f02bffff
night,296575,148,12,292,3.268,8939220f067ffff>8939220f063ffff>8939220f073ffff>8939220f00bffff>8939220f057ffff>8939220f0cfffff>8939220f0cbffff>8939220f0dbffff>8939220f6afffff>8939220f6a3ffff
night,296575,148,13,289,3.633,8939220f6b3ffff>8939220f6b7ffff>8939220f44fffff>8939220f47bffff>8939220f447ffff>8939220f457ffff>8939220f40bffff>8939220f41bffff>8939220f40bffff>8939220f403ffff>8939220f407ffff
night,296575,148,14,288,3.289,8939220f19bffff>8939220f1d7ffff>8939220f1c7ffff>8939220f1c3ffff>8939220f1cfffff>8939220f1c3ffff>8939220f1cbffff>8939220f1dbffff>8939220f037ffff>8939220f023ffff
night,296575,148,15,287,6.87,8939220a957ffff>8939220a947ffff>8939220a973ffff>8939220a963ffff>8939220a96fffff>8939220f69bffff>8939220f683ffff>8939220f687ffff>8939220f6b3ffff>8939220f6b7ffff>8939220f46bffff>8939220f0d3ffff>8939220f0d7ffff>8939220f08bffff>8939220f013ffff>8939220f003ffff>8939220f00fffff>8939220f03bffff>8939220f077ffff>8939220f02bffff
night,296575,148,16,279,3.262,8939220f02bffff>8939220f02fffff>8939220f027ffff>8939220f153ffff>8939220f1cbffff>8939220f1cfffff>8939220f1c3ffff>8939220f1c7ffff>8939220f1d7ffff>8939220f19bffff
night,296575,148,17,278,3.281,8939220f02bffff>8939220f02fffff>8939220f023ffff>8939220f027ffff>8939220f1cbffff>8939220f153ffff>8939220f1cfffff>8939220f157ffff>8939220f1cfffff>8939220f1c7ffff
night,296575,148,18,277,3.998,8939220f03bffff>8939220f007ffff>8939220f00fffff>8939220f003ffff>8939220f013ffff>8939220f08bffff>8939220f0d7ffff>8939220f0d3ffff>8939220f46bffff>8939220f6b7ffff>8939220f6b3ffff>8939220f44fffff
night,296575,148,19,276,5.101,8939220f02bffff>8939220f02fffff>8939220f393ffff>8939220f397ffff>8939220f14bffff>8939220f3b3ffff>8939220f3bbffff>8939220f317ffff>8939220f307ffff>8939220f33bffff>8939220f377ffff>8939220f363ffff>8939220f373ffff>8939220f37bffff>8939220f347ffff
night,296575,148,20,275,3.287,89392201a2bffff>8939220f493ffff>8939220f483ffff>8939220f48fffff>8939220f417ffff>8939220f403ffff>8939220f41bffff>8939220f40bffff>8939220f457ffff>8939220f447ffff
night,296575,148,21,274,7.603,8939220f02bffff>8939220f02fffff>8939220f02bffff>8939220f067ffff>8939220f063ffff>8939220f073ffff>8939220f00bffff>8939220f057ffff>8939220f0cfffff>8939220f0cbffff>8939220f0dbffff>8939220f6afffff>8939220f6abffff>8939220f617ffff>8939220f68fffff>8939220f613ffff>8939220f68bffff>8939220f6d7ffff>8939220f6d3ffff>8939220a96bffff>8939220abb7ffff>8939220a94fffff
night,296575,148,22,274,3.286,8939220f02bffff>8939220f02fffff>8939220f027ffff>8939220f1cbffff>8939220f153ffff>8939220f1cfffff>8939220f157ffff>8939220f1cfffff>8939220f1c7ffff>8939220f18bffff
night,296575,148,23,274,3.278,8939220c4d3ffff>8939220e26fffff>8939220c49bffff>8939220c493ffff>8939220c483ffff>8939220c497ffff>8939220c487ffff>8939220c4bbffff>8939220c4b3ffff>8939220c4b7ffff
night,296575,148,24,274,3.265,8939220f407ffff>8939220f417ffff>8939220f4bbffff>8939220f417ffff>8939220f4bbffff>8939220f48fffff>8939220f487ffff>8939220f483ffff>8939220f497ffff>8939220f493ffff
night,296575,148,25,273,6.177,8939220f407ffff>8939220f417ffff>8939220f48fffff>8939220f483ffff>8939220f493ffff>89392201a2bffff>89392201a77ffff>89392201a73ffff>89392201a0fffff>89392201a73ffff>89392201a0bffff>89392201a47ffff>89392201a43ffff>89392201a4bffff>8939220a997ffff>8939220a993ffff>8939220ad2fffff>8939220ad2bffff
night,296575,148,26,273,3.622,8939220f397ffff>8939220f14bffff>8939220f15bffff>8939220f14bffff>8939220f143ffff>8939220f14fffff>8939220f17bffff>8939220f163ffff>8939220f167ffff>8939220c69bffff>8939220c683ffff
night,296575,148,27,272,5.871,8939220f407ffff>8939220f417ffff>8939220f48fffff>8939220f483ffff>8939220f493ffff>89392201a2bffff>89392201a3bffff>89392201a07ffff>89392201a17ffff>89392201a8fffff>89392201a8bffff>89392201a83ffff>89392201a8bffff>89392201a9bffff>89392201e67ffff>89392201e77ffff>89392201e0fffff
night,296575,148,28,272,5.081,8939220f453ffff>8939220f457ffff>8939220f447ffff>8939220f473ffff>8939220f477ffff>8939220f467ffff>8939220f093ffff>8939220f083ffff>8939220f08fffff>8939220f013ffff>8939220f003ffff>8939220f00fffff>8939220f03bffff>8939220f077ffff>8939220f02bffff
night,296575,148,29,272,4.739,8939220f03bffff>8939220f007ffff>8939220f00fffff>8939220f003ffff>8939220f013ffff>8939220f08bffff>8939220f0d7ffff>8939220f0c3ffff>8939220f0dbffff>8939220f6afffff>8939220f6a7ffff>8939220f0dbffff>8939220f637ffff>8939220f627ffff
night,296575,148,30,272,3.264,8939220e2abffff>8939220e2afffff>8939220e237ffff>8939220e3cbffff>8939220e353ffff>8939220e343ffff>8939220e35bffff>8939220e34bffff>8939220c497ffff>8939220c483ffff
night,296575,148,31,267,5.454,8939220f023ffff>8939220f03bffff>8939220f00fffff>8939220f003ffff>8939220f013ffff>8939220f08bffff>8939220f0c7ffff>8939220f0d7ffff>8939220f0c3ffff>8939220f0dbffff>8939220f6afffff>8939220f6a7ffff>8939220f0dbffff>8939220f637ffff>8939220f627ffff>8939220f623ffff
night,296575,148,32,267,5.108,8939220e213ffff>8939220e28bffff>8939220e283ffff>8939220e293ffff>8939220e62fffff>8939220e627ffff>8939220e053ffff>8939220e0cbffff>8939220e0cfffff>8939220e0c7ffff>8939220e0cfffff>8939220e0c3ffff>8939220e0cbffff>8939220e0dbffff>8939220e637ffff
night,296575,148,33,267,3.995,8939220f023ffff>8939220f02bffff>8939220f02fffff>8939220f023ffff>8939220f027ffff>8939220f037ffff>8939220f1cbffff>8939220f1dbffff>8939220f1d3ffff>8939220f56fffff>8939220f19bffff>8939220f18bffff
night,296575,148,34,266,11.342,8939220f407ffff>8939220f417ffff>8939220f48fffff>8939220f483ffff>8939220f493ffff>89392201a2bffff>89392201a3bffff>89392201a07ffff>89392201a17ffff>89392201a8fffff>89392201a87ffff>8939220184bffff>89392201843ffff>89392201847ffff>89392201873ffff>8939220180fffff>89392201877ffff>8939220183bffff>89392201833ffff>893922018abffff>893922018a3ffff>893922018b3ffff>89392201d4bffff>89392201d43ffff>89392201d5bffff>89392201d53ffff>89392201dcbffff>89392201ddbffff>89392201ca7ffff>8939220036bffff>89392200363ffff>89392200373ffff
night,296575,148,35,264,9.12,8939220f5c7ffff>8939220f58bffff>8939220f583ffff>8939220f593ffff>89392201b2fffff>89392201b23ffff>89392201b37ffff>89392201b33ffff>89392201bafffff>89392201ba7ffff>89392201bb7ffff>8939220196bffff>8939220197bffff>89392201973ffff>8939220190fffff>89392201903ffff>89392201907ffff>89392201917ffff>893922019bbffff>893922019b3ffff>89392200a4bffff>89392200a4fffff>89392200a43ffff>89392200a57ffff>89392200a1bffff>89392200ac7ffff
night,296575,148,36,264,5.403,8939220f537ffff>8939220f533ffff>8939220f5abffff>8939220f517ffff>8939220f513ffff>8939220f5c7ffff>8939220f5c3ffff>8939220f5dbffff>8939220f4afffff>8939220f4abffff>8939220f407ffff>8939220f403ffff>8939220f40bffff>8939220f457ffff>8939220f447ffff>8939220f44fffff
night,296575,148,37,264,4.717,8939220f067ffff>8939220f393ffff>8939220f383ffff>8939220f397ffff>8939220f387ffff>8939220f3b3ffff>8939220f3a3ffff>8939220f3a7ffff>8939220c6d3ffff>8939220f16fffff>8939220c69bffff>8939220c68bffff>8939220c683ffff>8939220c697ffff
night,296575,148,38,262,6.953,8939220f407ffff>8939220f417ffff>8939220f48fffff>8939220f483ffff>8939220f493ffff>89392201a2bffff>89392201a3bffff>89392201a07ffff>89392201a17ffff>89392201a8fffff>89392201a8bffff>89392201a9bffff>89392201e67ffff>89392201e77ffff>89392201e0fffff>89392201e73ffff>89392201e47ffff>89392201e43ffff>89392201e4bffff>89392201e5bffff
night,296575,148,39,260,3.983,8939220f00fffff>8939220f003ffff>8939220f013ffff>8939220f08bffff>8939220f0d7ffff>8939220f0d3ffff>8939220f46bffff>8939220f6b7ffff>8939220f6b3ffff>8939220f687ffff>8939220f683ffff>8939220f68fffff
night,296575,148,40,259,4.344,8939220f19bffff>8939220f567ffff>8939220f56fffff>8939220f563ffff>8939220f57bffff>8939220f547ffff>8939220f543ffff>8939220f55bffff>8939220f427ffff>8939220f423ffff>8939220f42bffff>8939220f477ffff>8939220f473ffff
night,296575,148,41,258,12.078,8939220f407ffff>8939220f417ffff>8939220f48fffff>8939220f483ffff>8939220f493ffff>89392201a2bffff>89392201a3bffff>89392201a07ffff>89392201a17ffff>89392201a8fffff>89392201a87ffff>8939220184bffff>89392201843ffff>8939220184fffff>89392201847ffff>89392201873ffff>8939220180fffff>8939220183bffff>8939220182bffff>8939220183bffff>89392201833ffff>893922018abffff>893922018a3ffff>893922018b3ffff>89392201d4bffff>89392201d43ffff>89392201d5bffff>89392201d53ffff>89392201dcbffff>89392201ddbffff>89392201ca7ffff>8939220036bffff>89392200363ffff>89392200373ffff
night,296575,148,42,257,6.543,8939220f02bffff>8939220f02fffff>8939220f023ffff>8939220f027ffff>8939220f037ffff>8939220f1cbffff>8939220f1dbffff>8939220f1d3ffff>8939220f56fffff>8939220f567ffff>8939220f52bffff>8939220f523ffff>8939220f537ffff>8939220e2cbffff>8939220e2c3ffff>8939220e2d7ffff>8939220e29bffff>8939220e66fffff>8939220e663ffff
night,296575,148,43,255,5.472,8939220f03bffff>8939220f007ffff>8939220f017ffff>8939220f0abffff>8939220f0bbffff>8939220f0b3ffff>8939220f087ffff>8939220f54bffff>8939220f55bffff>8939220f543ffff>8939220f553ffff>8939220f5cfffff>8939220f5c3ffff>8939220f5d7ffff>89392201b6fffff>89392201b67ffff
night,296575,148,44,255,4.34,8939220f00fffff>8939220f003ffff>8939220f013ffff>8939220f08bffff>8939220f0d7ffff>8939220f0d3ffff>8939220f46bffff>8939220f6b7ffff>8939220f6b3ffff>8939220f687ffff>8939220f683ffff>8939220f69bffff>8939220f68bffff
night,296575,148,45,254,12.792,8939220f55bffff>8939220f427ffff>8939220f423ffff>8939220f43bffff>8939220f407ffff>8939220f417ffff>8939220f48fffff>8939220f483ffff>8939220f493ffff>89392201a2bffff>89392201a3bffff>89392201a07ffff>89392201a17ffff>89392201a8fffff>89392201a87ffff>8939220184bffff>8939220184fffff>89392201847ffff>89392201873ffff>8939220180fffff>89392201877ffff>8939220183bffff>89392201833ffff>893922018abffff>893922018a3ffff>893922018b3ffff>89392201d4bffff>89392201d43ffff>89392201d5bffff>89392201d53ffff>89392201dcbffff>89392201ddbffff>89392201ca7ffff>8939220036bffff>89392200363ffff>89392200373ffff
night,296575,148,46,254,3.979,8939220f027ffff>8939220f153ffff>8939220f15bffff>8939220f143ffff>8939220f147ffff>8939220f157ffff>8939220f10bffff>8939220f103ffff>8939220f117ffff>8939220f1bbffff>8939220f1b3ffff>8939220f1b7ffff
night,296575,148,47,254,3.615,89392201a0bffff>89392201a47ffff>89392201a43ffff>89392201a4bffff>8939220a997ffff>8939220a993ffff>8939220ad2fffff>8939220ad2bffff>8939220ad77ffff>8939220ad3bffff>8939220ad07ffff
night,296575,148,48,253,3.262,8939220f023ffff>8939220f03bffff>8939220f007ffff>8939220f017ffff>8939220f0abffff>8939220f0bbffff>8939220f0b3ffff>8939220f087ffff>8939220f54bffff>8939220f54fffff
night,296575,148,49,252,9.88,8939220f00fffff>8939220f003ffff>8939220f013ffff>8939220f08bffff>8939220f0c7ffff>8939220f0d7ffff>8939220f0c3ffff>8939220f0d3ffff>8939220f6a7ffff>8939220f6b7ffff>8939220f47bffff>8939220f447ffff>8939220f457ffff>8939220f40bffff>8939220f41bffff>8939220f40bffff>8939220f403ffff>8939220f407ffff>8939220f417ffff>8939220f48fffff>8939220f483ffff>8939220f493ffff>89392201a2bffff>89392201a3bffff>89392201a07ffff>89392201a17ffff>89392201a8fffff>89392201a8bffff
night,296575,148,50,252,4.334,8939220f43bffff>8939220f423ffff>8939220f42bffff>8939220f42fffff>8939220f55bffff>8939220f543ffff>8939220f54fffff>8939220f57bffff>8939220f563ffff>8939220f56fffff>8939220f19bffff>8939220f18bffff>8939220f1c7ffff
night,296575,148,51,251,7.243,8939220f00fffff>8939220f003ffff>8939220f013ffff>8939220f08bffff>8939220f0d7ffff>8939220f0d3ffff>8939220f46bffff>8939220f6b7ffff>8939220f6b3ffff>8939220f687ffff>8939220f683ffff>8939220f69bffff>8939220a96fffff>8939220a963ffff>8939220a973ffff>8939220a947ffff>8939220a94fffff>8939220a947ffff>8939220a943ffff>8939220a957ffff>8939220a9cfffff
night,296575,148,52,251,4.391,8939220f6a7ffff>8939220f0dbffff>8939220f637ffff>8939220f627ffff>8939220f62fffff>8939220f297ffff>8939220f283ffff>8939220f28fffff>8939220f213ffff>8939220f21bffff>8939220f2c7ffff>8939220f21bffff>8939220f203ffff
night,296575,148,53,250,5.078,8939220f023ffff>8939220f03bffff>8939220f00fffff>8939220f003ffff>8939220f013ffff>8939220f08bffff>8939220f0d7ffff>8939220f0d3ffff>8939220f46fffff>8939220f467ffff>8939220f477ffff>8939220f473ffff>8939220f447ffff>8939220f457ffff>8939220f41bffff
night,296575,148,54,250,4.009,8939220f067ffff>8939220f393ffff>8939220f383ffff>8939220f39bffff>8939220f3d7ffff>8939220f06fffff>8939220f3d3ffff>8939220f06bffff>8939220f07bffff>8939220f047ffff>8939220f043ffff>8939220f053ffff
night,296575,148,55,249,5.473,8939220f03bffff>8939220f007ffff>8939220f00fffff>8939220f003ffff>8939220f013ffff>8939220f08bffff>8939220f0c7ffff>8939220f0d7ffff>8939220f0c3ffff>8939220f0dbffff>8939220f6afffff>8939220f6a7ffff>8939220f0dbffff>8939220f637ffff>8939220f627ffff>8939220f623ffff
night,296575,148,56,249,3.268,8939220f083ffff>8939220f08bffff>8939220f0d7ffff>8939220f0c3ffff>8939220f0dbffff>8939220f6afffff>8939220f6a7ffff>8939220f0dbffff>8939220f637ffff>8939220f627ffff
night,296575,148,57,248,3.633,8939220f383ffff>8939220f393ffff>8939220f067ffff>8939220f063ffff>8939220f073ffff>8939220f00bffff>8939220f057ffff>8939220f0cfffff>8939220f0c7ffff>8939220f013ffff>8939220f08bffff
night,296575,148,58,247,6.164,8939220a957ffff>8939220a943ffff>8939220a94fffff>8939220abb7ffff>8939220aba7ffff>8939220f6d3ffff>8939220f6d7ffff>8939220f68bffff>8939220f613ffff>8939220f68fffff>8939220f617ffff>8939220f6abffff>8939220f6afffff>8939220f0dbffff>8939220f0cbffff>8939220f0cfffff>8939220f057ffff>8939220f00bffff
night,296575,148,59,247,3.25,8939220ad2fffff>8939220a993ffff>8939220a997ffff>89392201a4bffff>89392201a43ffff>89392201a47ffff>89392201a0bffff>89392201a73ffff>89392201a77ffff>89392201a2bffff
night,296575,148,60,246,4.376,8939220f1b3ffff>8939220f1bbffff>8939220f18fffff>8939220f183ffff>8939220f18bffff>8939220f1c7ffff>8939220f1c3ffff>8939220f1cfffff>8939220f1c3ffff>8939220f1cbffff>8939220f1dbffff>8939220f037ffff>8939220f023ffff
night,296575,148,61,246,4.35,8939220f02bffff>8939220f02fffff>8939220f393ffff>8939220f397ffff>8939220f14bffff>8939220f3b3ffff>8939220f3bbffff>8939220f38fffff>8939220f38bffff>8939220f313ffff>8939220f31bffff>8939220f30bffff>8939220f347ffff
night,296575,148,62,245,3.641,8939220f00fffff>8939220f003ffff>8939220f013ffff>8939220f08bffff>8939220f0d7ffff>8939220f0d3ffff>8939220f46fffff>8939220f467ffff>8939220f477ffff>8939220f473ffff>8939220f40bffff
night,296575,148,63,244,3.254,8939220f1b3ffff>8939220f1b7ffff>8939220e24fffff>8939220e27bffff>8939220e247ffff>8939220e243ffff>8939220e257ffff>8939220e253ffff>8939220f527ffff>8939220f537ffff
night,296575,148,64,243,6.192,8939220f02bffff>8939220f02fffff>8939220f023ffff>8939220f03bffff>8939220f00fffff>8939220f003ffff>8939220f013ffff>8939220f08bffff>8939220f0c7ffff>8939220f0d7ffff>8939220f0c3ffff>8939220f0d3ffff>8939220f6a7ffff>8939220f6b7ffff>8939220f47bffff>8939220f447ffff>8939220f457ffff>8939220f40bffff
night,296575,148,65,242,3.666,8939220f407ffff>8939220f417ffff>8939220f48fffff>8939220f483ffff>8939220f493ffff>89392201a2bffff>89392201a3bffff>89392201a07ffff>89392201aabffff>89392201a17ffff>89392201a8fffff
night,296575,148,66,242,3.271,8939220ad2fffff>8939220ad2bffff>8939220ad77ffff>8939220ad67ffff>8939220ad6fffff>8939220a9d3ffff>8939220a9d7ffff>8939220a9c3ffff>8939220a9cfffff>8939220a957ffff
night,296575,148,67,241,3.617,8939220f023ffff>8939220f03bffff>8939220f00fffff>8939220f007ffff>8939220f017ffff>8939220f0abffff>8939220f0bbffff>8939220f0b3ffff>8939220f087ffff>8939220f54bffff>8939220f54fffff
night,296575,148,68,240,12.062,8939220f407ffff>8939220f417ffff>8939220f48fffff>8939220f483ffff>8939220f493ffff>89392201a2bffff>89392201a3bffff>89392201a07ffff>89392201a17ffff>89392201a8fffff>89392201a87ffff>8939220184bffff>8939220184fffff>89392201843ffff>89392201847ffff>89392201873ffff>8939220180fffff>8939220183bffff>8939220182bffff>8939220183bffff>89392201833ffff>893922018abffff>893922018a3ffff>893922018b3ffff>89392201d4bffff>89392201d43ffff>89392201d5bffff>89392201d53ffff>89392201dcbffff>89392201ddbffff>89392201ca7ffff>8939220036bffff>89392200363ffff>89392200373ffff
night,296575,148,69,240,5.846,8939220f03bffff>8939220f007ffff>8939220f00fffff>8939220f003ffff>8939220f013ffff>8939220f08bffff>8939220f0d7ffff>8939220f0c7ffff>8939220f0d7ffff>8939220f0c3ffff>8939220f0d3ffff>8939220f6a7ffff>8939220f6b7ffff>8939220f47bffff>8939220f447ffff>8939220f457ffff>8939220f40bffff
night,296575,148,70,240,4.335,8939220a973ffff>8939220a977ffff>8939220a93bffff>8939220a92bffff>8939220a923ffff>8939220a927ffff>8939220f453ffff>8939220f457ffff>8939220f447ffff>8939220f473ffff>8939220f477ffff>8939220f467ffff>8939220f093ffff
night,296575,148,71,240,3.965,8939220f02bffff>8939220f02fffff>8939220f393ffff>8939220f397ffff>8939220f14bffff>8939220f143ffff>8939220f14fffff>8939220f17bffff>8939220f163ffff>8939220f167ffff>8939220c69bffff>8939220c683ffff
night,296575,148,72,240,3.638,8939220f083ffff>8939220f097ffff>8939220f087ffff>8939220f54bffff>8939220f0b3ffff>8939220f54fffff>8939220f57bffff>8939220f563ffff>8939220f56fffff>8939220f19bffff>8939220f18bffff
night,296575,148,73,240,3.249,8939220f00fffff>8939220f03bffff>8939220f077ffff>8939220f02bffff>8939220f02fffff>8939220f393ffff>8939220f397ffff>8939220f14bffff>8939220f3b3ffff>8939220f3bbffff
night,296575,148,74,239,6.961,8939220f407ffff>8939220f417ffff>8939220f48fffff>8939220f483ffff>8939220f493ffff>89392201a2bffff>89392201a3bffff>89392201a07ffff>89392201a17ffff>89392201a8fffff>89392201a83ffff>89392201a8bffff>89392201a9bffff>89392201e67ffff>89392201e77ffff>89392201e0fffff>89392201e73ffff>89392201e47ffff>89392201e43ffff>89392201e4bffff
night,296575,148,75,239,6.523,8939220f03bffff>8939220f007ffff>8939220f00fffff>8939220f003ffff>8939220f013ffff>8939220f08bffff>8939220f0d7ffff>8939220f0d3ffff>8939220f46bffff>8939220f6b7ffff>8939220f6b3ffff>8939220f687ffff>8939220f683ffff>8939220f69bffff>8939220a96fffff>8939220a963ffff>8939220a973ffff>8939220a947ffff>8939220a957ffff
night,296575,148,76,239,3.98,8939220f023ffff>8939220f03bffff>8939220f00fffff>8939220f003ffff>8939220f013ffff>8939220f08bffff>8939220f0d7ffff>8939220f0d3ffff>8939220f46bffff>8939220f6b7ffff>8939220f6b3ffff>8939220f44fffff
night,296575,148,77,238,7.239,8939220f0d7ffff>8939220f0c3ffff>8939220f0d3ffff>8939220f6a7ffff>8939220f6b7ffff>8939220f47bffff>8939220f447ffff>8939220f457ffff>8939220f40bffff>8939220f403ffff>8939220f407ffff>8939220f4abffff>8939220f4afffff>8939220f5dbffff>8939220f5c3ffff>8939220f5c7ffff>8939220f513ffff>8939220f517ffff>8939220f5abffff>8939220f533ffff>8939220f523ffff
night,296575,148,78,238,6.936,8939220f08bffff>8939220f0d7ffff>8939220f0c3ffff>8939220f0dbffff>8939220f6afffff>8939220f6a7ffff>8939220f0dbffff>8939220f637ffff>8939220f627ffff>8939220f62fffff>8939220f297ffff>8939220f283ffff>8939220f28fffff>8939220f213ffff>8939220f21bffff>8939220f257ffff>8939220f247ffff>8939220f27bffff>8939220f26bffff>8939220d4d3ffff
night,296575,148,79,238,5.068,8939220f523ffff>8939220f527ffff>8939220e253ffff>8939220e257ffff>8939220e243ffff>8939220e247ffff>8939220e24fffff>8939220e27bffff>8939220e26bffff>8939220c4d3ffff>8939220c4dbffff>8939220f137ffff>8939220f123ffff>8939220f127ffff>8939220f12fffff
night,296575,148,80,238,3.644,8939220f03bffff>8939220f007ffff>8939220f00fffff>8939220f003ffff>8939220f013ffff>8939220f08bffff>8939220f0d7ffff>8939220f0d3ffff>8939220f46bffff>8939220f6b7ffff>8939220f44fffff
night,296575,148,81,237,5.099,8939220f023ffff>8939220f02bffff>8939220f02fffff>8939220f023ffff>8939220f027ffff>8939220f037ffff>8939220f1cbffff>8939220f1dbffff>8939220f1cbffff>8939220f1c3ffff>8939220f1cfffff>8939220f1c3ffff>8939220f1c7ffff>8939220f1d7ffff>8939220f19bffff
night,296575,148,82,237,4.725,8939220c697ffff>8939220f12fffff>8939220f127ffff>8939220f123ffff>8939220f137ffff>8939220c4dbffff>8939220c4d3ffff>8939220e26bffff>8939220e27bffff>8939220e24fffff>8939220e247ffff>8939220e243ffff>8939220e253ffff>8939220f527ffff
night,296575,148,83,236,7.577,8939220f47bffff>8939220f447ffff>8939220f457ffff>8939220f40bffff>8939220f403ffff>8939220f407ffff>8939220f4abffff>8939220f4afffff>8939220f5dbffff>8939220f5c3ffff>8939220f5c7ffff>8939220f513ffff>8939220f517ffff>8939220f5abffff>8939220f533ffff>8939220f523ffff>8939220f527ffff>8939220e253ffff>8939220e243ffff>8939220e247ffff>8939220e24fffff>8939220e27bffff
night,296575,148,84,236,5.448,8939220f027ffff>8939220f023ffff>8939220f03bffff>8939220f00fffff>8939220f003ffff>8939220f013ffff>8939220f08bffff>8939220f0d7ffff>8939220f0c3ffff>8939220f0d3ffff>8939220f6a7ffff>8939220f6b7ffff>8939220f47bffff>8939220f447ffff>8939220f457ffff>8939220f40bffff
night,296575,148,85,236,4.366,8939220f03bffff>8939220f007ffff>8939220f017ffff>8939220f0abffff>8939220f0bbffff>8939220f0b3ffff>8939220f087ffff>8939220f54bffff>8939220f55bffff>8939220f543ffff>8939220f553ffff>8939220f5cbffff>8939220f437ffff
night,296575,148,86,236,3.983,8939220f467ffff>8939220f477ffff>8939220f473ffff>8939220f447ffff>8939220f457ffff>8939220f453ffff>8939220f4cbffff>8939220a937ffff>8939220a9afffff>8939220a9abffff>8939220a9bbffff>8939220a9a3ffff
night,296575,148,87,236,3.617,8939220f083ffff>8939220f097ffff>8939220f083ffff>8939220f09bffff>8939220f093ffff>8939220f467ffff>8939220f477ffff>8939220f473ffff>8939220f447ffff>8939220f457ffff>8939220f453ffff
night,296575,148,88,235,3.638,8939220f02fffff>8939220f02bffff>8939220f067ffff>8939220f393ffff>8939220f383ffff>8939220f39bffff>8939220f3d7ffff>8939220f06fffff>8939220f3d3ffff>8939220f06bffff>8939220f07bffff
night,296575,148,89,234,6.203,89392201847ffff>89392201873ffff>8939220180fffff>8939220183bffff>89392201833ffff>893922018abffff>893922018a3ffff>893922018b3ffff>89392201d4bffff>89392201d43ffff>89392201d5bffff>89392201d53ffff>89392201dcbffff>89392201ddbffff>89392201ca7ffff>8939220036bffff>89392200363ffff>89392200373ffff
night,296575,148,90,232,5.446,8939220f407ffff>8939220f417ffff>8939220f48fffff>8939220f483ffff>8939220f493ffff>89392201a2bffff>89392201a77ffff>89392201a73ffff>89392201a0bffff>89392201a47ffff>89392201a43ffff>89392201a4bffff>8939220a997ffff>8939220a993ffff>8939220ad2fffff>8939220ad2bffff
night,296575,148,91,232,3.619,8939220f083ffff>8939220f097ffff>8939220f087ffff>8939220f54bffff>8939220f54fffff>8939220f57bffff>8939220f563ffff>8939220f56fffff>8939220f19bffff>8939220f18bffff>8939220f18fffff
night,296575,148,92,232,3.615,89392201a73ffff>89392201a0bffff>89392201a47ffff>89392201a43ffff>89392201a4bffff>8939220a997ffff>8939220a993ffff>8939220ad2fffff>8939220ad2bffff>8939220ad77ffff>8939220ad3bffff
night,296575,148,93,232,3.275,8939220f1b3ffff>8939220f1bbffff>8939220f18fffff>8939220f183ffff>8939220f19bffff>8939220f567ffff>8939220f56fffff>8939220f1d3ffff>8939220f1dbffff>8939220f037ffff
night,296575,148,94,231,5.787,8939220f00fffff>8939220f00bffff>8939220f057ffff>8939220f0cfffff>8939220f0cbffff>8939220f0dbffff>8939220f6afffff>8939220f6abffff>8939220f617ffff>8939220f68fffff>8939220f613ffff>8939220f68bffff>8939220f6d7ffff>8939220f6d3ffff>8939220a96bffff>8939220abb7ffff>8939220a94fffff
night,296575,148,95,230,5.097,8939220f03bffff>8939220f007ffff>8939220f00fffff>8939220f003ffff>8939220f013ffff>8939220f08bffff>8939220f0d7ffff>8939220f0d3ffff>8939220f46fffff>8939220f467ffff>8939220f477ffff>8939220f473ffff>8939220f447ffff>8939220f457ffff>8939220f41bffff
night,296575,148,96,230,4.364,8939220f03bffff>8939220f007ffff>8939220f00fffff>8939220f003ffff>8939220f013ffff>8939220f08bffff>8939220f0d7ffff>8939220f0d3ffff>8939220f46fffff>8939220f467ffff>8939220f477ffff>8939220f473ffff>8939220f477ffff
night,296575,148,97,230,3.649,8939220f19bffff>8939220f1d7ffff>8939220f1c7ffff>8939220f1c3ffff>8939220f1cfffff>8939220f1c3ffff>8939220f1cbffff>8939220f1dbffff>8939220f037ffff>8939220f027ffff>8939220f023ffff
night,296575,148,98,230,3.604,8939220f083ffff>8939220f093ffff>8939220f467ffff>8939220f477ffff>8939220f473ffff>8939220f447ffff>8939220f457ffff>8939220f453ffff>8939220a927ffff>8939220a923ffff>8939220a93bffff
night,296575,148,99,229,12.425,8939220f40bffff>8939220f403ffff>8939220f407ffff>8939220f417ffff>8939220f48fffff>8939220f483ffff>8939220f493ffff>89392201a2bffff>89392201a3bffff>89392201a07ffff>89392201a17ffff>89392201a8fffff>89392201a87ffff>8939220184bffff>8939220184fffff>89392201843ffff>89392201847ffff>89392201873ffff>8939220180fffff>89392201877ffff>8939220183bffff>89392201833ffff>893922018abffff>893922018a3ffff>893922018b3ffff>89392201d4bffff>89392201d43ffff>89392201d5bffff>89392201d53ffff>89392201dcbffff>89392201ddbffff>89392201ca7ffff>8939220036bffff>89392200363ffff>89392200373ffff
night,296575,148,100,229,6.208,8939220f40bffff>8939220f403ffff>8939220f407ffff>8939220f417ffff>8939220f48fffff>8939220f483ffff>8939220f493ffff>89392201a2bffff>89392201a3bffff>89392201a07ffff>89392201a17ffff>89392201a8fffff>89392201a87ffff>8939220184bffff>89392201843ffff>89392201847ffff>89392201873ffff>8939220180fffff
morning_peak,271960,136,1,313,4.006,8939220f19bffff>8939220f567ffff>8939220f56fffff>8939220f563ffff>8939220f57bffff>8939220f547ffff>8939220f543ffff>8939220f54fffff>8939220f54bffff>8939220f087ffff>8939220f097ffff>8939220f083ffff
morning_peak,271960,136,2,306,5.11,89392201a73ffff>89392201a77ffff>89392201a67ffff>89392201a2bffff>8939220f493ffff>8939220f483ffff>8939220f48fffff>8939220f417ffff>8939220f407ffff>8939220f43bffff>8939220f423ffff>8939220f42bffff>8939220f42fffff>8939220f093ffff>8939220f083ffff
morning_peak,271960,136,3,300,3.262,8939220f02fffff>8939220f027ffff>8939220f023ffff>8939220f03bffff>8939220f00fffff>8939220f003ffff>8939220f013ffff>8939220f08fffff>8939220f083ffff>8939220f087ffff
morning_peak,271960,136,4,290,3.263,8939220f08bffff>8939220f0c7ffff>8939220f013ffff>8939220f0c7ffff>8939220f0cfffff>8939220f057ffff>8939220f00bffff>8939220f073ffff>8939220f063ffff>8939220f067ffff
morning_peak,271960,136,5,287,3.621,8939220f523ffff>8939220f527ffff>8939220e253ffff>8939220e243ffff>8939220e247ffff>8939220e24fffff>8939220e27bffff>8939220e273ffff>8939220e20fffff>8939220e207ffff>8939220e2abffff
morning_peak,271960,136,6,287,3.268,8939220f067ffff>8939220f063ffff>8939220f073ffff>8939220f00bffff>8939220f057ffff>8939220f0cfffff>8939220f0cbffff>8939220f0dbffff>8939220f6afffff>8939220f6a3ffff
morning_peak,271960,136,7,286,4.728,8939220f067ffff>8939220f39bffff>8939220f393ffff>8939220f383ffff>8939220f397ffff>8939220f387ffff>8939220f3b3ffff>8939220f3a3ffff>8939220f3a7ffff>8939220c6d3ffff>8939220f16fffff>8939220c69bffff>8939220c68bffff>8939220c683ffff
morning_peak,271960,136,8,286,4.352,8939220e66fffff>8939220e2d7ffff>8939220e29bffff>8939220e66fffff>8939220e663ffff>8939220e67bffff>8939220e64fffff>8939220e64bffff>8939220f597ffff>8939220f583ffff>8939220f593ffff>8939220f59bffff>89392201b67ffff
morning_peak,271960,136,9,285,3.278,8939220f563ffff>8939220f56fffff>8939220f1d3ffff>8939220f1dbffff>8939220f037ffff>8939220f027ffff>8939220f023ffff>8939220f02fffff>8939220f393ffff>8939220f397ffff
morning_peak,271960,136,10,285,3.265,8939220f55bffff>8939220f427ffff>8939220f423ffff>8939220f43bffff>8939220f407ffff>8939220f40fffff>8939220f403ffff>8939220f41bffff>8939220f4c7ffff>8939220f4c3ffff
morning_peak,271960,136,11,276,3.3,8939220f517ffff>8939220f5bbffff>8939220f5abffff>8939220f5a3ffff>8939220f5afffff>8939220f5a7ffff>8939220e2dbffff>8939220e2cbffff>8939220e2c3ffff>8939220e2d3ffff
morning_peak,271960,136,12,274,5.077,8939220f167ffff>8939220f12bffff>8939220f177ffff>8939220f10fffff>8939220f10bffff>8939220f147ffff>8939220f157ffff>8939220f143ffff>8939220f153ffff>8939220f027ffff>8939220f023ffff>8939220f03bffff>8939220f00fffff>8939220f003ffff>8939220f013ffff
morning_peak,271960,136,13,271,7.222,8939220e2abffff>8939220e207ffff>8939220e20fffff>8939220e273ffff>8939220e27bffff>8939220e247ffff>8939220e243ffff>8939220e257ffff>8939220e253ffff>8939220f527ffff>8939220f523ffff>8939220f533ffff>8939220f5abffff>8939220f517ffff>8939220f513ffff>8939220f5c7ffff>8939220f5c3ffff>8939220f5dbffff>8939220f4afffff>8939220f4abffff>8939220f407ffff
morning_peak,271960,136,14,264,9.842,8939220f5c7ffff>8939220f58bffff>8939220f583ffff>8939220f593ffff>89392201b2fffff>89392201b23ffff>89392201b37ffff>89392201b33ffff>89392201bafffff>89392201ba7ffff>89392201bb7ffff>8939220196bffff>8939220197bffff>89392201973ffff>8939220190fffff>89392201903ffff>89392201907ffff>89392201917ffff>893922019bbffff>893922019b3ffff>89392200a4fffff>89392200a4bffff>89392200a43ffff>89392200a5bffff>89392201d27ffff>89392200acbffff>89392200adbffff>89392201da7ffff
morning_peak,271960,136,15,264,4.34,8939220ad77ffff>8939220ad2bffff>8939220ad2fffff>8939220a993ffff>8939220a997ffff>89392201a4bffff>89392201a43ffff>89392201a47ffff>89392201a0bffff>89392201a73ffff>89392201a77ffff>89392201a67ffff>89392201a2bffff
morning_peak,271960,136,16,258,11.342,8939220f407ffff>8939220f417ffff>8939220f48fffff>8939220f483ffff>8939220f493ffff>89392201a2bffff>89392201a3bffff>89392201a07ffff>89392201a17ffff>89392201a8fffff>89392201a87ffff>8939220184bffff>89392201843ffff>89392201847ffff>89392201873ffff>8939220180fffff>89392201877ffff>8939220183bffff>89392201833ffff>893922018abffff>893922018a3ffff>893922018b3ffff>89392201d4bffff>89392201d43ffff>89392201d5bffff>89392201d53ffff>89392201dcbffff>89392201ddbffff>89392201ca7ffff>8939220036bffff>89392200363ffff>89392200373ffff
morning_peak,271960,136,17,257,3.99,8939220f6b3ffff>8939220f6bbffff>8939220f6abffff>8939220f6afffff>8939220f0dbffff>8939220f0cbffff>8939220f0cfffff>8939220f057ffff>8939220f00bffff>8939220f073ffff>8939220f063ffff>8939220f067ffff
morning_peak,271960,136,18,256,12.425,8939220f40bffff>8939220f403ffff>8939220f407ffff>8939220f417ffff>8939220f48fffff>8939220f483ffff>8939220f493ffff>89392201a2bffff>89392201a3bffff>89392201a07ffff>89392201a17ffff>89392201a8fffff>89392201a87ffff>8939220184bffff>8939220184fffff>89392201843ffff>89392201847ffff>89392201873ffff>8939220180fffff>89392201877ffff>8939220183bffff>89392201833ffff>893922018abffff>893922018a3ffff>893922018b3ffff>89392201d4bffff>89392201d43ffff>89392201d5bffff>89392201d53ffff>89392201dcbffff>89392201ddbffff>89392201ca7ffff>8939220036bffff>89392200363ffff>89392200373ffff
morning_peak,271960,136,19,254,3.976,8939220f523ffff>8939220f527ffff>8939220e253ffff>8939220e257ffff>8939220e243ffff>8939220e247ffff>8939220e24fffff>8939220e27bffff>8939220e273ffff>8939220e20fffff>8939220e207ffff>8939220e2abffff
morning_peak,271960,136,20,253,4.722,8939220e2abffff>8939220e207ffff>8939220e203ffff>8939220e20fffff>8939220e20bffff>8939220e247ffff>8939220e24fffff>8939220e243ffff>8939220e24bffff>8939220f197ffff>8939220f193ffff>8939220f19bffff>8939220f567ffff>8939220f56fffff
morning_peak,271960,136,21,248,3.969,8939220f43bffff>8939220f423ffff>8939220f42bffff>8939220f42fffff>8939220f55bffff>8939220f543ffff>8939220f54fffff>8939220f57bffff>8939220f563ffff>8939220f56fffff>8939220f19bffff>8939220f18bffff
morning_peak,271960,136,22,247,12.078,8939220f407ffff>8939220f417ffff>8939220f48fffff>8939220f483ffff>8939220f493ffff>89392201a2bffff>89392201a3bffff>89392201a07ffff>89392201a17ffff>89392201a8fffff>89392201a87ffff>8939220184bffff>89392201843ffff>8939220184fffff>89392201847ffff>89392201873ffff>8939220180fffff>8939220183bffff>8939220182bffff>8939220183bffff>89392201833ffff>893922018abffff>893922018a3ffff>893922018b3ffff>89392201d4bffff>89392201d43ffff>89392201d5bffff>89392201d53ffff>89392201dcbffff>89392201ddbffff>89392201ca7ffff>8939220036bffff>89392200363ffff>89392200373ffff
morning_peak,271960,136,23,247,5.422,8939220f027ffff>8939220f023ffff>8939220f03bffff>8939220f00fffff>8939220f003ffff>8939220f013ffff>8939220f08bffff>8939220f0d7ffff>8939220f0d3ffff>8939220f46bffff>8939220f6b7ffff>8939220f6b3ffff>8939220f687ffff>8939220f683ffff>8939220f693ffff>8939220a92bffff
morning_peak,271960,136,24,244,4.696,8939220f44fffff>8939220f47bffff>8939220f447ffff>8939220f457ffff>8939220f40bffff>8939220f403ffff>8939220f407ffff>8939220f4abffff>8939220f4afffff>8939220f5dbffff>8939220f5c3ffff>8939220f5c7ffff>8939220f58bffff>8939220f583ffff
morning_peak,271960,136,25,244,3.287,8939220f40bffff>8939220f403ffff>8939220f407ffff>8939220f417ffff>8939220f48fffff>8939220f483ffff>8939220f493ffff>89392201a2bffff>89392201a2fffff>89392201a23ffff
morning_peak,271960,136,26,243,3.993,8939220a997ffff>8939220ad2fffff>8939220a993ffff>8939220a997ffff>89392201a4bffff>89392201a43ffff>89392201a47ffff>89392201a0bffff>89392201a73ffff>89392201a77ffff>89392201a67ffff>89392201a2bffff
morning_peak,271960,136,27,243,3.276,8939220f59bffff>8939220f58bffff>8939220f513ffff>8939220f58fffff>8939220f517ffff>8939220f5abffff>8939220f533ffff>8939220f523ffff>8939220f527ffff>8939220e253ffff
morning_peak,271960,136,28,242,6.494,8939220f027ffff>8939220f023ffff>8939220f03bffff>8939220f00fffff>8939220f003ffff>8939220f013ffff>8939220f08bffff>8939220f0d7ffff>8939220f0d3ffff>8939220f46bffff>8939220f6b7ffff>8939220f6b3ffff>8939220f687ffff>8939220f683ffff>8939220f69bffff>8939220a96fffff>8939220a963ffff>8939220a973ffff>8939220a947ffff
morning_peak,271960,136,29,241,6.164,8939220a957ffff>8939220a943ffff>8939220a94fffff>8939220abb7ffff>8939220aba7ffff>8939220f6d3ffff>8939220f6d7ffff>8939220f68bffff>8939220f613ffff>8939220f68fffff>8939220f617ffff>8939220f6abffff>8939220f6afffff>8939220f0dbffff>8939220f0cbffff>8939220f0cfffff>8939220f057ffff>8939220f00bffff
morning_peak,271960,136,30,241,5.849,8939220f083ffff>8939220f097ffff>8939220f55bffff>8939220f427ffff>8939220f423ffff>8939220f43bffff>8939220f407ffff>8939220f417ffff>8939220f48fffff>8939220f483ffff>8939220f493ffff>89392201a2bffff>89392201a3bffff>89392201a07ffff>89392201a17ffff>89392201a8fffff>89392201a8bffff
morning_peak,271960,136,31,239,5.118,8939220f6a7ffff>8939220f0dbffff>8939220f637ffff>8939220f627ffff>8939220f623ffff>8939220f637ffff>8939220f627ffff>8939220f05bffff>8939220f04bffff>8939220f2b3ffff>8939220f2a3ffff>8939220f2abffff>8939220f233ffff>8939220f2afffff>8939220f3dbffff
morning_peak,271960,136,32,239,3.968,8939220f423ffff>8939220f42bffff>8939220f42fffff>8939220f55bffff>8939220f543ffff>8939220f54fffff>8939220f57bffff>8939220f563ffff>8939220f56fffff>8939220f19bffff>8939220f18bffff>8939220f18fffff
morning_peak,271960,136,33,238,13.092,8939220f5c7ffff>8939220f58bffff>8939220f583ffff>8939220f593ffff>89392201b2fffff>89392201b23ffff>89392201b37ffff>89392201b33ffff>89392201bafffff>89392201ba7ffff>89392201bb7ffff>8939220196bffff>8939220197bffff>89392201963ffff>89392201967ffff>89392201977ffff>8939220190fffff>8939220190bffff>89392201957ffff>89392201953ffff>89392201827ffff>89392201823ffff>8939220183bffff>89392201833ffff>893922018abffff>893922018a3ffff>893922018b3ffff>89392201d4bffff>89392201d43ffff>89392201d5bffff>89392201d53ffff>89392201dcbffff>89392201ddbffff>89392201ca7ffff>8939220036bffff>89392200363ffff>89392200373ffff
morning_peak,271960,136,34,238,6.601,8939220f407ffff>8939220f417ffff>8939220f48fffff>8939220f483ffff>8939220f493ffff>89392201a2bffff>89392201a3bffff>89392201a07ffff>89392201a17ffff>89392201a8fffff>89392201a8bffff>89392201a9bffff>89392201e67ffff>89392201e77ffff>89392201e0fffff>89392201e03ffff>89392201e13ffff>89392201e17ffff>89392201e8fffff
morning_peak,271960,136,35,238,3.626,8939220f467ffff>8939220f477ffff>8939220f473ffff>8939220f447ffff>8939220f457ffff>8939220f453ffff>8939220f4cbffff>8939220a937ffff>8939220a9afffff>8939220a9abffff>8939220a9bbffff
morning_peak,271960,136,36,237,7.688,8939220f457ffff>8939220f447ffff>8939220f47bffff>8939220f6b7ffff>8939220f6a7ffff>8939220f0dbffff>8939220f637ffff>8939220f627ffff>8939220f623ffff>8939220f637ffff>8939220f627ffff>8939220f05bffff>8939220f04bffff>8939220f2b3ffff>8939220f2a3ffff>8939220f2abffff>8939220f233ffff>8939220f23bffff>8939220f223ffff>8939220f22fffff>8939220f227ffff>8939220f237ffff
morning_peak,271960,136,37,236,6.135,8939220f447ffff>8939220f457ffff>8939220f40bffff>8939220f403ffff>8939220f407ffff>8939220f4abffff>8939220f4afffff>8939220f5dbffff>8939220f5c3ffff>8939220f5c7ffff>8939220f513ffff>8939220f517ffff>8939220f5abffff>8939220f533ffff>8939220f523ffff>8939220f537ffff>8939220e2cbffff>8939220e2c3ffff
morning_peak,271960,136,38,236,4.686,8939220a947ffff>8939220a973ffff>8939220a963ffff>8939220a96fffff>8939220f69bffff>8939220f683ffff>8939220f687ffff>8939220f6b3ffff>8939220f6b7ffff>8939220f46bffff>8939220f0d3ffff>8939220f0d7ffff>8939220f08bffff>8939220f013ffff
morning_peak,271960,136,39,235,11.27,8939220f023ffff>8939220f02bffff>8939220f02fffff>8939220f023ffff>8939220f027ffff>8939220f037ffff>8939220f1cbffff>8939220f1dbffff>8939220f1d3ffff>8939220f56fffff>8939220f567ffff>8939220f52bffff>8939220f523ffff>8939220f527ffff>8939220e253ffff>8939220e257ffff>8939220e2cfffff>8939220e21bffff>8939220e2c7ffff>8939220e28bffff>8939220e283ffff>8939220e293ffff>8939220e62fffff>8939220e627ffff>8939220e053ffff>8939220e0cbffff>8939220e0cfffff>8939220e0c7ffff>8939220e0cfffff>8939220e0c3ffff>8939220e0cbffff>8939220e0dbffff
morning_peak,271960,136,40,235,6.52,8939220f523ffff>8939220f537ffff>8939220f533ffff>8939220f5abffff>8939220f517ffff>8939220f513ffff>8939220f5c7ffff>8939220f5c3ffff>8939220f5dbffff>8939220f4afffff>8939220f4abffff>8939220f407ffff>8939220f417ffff>8939220f48fffff>8939220f483ffff>8939220f493ffff>89392201a2bffff>89392201a2fffff>89392201a23ffff
morning_peak,271960,136,41,235,3.624,8939220f02fffff>8939220f027ffff>8939220f1cbffff>8939220f1cfffff>8939220f1c3ffff>8939220f1c7ffff>8939220f1d7ffff>8939220f19bffff>8939220f193ffff>8939220f197ffff>8939220e24bffff
morning_peak,271960,136,42,234,13.092,8939220f58bffff>8939220f583ffff>8939220f593ffff>89392201b2fffff>89392201b23ffff>89392201b37ffff>89392201b33ffff>89392201bafffff>89392201ba7ffff>89392201bb7ffff>8939220196bffff>8939220197bffff>89392201963ffff>89392201967ffff>89392201977ffff>8939220190fffff>8939220190bffff>89392201957ffff>89392201953ffff>89392201827ffff>89392201823ffff>8939220183bffff>89392201833ffff>893922018abffff>893922018a3ffff>893922018b3ffff>89392201d4bffff>89392201d43ffff>89392201d5bffff>89392201d53ffff>89392201dcbffff>89392201ddbffff>89392201ca7ffff>8939220036bffff>89392200363ffff>89392200373ffff>8939220037bffff
morning_peak,271960,136,43,234,3.966,8939220f407ffff>8939220f4abffff>8939220f4afffff>8939220f5dbffff>8939220f5c3ffff>8939220f5c7ffff>8939220f513ffff>8939220f517ffff>8939220f5abffff>8939220f533ffff>8939220f523ffff>8939220f52bffff
morning_peak,271960,136,44,233,9.12,8939220f5c7ffff>8939220f58bffff>8939220f583ffff>8939220f593ffff>89392201b2fffff>89392201b23ffff>89392201b37ffff>89392201b33ffff>89392201bafffff>89392201ba7ffff>89392201bb7ffff>8939220196bffff>8939220197bffff>89392201973ffff>8939220190fffff>89392201903ffff>89392201907ffff>89392201917ffff>893922019bbffff>893922019b3ffff>89392200a4bffff>89392200a4fffff>89392200a43ffff>89392200a57ffff>89392200a1bffff>89392200ac7ffff
morning_peak,271960,136,45,233,4.017,8939220f49bffff>8939220f493ffff>8939220f483ffff>8939220f48fffff>8939220f417ffff>8939220f407ffff>8939220f43bffff>8939220f423ffff>8939220f42bffff>8939220f42fffff>8939220f093ffff>8939220f083ffff
morning_peak,271960,136,46,233,3.262,8939220f397ffff>8939220f15bffff>8939220f027ffff>8939220f023ffff>8939220f03bffff>8939220f00fffff>8939220f007ffff>8939220f017ffff>8939220f0abffff>8939220f0bbffff
morning_peak,271960,136,47,232,12.078,8939220f407ffff>8939220f417ffff>8939220f48fffff>8939220f483ffff>8939220f493ffff>89392201a2bffff>89392201a3bffff>89392201a07ffff>89392201a17ffff>89392201a8fffff>89392201a87ffff>8939220184bffff>8939220184fffff>89392201843ffff>8939220184fffff>89392201847ffff>89392201873ffff>8939220180fffff>89392201877ffff>8939220183bffff>89392201833ffff>893922018abffff>893922018a3ffff>893922018b3ffff>89392201d4bffff>89392201d43ffff>89392201d5bffff>89392201d53ffff>89392201dcbffff>89392201ddbffff>89392201ca7ffff>8939220036bffff>89392200363ffff>89392200373ffff
morning_peak,271960,136,48,232,5.759,8939220e66fffff>8939220e2d7ffff>8939220e2c3ffff>8939220e2cbffff>8939220f537ffff>8939220f533ffff>8939220f5abffff>8939220f517ffff>8939220f513ffff>8939220f5c7ffff>8939220f5c3ffff>8939220f5dbffff>8939220f4afffff>8939220f4abffff>8939220f407ffff>8939220f403ffff>8939220f41bffff
morning_peak,271960,136,49,232,3.62,8939220f4c3ffff>8939220f4c7ffff>8939220f41bffff>8939220f403ffff>8939220f40fffff>8939220f43bffff>8939220f423ffff>8939220f42bffff>8939220f42fffff>8939220f093ffff>8939220f083ffff
morning_peak,271960,136,50,232,3.264,8939220e2abffff>8939220e2afffff>8939220e237ffff>8939220e3cbffff>8939220e353ffff>8939220e343ffff>8939220e35bffff>8939220e34bffff>8939220c497ffff>8939220c483ffff
morning_peak,271960,136,51,230,5.767,8939220f52fffff>8939220f193ffff>8939220f52bffff>8939220f523ffff>8939220f537ffff>8939220f533ffff>8939220f5abffff>8939220f517ffff>8939220f513ffff>8939220f5c7ffff>8939220f5c3ffff>8939220f5dbffff>8939220f4afffff>8939220f4abffff>8939220f407ffff>8939220f403ffff>8939220f41bffff
morning_peak,271960,136,52,230,5.405,8939220f40bffff>8939220f403ffff>8939220f407ffff>8939220f4abffff>8939220f4afffff>8939220f5dbffff>8939220f5c3ffff>8939220f5c7ffff>8939220f58bffff>8939220f583ffff>8939220f597ffff>8939220e64bffff>8939220e64fffff>8939220e67bffff>8939220e663ffff>8939220e66bffff
morning_peak,271960,136,53,229,6.531,8939220a9cfffff>8939220a957ffff>8939220a943ffff>8939220a94fffff>8939220abb7ffff>8939220a96bffff>8939220f6d3ffff>8939220f6d7ffff>8939220f68bffff>8939220f613ffff>8939220f68fffff>8939220f617ffff>8939220f6abffff>8939220f6afffff>8939220f0dbffff>8939220f0cbffff>8939220f0cfffff>8939220f057ffff>8939220f00bffff
morning_peak,271960,136,54,228,12.062,8939220f407ffff>8939220f417ffff>8939220f48fffff>8939220f483ffff>8939220f493ffff>89392201a2bffff>89392201a3bffff>89392201a07ffff>89392201a17ffff>89392201a8fffff>89392201a87ffff>8939220184bffff>8939220184fffff>89392201843ffff>89392201847ffff>89392201873ffff>8939220180fffff>8939220183bffff>8939220182bffff>8939220183bffff>89392201833ffff>893922018abffff>893922018a3ffff>893922018b3ffff>89392201d4bffff>89392201d43ffff>89392201d5bffff>89392201d53ffff>89392201dcbffff>89392201ddbffff>89392201ca7ffff>8939220036bffff>89392200363ffff>89392200373ffff
morning_peak,271960,136,55,228,4.0,8939220c4dbffff>8939220f1afffff>8939220f133ffff>8939220f1abffff>8939220f107ffff>8939220f10fffff>8939220f10bffff>8939220f147ffff>8939220f157ffff>8939220f143ffff>8939220f153ffff>8939220f027ffff
morning_peak,271960,136,56,227,8.683,8939220c697ffff>8939220f12fffff>8939220f127ffff>8939220f123ffff>8939220f137ffff>8939220c4dbffff>8939220c4d3ffff>8939220e26bffff>8939220e27bffff>8939220e247ffff>8939220e243ffff>8939220e257ffff>8939220e253ffff>8939220f527ffff>8939220f523ffff>8939220f533ffff>8939220f5abffff>8939220f517ffff>8939220f513ffff>8939220f5c7ffff>8939220f5c3ffff>8939220f5dbffff>8939220f4afffff>8939220f4abffff>8939220f407ffff
morning_peak,271960,136,57,227,3.633,8939220f08bffff>8939220f0d7ffff>8939220f0c7ffff>8939220f0c3ffff>8939220f0d3ffff>8939220f6a7ffff>8939220f6b7ffff>8939220f47bffff>8939220f447ffff>8939220f457ffff>8939220f40bffff
morning_peak,271960,136,58,227,3.271,8939220f083ffff>8939220f097ffff>8939220f55bffff>8939220f427ffff>8939220f423ffff>8939220f43bffff>8939220f407ffff>8939220f40fffff>8939220f403ffff>8939220f41bffff
morning_peak,271960,136,59,226,7.201,8939220e247ffff>8939220e243ffff>8939220e257ffff>8939220e253ffff>8939220f527ffff>8939220f523ffff>8939220f533ffff>8939220f5abffff>8939220f517ffff>8939220f513ffff>8939220f5c7ffff>8939220f5c3ffff>8939220f5dbffff>8939220f4afffff>8939220f4abffff>8939220f407ffff>8939220f403ffff>8939220f41bffff>8939220f40bffff>8939220f457ffff>8939220f447ffff
morning_peak,271960,136,60,226,6.852,8939220f447ffff>8939220f457ffff>8939220f40bffff>8939220f41bffff>8939220f40bffff>8939220f403ffff>8939220f407ffff>8939220f4abffff>8939220f4afffff>8939220f5dbffff>8939220f5c3ffff>8939220f5c7ffff>8939220f513ffff>8939220f517ffff>8939220f5abffff>8939220f533ffff>8939220f537ffff>8939220f523ffff>8939220f527ffff>8939220e253ffff
morning_peak,271960,136,61,225,4.717,8939220f523ffff>8939220f527ffff>8939220e253ffff>8939220e243ffff>8939220e247ffff>8939220e24fffff>8939220e27bffff>8939220e26bffff>8939220c4d3ffff>8939220e26fffff>8939220c49bffff>8939220c493ffff>8939220c483ffff>8939220c497ffff
morning_peak,271960,136,62,225,4.004,89392201c83ffff>89392201c87ffff>89392201cbbffff>89392201ca3ffff>89392201cabffff>89392201cafffff>89392201c37ffff>89392201cafffff>89392201ca7ffff>8939220036bffff>89392200363ffff>89392200373ffff
morning_peak,271960,136,63,225,4.001,8939220f00fffff>8939220f003ffff>8939220f013ffff>8939220f08bffff>8939220f0d7ffff>8939220f0d3ffff>8939220f46bffff>8939220f6b7ffff>8939220f6b3ffff>8939220f44bffff>8939220f443ffff>8939220f453ffff
morning_peak,271960,136,64,224,4.003,8939220f10bffff>8939220f103ffff>8939220f117ffff>8939220f1bbffff>8939220f1b3ffff>8939220f1b7ffff>8939220e24fffff>8939220e27bffff>8939220e273ffff>8939220e20fffff>8939220e207ffff>8939220e2abffff
morning_peak,271960,136,65,224,3.649,8939220f627ffff>8939220f637ffff>8939220f0dbffff>8939220f6a7ffff>8939220f6b7ffff>8939220f47bffff>8939220f447ffff>8939220f457ffff>8939220f40bffff>8939220f403ffff>8939220f407ffff
morning_peak,271960,136,66,223,5.432,8939220f44fffff>8939220f47bffff>8939220f447ffff>8939220f457ffff>8939220f40bffff>8939220f41bffff>8939220f40bffff>8939220f403ffff>8939220f407ffff>8939220f4abffff>8939220f4afffff>8939220f5dbffff>8939220f5c3ffff>8939220f5c7ffff>8939220f58bffff>8939220f583ffff
morning_peak,271960,136,67,223,4.716,8939220e2abffff>8939220e2bbffff>8939220e2a3ffff>8939220e2b3ffff>8939220e2b7ffff>8939220e04fffff>8939220e07bffff>8939220e047ffff>8939220e073ffff>8939220e00fffff>8939220e007ffff>8939220e0abffff>8939220e0afffff>8939220e0a7ffff
morning_peak,271960,136,68,223,3.966,8939220f58bffff>8939220f5c7ffff>8939220f5c3ffff>8939220f5dbffff>8939220f4afffff>8939220f4abffff>8939220f407ffff>8939220f403ffff>8939220f41bffff>8939220f40bffff>8939220f457ffff>8939220f447ffff
morning_peak,271960,136,69,222,7.198,8939220f1b3ffff>8939220f1b7ffff>8939220e24fffff>8939220e27bffff>8939220e247ffff>8939220e243ffff>8939220e257ffff>8939220e253ffff>8939220f527ffff>8939220f523ffff>8939220f537ffff>8939220f533ffff>8939220f5abffff>8939220f517ffff>8939220f513ffff>8939220f5c7ffff>8939220f5c3ffff>8939220f5dbffff>8939220f4afffff>8939220f4abffff>8939220f407ffff
morning_peak,271960,136,70,222,6.484,8939220f47bffff>8939220f447ffff>8939220f457ffff>8939220f40bffff>8939220f403ffff>8939220f407ffff>8939220f4abffff>8939220f4afffff>8939220f5dbffff>8939220f5c3ffff>8939220f5c7ffff>8939220f513ffff>8939220f517ffff>8939220f5abffff>8939220f533ffff>8939220f537ffff>8939220f523ffff>8939220f527ffff>8939220e253ffff
morning_peak,271960,136,71,222,5.762,8939220e253ffff>8939220f527ffff>8939220f523ffff>8939220f533ffff>8939220f5abffff>8939220f517ffff>8939220f513ffff>8939220f5c7ffff>8939220f5c3ffff>8939220f5dbffff>8939220f4afffff>8939220f4abffff>8939220f407ffff>8939220f403ffff>8939220f40bffff>8939220f457ffff>8939220f447ffff
morning_peak,271960,136,72,222,4.715,8939220f507ffff>8939220f517ffff>8939220f513ffff>8939220f5c7ffff>8939220f5c3ffff>8939220f5dbffff>8939220f4afffff>8939220f4abffff>8939220f407ffff>8939220f417ffff>8939220f48fffff>8939220f483ffff>8939220f493ffff>89392201a2bffff
morning_peak,271960,136,73,222,3.625,8939220f6abffff>8939220f6afffff>8939220f0dbffff>8939220f0cbffff>8939220f0cfffff>8939220f057ffff>8939220f00bffff>8939220f073ffff>8939220f063ffff>8939220f067ffff>8939220f39bffff
morning_peak,271960,136,74,221,5.427,8939220f19bffff>8939220f567ffff>8939220f56fffff>8939220f563ffff>8939220f57bffff>8939220f547ffff>8939220f543ffff>8939220f55bffff>8939220f427ffff>8939220f423ffff>8939220f42bffff>8939220f477ffff>8939220f473ffff>8939220f447ffff>8939220f457ffff>8939220f453ffff
morning_peak,271960,136,75,220,4.366,8939220f0bbffff>8939220f0a3ffff>8939220f0afffff>8939220f1dbffff>8939220f1cbffff>8939220f153ffff>8939220f1cfffff>8939220f157ffff>8939220f147ffff>8939220f10bffff>8939220f10fffff>8939220f177ffff>8939220f12bffff
morning_peak,271960,136,76,220,3.267,8939220f023ffff>8939220f027ffff>8939220f037ffff>8939220f1cbffff>8939220f1dbffff>8939220f1d3ffff>8939220f56fffff>8939220f567ffff>8939220f52bffff>8939220f577ffff
morning_peak,271960,136,77,219,15.277,8939220e213ffff>8939220e28bffff>8939220e283ffff>8939220e293ffff>8939220e62fffff>8939220e627ffff>8939220e053ffff>8939220e0cbffff>8939220e0cfffff>8939220e0c7ffff>8939220e0cfffff>8939220e0c3ffff>8939220e0cbffff>8939220e0dbffff>8939220e6afffff>8939220e6a3ffff>8939220e6bbffff>8939220e687ffff>8939220e683ffff>8939220e693ffff>89392201967ffff>89392201977ffff>8939220190fffff>8939220190bffff>89392201957ffff>89392201953ffff>89392201827ffff>89392201823ffff>8939220183bffff>89392201833ffff>893922018abffff>893922018a3ffff>893922018b3ffff>89392201d4bffff>89392201d43ffff>89392201d5bffff>89392201d53ffff>89392201dcbffff>89392201ddbffff>89392201ca7ffff>8939220036bffff>89392200363ffff>89392200373ffff
morning_peak,271960,136,78,219,4.718,8939220f43bffff>8939220f423ffff>8939220f42bffff>8939220f42fffff>8939220f093ffff>8939220f083ffff>8939220f08fffff>8939220f013ffff>8939220f003ffff>8939220f00fffff>8939220f03bffff>8939220f077ffff>8939220f02bffff>8939220f02fffff
morning_peak,271960,136,79,219,4.379,89392201c97ffff>89392201c87ffff>89392201cbbffff>89392201ca3ffff>89392201cabffff>89392201cafffff>89392201c37ffff>89392201cafffff>89392201ca7ffff>8939220036bffff>89392200363ffff>89392200373ffff>8939220037bffff
morning_peak,271960,136,80,218,3.617,8939220f083ffff>8939220f097ffff>8939220f083ffff>8939220f09bffff>8939220f093ffff>8939220f467ffff>8939220f477ffff>8939220f473ffff>8939220f447ffff>8939220f457ffff>8939220f453ffff
morning_peak,271960,136,81,217,7.969,89392201a73ffff>89392201a77ffff>89392201a67ffff>89392201a2bffff>89392201a2fffff>89392201b5bffff>89392201b53ffff>89392201b57ffff>89392201b47ffff>89392201b73ffff>89392201b7bffff>89392201b63ffff>89392201b6fffff>89392201b67ffff>8939220f59bffff>8939220f593ffff>8939220f583ffff>8939220f597ffff>8939220e64bffff>8939220e64fffff>8939220e67bffff>8939220e663ffff>8939220e66fffff
morning_peak,271960,136,82,217,7.223,8939220f44fffff>8939220f47bffff>8939220f447ffff>8939220f457ffff>8939220f40bffff>8939220f41bffff>8939220f40bffff>8939220f403ffff>8939220f407ffff>8939220f4abffff>8939220f4afffff>8939220f5dbffff>8939220f5c3ffff>8939220f5c7ffff>8939220f513ffff>8939220f517ffff>8939220f5abffff>8939220f533ffff>8939220f523ffff>8939220f527ffff>8939220e253ffff
morning_peak,271960,136,83,217,6.571,8939220c697ffff>8939220c45bffff>8939220c443ffff>8939220c457ffff>8939220c41bffff>8939220c40bffff>8939220c403ffff>8939220c40fffff>8939220c43bffff>8939220c42bffff>8939220c093ffff>8939220c097ffff>8939220c083ffff>8939220c08fffff>8939220c013ffff>8939220c003ffff>8939220c00fffff>8939220c077ffff>8939220c067ffff
morning_peak,271960,136,84,217,5.857,8939220f55bffff>8939220f427ffff>8939220f423ffff>8939220f43bffff>8939220f407ffff>8939220f417ffff>8939220f48fffff>8939220f483ffff>8939220f493ffff>89392201a2bffff>89392201a3bffff>89392201a07ffff>89392201a17ffff>89392201a8fffff>89392201a87ffff>8939220184bffff>89392201843ffff
morning_peak,271960,136,85,217,3.615,8939220f69bffff>8939220f68bffff>8939220f68fffff>8939220f617ffff>8939220f6abffff>8939220f6afffff>8939220f0dbffff>8939220f0cbffff>8939220f0cfffff>8939220f057ffff>8939220f00bffff
morning_peak,271960,136,86,216,10.923,8939220c683ffff>8939220c693ffff>8939220c697ffff>8939220f12fffff>8939220f127ffff>8939220f123ffff>8939220f137ffff>8939220c4dbffff>8939220c4d3ffff>8939220e26bffff>8939220e27bffff>8939220e24fffff>8939220e247ffff>8939220e243ffff>8939220e257ffff>8939220e2cfffff>8939220e21bffff>8939220e2c7ffff>8939220e28bffff>8939220e283ffff>8939220e293ffff>8939220e62fffff>8939220e627ffff>8939220e053ffff>8939220e0cbffff>8939220e0cfffff>8939220e0c7ffff>8939220e0cfffff>8939220e0c3ffff>8939220e0cbffff>8939220e0dbffff
morning_peak,271960,136,87,216,4.734,8939220f02bffff>8939220f02fffff>8939220f023ffff>8939220f027ffff>8939220f037ffff>8939220f1cbffff>8939220f1dbffff>8939220f1cbffff>8939220f1c3ffff>8939220f1cfffff>8939220f1c3ffff>8939220f1c7ffff>8939220f1d7ffff>8939220f19bffff
morning_peak,271960,136,88,216,4.713,8939220f083ffff>8939220f097ffff>8939220f083ffff>8939220f093ffff>8939220f467ffff>8939220f477ffff>8939220f473ffff>8939220f447ffff>8939220f457ffff>8939220f453ffff>8939220f4cbffff>8939220a937ffff>8939220a9afffff>8939220a9abffff
morning_peak,271960,136,89,215,6.53,89392201a73ffff>89392201a77ffff>89392201a67ffff>89392201a2bffff>8939220f493ffff>8939220f483ffff>8939220f48fffff>8939220f417ffff>8939220f407ffff>8939220f4abffff>8939220f4afffff>8939220f5dbffff>8939220f5c3ffff>8939220f5c7ffff>8939220f513ffff>8939220f517ffff>8939220f5abffff>8939220f533ffff>8939220f523ffff
morning_peak,271960,136,90,215,5.486,8939220f03bffff>8939220f007ffff>8939220f00fffff>8939220f003ffff>8939220f013ffff>8939220f08bffff>8939220f0c7ffff>8939220f0d7ffff>8939220f0c3ffff>8939220f0d3ffff>8939220f6a7ffff>8939220f6b7ffff>8939220f47bffff>8939220f447ffff>8939220f457ffff>8939220f40bffff
morning_peak,271960,136,91,215,4.71,8939220f02fffff>8939220f027ffff>8939220f023ffff>8939220f03bffff>8939220f00fffff>8939220f003ffff>8939220f013ffff>8939220f08bffff>8939220f0d7ffff>8939220f0d3ffff>8939220f46fffff>8939220f467ffff>8939220f477ffff>8939220f473ffff
morning_peak,271960,136,92,215,3.627,8939220f167ffff>8939220f12bffff>8939220f177ffff>8939220f163ffff>8939220f17bffff>8939220f14fffff>8939220f143ffff>8939220f14bffff>8939220f15bffff>8939220f14bffff>8939220f397ffff
morning_peak,271960,136,93,214,5.854,8939220f43bffff>8939220f407ffff>8939220f417ffff>8939220f48fffff>8939220f483ffff>8939220f493ffff>89392201a2bffff>89392201a3bffff>89392201a07ffff>89392201a17ffff>89392201a8fffff>89392201a87ffff>8939220184bffff>89392201843ffff>89392201847ffff>89392201873ffff>8939220180fffff
morning_peak,271960,136,94,214,5.451,89392201a2bffff>8939220f493ffff>8939220f483ffff>8939220f48fffff>8939220f417ffff>8939220f407ffff>8939220f43bffff>8939220f423ffff>8939220f42bffff>8939220f42fffff>8939220f55bffff>8939220f543ffff>8939220f54fffff>8939220f57bffff>8939220f563ffff>8939220f56fffff
morning_peak,271960,136,95,214,3.976,8939220f067ffff>8939220f393ffff>8939220f383ffff>8939220f387ffff>8939220f3b3ffff>8939220f3a3ffff>8939220f3a7ffff>8939220c6d3ffff>8939220f16fffff>8939220c69bffff>8939220c68bffff>8939220c683ffff
morning_peak,271960,136,96,213,12.07,8939220f43bffff>8939220f407ffff>8939220f417ffff>8939220f48fffff>8939220f483ffff>8939220f493ffff>89392201a2bffff>89392201a3bffff>89392201a07ffff>89392201a17ffff>89392201a8fffff>89392201a87ffff>8939220184bffff>8939220184fffff>89392201843ffff>89392201847ffff>89392201873ffff>8939220180fffff>89392201877ffff>8939220183bffff>89392201833ffff>893922018abffff>893922018a3ffff>893922018b3ffff>89392201d4bffff>89392201d43ffff>89392201d5bffff>89392201d53ffff>89392201dcbffff>89392201ddbffff>89392201ca7ffff>8939220036bffff>89392200363ffff>89392200373ffff
morning_peak,271960,136,97,213,6.186,89392201c27ffff>89392201d53ffff>89392201d5bffff>89392201d43ffff>89392201d4bffff>893922018b3ffff>893922018a3ffff>893922018abffff>89392201833ffff>8939220183bffff>8939220180fffff>89392201873ffff>8939220180bffff>89392201847ffff>89392201843ffff>8939220184bffff>89392201a87ffff>89392201a8fffff
morning_peak,271960,136,98,213,3.638,8939220f553ffff>8939220f543ffff>8939220f55bffff>8939220f54bffff>8939220f087ffff>8939220f0b3ffff>8939220f0bbffff>8939220f0abffff>8939220f017ffff>8939220f003ffff>8939220f00fffff
morning_peak,271960,136,99,212,7.223,8939220f453ffff>8939220f457ffff>8939220f447ffff>8939220f457ffff>8939220f40bffff>8939220f41bffff>8939220f40bffff>8939220f403ffff>8939220f407ffff>8939220f4abffff>8939220f4afffff>8939220f5dbffff>8939220f5c3ffff>8939220f5c7ffff>8939220f513ffff>8939220f517ffff>8939220f5abffff>8939220f533ffff>8939220f523ffff>8939220f527ffff>8939220e253ffff
morning_peak,271960,136,100,212,3.254,89392201b4bffff>8939220f487ffff>8939220f4b3ffff>8939220f4bbffff>8939220f4a3ffff>8939220f4abffff>8939220f4afffff>8939220f433ffff>8939220f437ffff>8939220f423ffff
midday,506599,253,1,818,4.012,8939220f477ffff>8939220f473ffff>8939220f477ffff>8939220f43bffff>8939220f407ffff>8939220f417ffff>8939220f48fffff>8939220f483ffff>8939220f493ffff>89392201a2bffff>89392201a2fffff>89392201a23ffff
midday,506599,253,2,678,3.638,8939220f397ffff>8939220f15bffff>8939220f027ffff>8939220f023ffff>8939220f03bffff>8939220f00fffff>8939220f003ffff>8939220f013ffff>8939220f08fffff>8939220f083ffff>8939220f097ffff
midday,506599,253,3,620,5.807,8939220f167ffff>8939220f12bffff>8939220f167ffff>8939220c69bffff>8939220c683ffff>8939220c68bffff>8939220c69bffff>8939220f16fffff>8939220c6d3ffff>8939220f3a7ffff>8939220f3a3ffff>8939220f3b3ffff>8939220f387ffff>8939220f397ffff>8939220f383ffff>8939220f393ffff>8939220f067ffff
midday,506599,253,4,594,3.99,8939220f6b3ffff>8939220f6bbffff>8939220f6abffff>8939220f6afffff>8939220f0dbffff>8939220f0cbffff>8939220f0cfffff>8939220f057ffff>8939220f00bffff>8939220f073ffff>8939220f063ffff>8939220f067ffff
midday,506599,253,5,592,6.136,8939220f027ffff>8939220f023ffff>8939220f03bffff>8939220f00fffff>8939220f003ffff>8939220f013ffff>8939220f08bffff>8939220f0d7ffff>8939220f0d3ffff>8939220f46bffff>8939220f6b7ffff>8939220f6b3ffff>8939220f687ffff>8939220f683ffff>8939220f69bffff>8939220a96fffff>8939220a963ffff>8939220a973ffff
midday,506599,253,6,570,3.976,8939220f523ffff>8939220f527ffff>8939220e253ffff>8939220e257ffff>8939220e243ffff>8939220e247ffff>8939220e24fffff>8939220e27bffff>8939220e273ffff>8939220e20fffff>8939220e207ffff>8939220e2abffff
midday,506599,253,7,531,3.609,8939220f477ffff>8939220f473ffff>8939220f447ffff>8939220f457ffff>8939220f453ffff>8939220a927ffff>8939220a923ffff>8939220a92bffff>8939220a93bffff>8939220a977ffff>8939220a973ffff
midday,506599,253,8,517,3.243,8939220f54fffff>8939220f57bffff>8939220f563ffff>8939220f56fffff>8939220f19bffff>8939220f18bffff>8939220f18fffff>8939220f1bbffff>8939220f1b3ffff>8939220f1b7ffff
midday,506599,253,9,487,3.278,8939220f563ffff>8939220f56fffff>8939220f1d3ffff>8939220f1dbffff>8939220f037ffff>8939220f027ffff>8939220f023ffff>8939220f02fffff>8939220f393ffff>8939220f397ffff
midday,506599,253,10,485,4.335,8939220a973ffff>8939220a977ffff>8939220a93bffff>8939220a92bffff>8939220a923ffff>8939220a927ffff>8939220f453ffff>8939220f457ffff>8939220f447ffff>8939220f473ffff>8939220f477ffff>8939220f467ffff>8939220f093ffff
midday,506599,253,11,479,4.366,8939220f0bbffff>8939220f0a3ffff>8939220f0afffff>8939220f1dbffff>8939220f1cbffff>8939220f153ffff>8939220f1cfffff>8939220f157ffff>8939220f147ffff>8939220f10bffff>8939220f10fffff>8939220f177ffff>8939220f12bffff
midday,506599,253,12,479,3.268,8939220f067ffff>8939220f063ffff>8939220f073ffff>8939220f00bffff>8939220f057ffff>8939220f0cfffff>8939220f0cbffff>8939220f0dbffff>8939220f6afffff>8939220f6a3ffff
midday,506599,253,13,475,6.155,8939220abb7ffff>8939220a96bffff>8939220f6d3ffff>8939220f6d7ffff>8939220f68bffff>8939220f613ffff>8939220f68fffff>8939220f617ffff>8939220f6abffff>8939220f6afffff>8939220f0dbffff>8939220f0cbffff>8939220f0cfffff>8939220f057ffff>8939220f00bffff>8939220f073ffff>8939220f063ffff>8939220f067ffff
midday,506599,253,14,474,5.394,8939220e2d3ffff>8939220f5a7ffff>8939220f5afffff>8939220f537ffff>8939220f533ffff>8939220f5abffff>8939220f517ffff>8939220f513ffff>8939220f5c7ffff>8939220f5c3ffff>8939220f5dbffff>8939220f4afffff>8939220f4abffff>8939220f407ffff>8939220f403ffff>8939220f41bffff
midday,506599,253,15,462,5.442,8939220f067ffff>8939220f393ffff>8939220f383ffff>8939220f397ffff>8939220f387ffff>8939220f3b3ffff>8939220f3a3ffff>8939220f3a7ffff>8939220c6d3ffff>8939220f16fffff>8939220c69bffff>8939220c68bffff>8939220c683ffff>8939220c69bffff>8939220f167ffff>8939220f12bffff
midday,506599,253,16,460,11.707,8939220f407ffff>8939220f417ffff>8939220f48fffff>8939220f483ffff>8939220f493ffff>89392201a2bffff>89392201a3bffff>89392201a07ffff>89392201a17ffff>89392201a8fffff>89392201a87ffff>8939220184bffff>8939220184fffff>89392201847ffff>89392201873ffff>8939220180fffff>89392201877ffff>8939220183bffff>89392201833ffff>893922018abffff>893922018a3ffff>893922018b3ffff>89392201d4bffff>89392201d43ffff>89392201d5bffff>89392201d53ffff>89392201dcbffff>89392201ddbffff>89392201ca7ffff>8939220036bffff>89392200363ffff>89392200373ffff>8939220037bffff
midday,506599,253,17,460,4.715,8939220f507ffff>8939220f517ffff>8939220f513ffff>8939220f5c7ffff>8939220f5c3ffff>8939220f5dbffff>8939220f4afffff>8939220f4abffff>8939220f407ffff>8939220f417ffff>8939220f48fffff>8939220f483ffff>8939220f493ffff>89392201a2bffff
midday,506599,253,18,459,5.04,8939220f423ffff>8939220f43bffff>8939220f407ffff>8939220f4abffff>8939220f4afffff>8939220f5dbffff>8939220f5c3ffff>8939220f5c7ffff>8939220f513ffff>8939220f517ffff>8939220f5abffff>8939220f533ffff>8939220f523ffff>8939220f527ffff>8939220e253ffff
midday,506599,253,19,459,3.609,8939220f013ffff>8939220f003ffff>8939220f00fffff>8939220f03bffff>8939220f077ffff>8939220f02bffff>8939220f02fffff>8939220f393ffff>8939220f397ffff>8939220f14bffff>8939220f397ffff
midday,506599,253,20,454,6.484,8939220f47bffff>8939220f447ffff>8939220f457ffff>8939220f40bffff>8939220f403ffff>8939220f407ffff>8939220f4abffff>8939220f4afffff>8939220f5dbffff>8939220f5c3ffff>8939220f5c7ffff>8939220f513ffff>8939220f517ffff>8939220f5abffff>8939220f533ffff>8939220f537ffff>8939220f523ffff>8939220f527ffff>8939220e253ffff
midday,506599,253,21,452,5.116,8939220f47bffff>8939220f447ffff>8939220f457ffff>8939220f40bffff>8939220f41bffff>8939220f40bffff>8939220f403ffff>8939220f407ffff>8939220f417ffff>8939220f48fffff>8939220f483ffff>8939220f493ffff>89392201a2bffff>89392201a2fffff>89392201a23ffff
midday,506599,253,22,450,6.138,8939220f537ffff>8939220f533ffff>8939220f5abffff>8939220f517ffff>8939220f513ffff>8939220f5c7ffff>8939220f5c3ffff>8939220f5dbffff>8939220f4afffff>8939220f4abffff>8939220f407ffff>8939220f403ffff>8939220f40bffff>8939220f457ffff>8939220f447ffff>8939220f47bffff>8939220f6b7ffff>8939220f6a7ffff
midday,506599,253,23,448,6.844,8939220f1b3ffff>8939220f1b7ffff>8939220e24fffff>8939220e27bffff>8939220e247ffff>8939220e243ffff>8939220e257ffff>8939220e253ffff>8939220f527ffff>8939220f523ffff>8939220f533ffff>8939220f5abffff>8939220f517ffff>8939220f513ffff>8939220f5c7ffff>8939220f5c3ffff>8939220f5dbffff>8939220f4afffff>8939220f4abffff>8939220f407ffff
midday,506599,253,24,448,5.811,8939220f027ffff>8939220f023ffff>8939220f03bffff>8939220f00fffff>8939220f003ffff>8939220f013ffff>8939220f08bffff>8939220f0c7ffff>8939220f0d7ffff>8939220f0c3ffff>8939220f0dbffff>8939220f6afffff>8939220f6a7ffff>8939220f0dbffff>8939220f637ffff>8939220f627ffff>8939220f623ffff
midday,506599,253,25,447,3.262,8939220f423ffff>8939220f42fffff>8939220f55bffff>8939220f543ffff>8939220f54fffff>8939220f57bffff>8939220f563ffff>8939220f56fffff>8939220f1d3ffff>8939220f1dbffff
midday,506599,253,26,446,8.328,8939220c697ffff>8939220f12fffff>8939220f127ffff>8939220f123ffff>8939220f137ffff>8939220c4dbffff>8939220c4d3ffff>8939220e26bffff>8939220e27bffff>8939220e247ffff>8939220e243ffff>8939220e253ffff>8939220f527ffff>8939220f523ffff>8939220f533ffff>8939220f5abffff>8939220f517ffff>8939220f513ffff>8939220f5c7ffff>8939220f5c3ffff>8939220f5dbffff>8939220f4afffff>8939220f4abffff>8939220f407ffff
midday,506599,253,27,446,5.849,8939220f083ffff>8939220f097ffff>8939220f55bffff>8939220f427ffff>8939220f423ffff>8939220f43bffff>8939220f407ffff>8939220f417ffff>8939220f48fffff>8939220f483ffff>8939220f493ffff>89392201a2bffff>89392201a3bffff>89392201a07ffff>89392201a17ffff>89392201a8fffff>89392201a8bffff
midday,506599,253,28,444,7.256,8939220f167ffff>8939220f12bffff>8939220f167ffff>8939220c69bffff>8939220c683ffff>8939220c697ffff>8939220f12fffff>8939220f127ffff>8939220f123ffff>8939220f137ffff>8939220c4dbffff>8939220c4d3ffff>8939220e26bffff>8939220e27bffff>8939220e24fffff>8939220e247ffff>8939220e243ffff>8939220e257ffff>8939220e253ffff>8939220f527ffff>8939220f523ffff
midday,506599,253,29,442,3.98,8939220f027ffff>8939220f023ffff>8939220f03bffff>8939220f00fffff>8939220f003ffff>8939220f013ffff>8939220f08bffff>8939220f0d7ffff>8939220f0d3ffff>8939220f46bffff>8939220f6b7ffff>8939220f6a3ffff
midday,506599,253,30,441,5.397,8939220e247ffff>8939220e243ffff>8939220e253ffff>8939220f527ffff>8939220f537ffff>8939220f533ffff>8939220f5abffff>8939220f517ffff>8939220f513ffff>8939220f5c7ffff>8939220f5c3ffff>8939220f5dbffff>8939220f4afffff>8939220f4abffff>8939220f407ffff>8939220f403ffff
midday,506599,253,31,440,3.626,8939220f467ffff>8939220f477ffff>8939220f473ffff>8939220f447ffff>8939220f457ffff>8939220f453ffff>8939220f4cbffff>8939220a937ffff>8939220a9afffff>8939220a9abffff>8939220a9bbffff
midday,506599,253,32,439,4.364,8939220f007ffff>8939220f00fffff>8939220f003ffff>8939220f013ffff>8939220f08bffff>8939220f0d7ffff>8939220f0d3ffff>8939220f46fffff>8939220f467ffff>8939220f477ffff>8939220f473ffff>8939220f447ffff>8939220f457ffff
midday,506599,253,33,439,3.981,8939220f537ffff>8939220f523ffff>8939220f527ffff>8939220e253ffff>8939220e257ffff>8939220e243ffff>8939220e247ffff>8939220e24fffff>8939220e27bffff>8939220e26bffff>8939220c4d3ffff>8939220e26fffff
midday,506599,253,34,438,3.628,8939220f083ffff>8939220f08bffff>8939220f0c7ffff>8939220f013ffff>8939220f0c7ffff>8939220f0cfffff>8939220f057ffff>8939220f00bffff>8939220f073ffff>8939220f063ffff>8939220f067ffff
midday,506599,253,35,437,4.734,8939220f083ffff>8939220f097ffff>8939220f55bffff>8939220f427ffff>8939220f423ffff>8939220f43bffff>8939220f407ffff>8939220f417ffff>8939220f48fffff>8939220f483ffff>8939220f493ffff>89392201a2bffff>89392201a77ffff>89392201a73ffff
midday,506599,253,36,437,3.616,8939220e26fffff>8939220c4d3ffff>8939220e26bffff>8939220e27bffff>8939220e24fffff>8939220e247ffff>8939220e243ffff>8939220e257ffff>8939220e253ffff>8939220f527ffff>8939220f523ffff
midday,506599,253,37,436,6.893,8939220f19bffff>8939220f567ffff>8939220f52bffff>8939220f523ffff>8939220f537ffff>8939220f533ffff>8939220f5abffff>8939220f517ffff>8939220f513ffff>8939220f5c7ffff>8939220f5c3ffff>8939220f5dbffff>8939220f4afffff>8939220f4abffff>8939220f407ffff>8939220f417ffff>8939220f48fffff>8939220f483ffff>8939220f493ffff>89392201a2bffff
midday,506599,253,38,433,7.32,8939220f447ffff>8939220f47bffff>8939220f6b7ffff>8939220f6a7ffff>8939220f0dbffff>8939220f637ffff>8939220f627ffff>8939220f623ffff>8939220f637ffff>8939220f627ffff>8939220f05bffff>8939220f04bffff>8939220f2b3ffff>8939220f2a3ffff>8939220f2abffff>8939220f233ffff>8939220f23bffff>8939220f223ffff>8939220f22fffff>8939220f227ffff>8939220f237ffff
midday,506599,253,39,433,6.122,8939220e27bffff>8939220e247ffff>8939220e243ffff>8939220e253ffff>8939220f527ffff>8939220f523ffff>8939220f533ffff>8939220f5abffff>8939220f517ffff>8939220f513ffff>8939220f5c7ffff>8939220f5c3ffff>8939220f5dbffff>8939220f4afffff>8939220f4abffff>8939220f407ffff>8939220f403ffff>8939220f41bffff
midday,506599,253,40,432,3.273,8939220f03bffff>8939220f007ffff>8939220f017ffff>8939220f0abffff>8939220f0bbffff>8939220f0b3ffff>8939220f087ffff>8939220f54bffff>8939220f55bffff>8939220f543ffff
midday,506599,253,41,431,3.62,8939220a957ffff>8939220a947ffff>8939220a973ffff>8939220a977ffff>8939220a93bffff>8939220a92bffff>8939220a923ffff>8939220a927ffff>8939220f453ffff>8939220f457ffff>8939220f447ffff
midday,506599,253,42,429,7.198,8939220f1b3ffff>8939220f1b7ffff>8939220e24fffff>8939220e27bffff>8939220e247ffff>8939220e243ffff>8939220e257ffff>8939220e253ffff>8939220f527ffff>8939220f523ffff>8939220f537ffff>8939220f533ffff>8939220f5abffff>8939220f517ffff>8939220f513ffff>8939220f5c7ffff>8939220f5c3ffff>8939220f5dbffff>8939220f4afffff>8939220f4abffff>8939220f407ffff
midday,506599,253,43,429,4.745,8939220f083ffff>8939220f097ffff>8939220f55bffff>8939220f427ffff>8939220f423ffff>8939220f43bffff>8939220f407ffff>8939220f417ffff>8939220f48fffff>8939220f483ffff>8939220f493ffff>89392201a2bffff>89392201a2fffff>89392201a23ffff
midday,506599,253,44,428,6.164,8939220a957ffff>8939220a943ffff>8939220a94fffff>8939220abb7ffff>8939220a96bffff>8939220f6d3ffff>8939220f6d7ffff>8939220f68bffff>8939220f613ffff>8939220f68fffff>8939220f617ffff>8939220f6abffff>8939220f6afffff>8939220f0dbffff>8939220f0cbffff>8939220f0cfffff>8939220f057ffff>8939220f00bffff
midday,506599,253,45,427,6.186,89392201c27ffff>89392201d53ffff>89392201d5bffff>89392201d43ffff>89392201d4bffff>893922018b3ffff>893922018a3ffff>893922018abffff>89392201833ffff>8939220183bffff>8939220180fffff>89392201873ffff>8939220180bffff>89392201847ffff>89392201843ffff>8939220184bffff>89392201a87ffff>89392201a8fffff
midday,506599,253,46,427,3.63,8939220f5d7ffff>8939220f5c3ffff>8939220f5cfffff>8939220f553ffff>8939220f543ffff>8939220f55bffff>8939220f543ffff>8939220f54fffff>8939220f57bffff>8939220f563ffff>8939220f56fffff
midday,506599,253,47,424,5.408,8939220f567ffff>8939220f52bffff>8939220f523ffff>8939220f537ffff>8939220f533ffff>8939220f5abffff>8939220f517ffff>8939220f513ffff>8939220f5c7ffff>8939220f5c3ffff>8939220f5dbffff>8939220f4afffff>8939220f4abffff>8939220f407ffff>8939220f403ffff>8939220f40bffff
midday,506599,253,48,423,9.394,8939220c697ffff>8939220f12fffff>8939220f127ffff>8939220f123ffff>8939220f137ffff>8939220c4dbffff>8939220c4d3ffff>8939220e26bffff>8939220e27bffff>8939220e247ffff>8939220e243ffff>8939220e257ffff>8939220e253ffff>8939220f527ffff>8939220f523ffff>8939220f537ffff>8939220f533ffff>8939220f5abffff>8939220f517ffff>8939220f513ffff>8939220f5c7ffff>8939220f5c3ffff>8939220f5dbffff>8939220f4afffff>8939220f4abffff>8939220f407ffff>8939220f403ffff
midday,506599,253,49,423,6.838,8939220e27bffff>8939220e247ffff>8939220e243ffff>8939220e257ffff>8939220e253ffff>8939220f527ffff>8939220f523ffff>8939220f537ffff>8939220f533ffff>8939220f5abffff>8939220f517ffff>8939220f513ffff>8939220f5c7ffff>8939220f5c3ffff>8939220f5dbffff>8939220f4afffff>8939220f4abffff>8939220f407ffff>8939220f403ffff>8939220f40bffff
midday,506599,253,50,423,6.162,8939220c693ffff>8939220c683ffff>8939220c69bffff>8939220c68bffff>8939220c6c7ffff>8939220c6cfffff>8939220c653ffff>8939220c6cbffff>8939220f327ffff>8939220f323ffff>8939220f32bffff>8939220f377ffff>8939220f373ffff>8939220f347ffff>8939220f343ffff>8939220f35bffff>8939220d497ffff>8939220f22fffff
midday,506599,253,51,423,3.995,8939220f1cbffff>8939220f1cfffff>8939220f1c3ffff>8939220f1cbffff>8939220f1dbffff>8939220f0a7ffff>8939220f0a3ffff>8939220f0bbffff>8939220f087ffff>8939220f083ffff>8939220f097ffff>8939220f083ffff
midday,506599,253,52,420,5.11,89392201a73ffff>89392201a77ffff>89392201a67ffff>89392201a2bffff>8939220f493ffff>8939220f483ffff>8939220f48fffff>8939220f417ffff>8939220f407ffff>8939220f43bffff>8939220f423ffff>8939220f42bffff>8939220f42fffff>8939220f093ffff>8939220f083ffff
midday,506599,253,53,419,5.062,8939220f453ffff>8939220f457ffff>8939220f447ffff>8939220f473ffff>8939220f477ffff>8939220f467ffff>8939220f093ffff>8939220f083ffff>8939220f087ffff>8939220f08fffff>8939220f0bbffff>8939220f0a3ffff>8939220f0afffff>8939220f1dbffff>8939220f1cbffff
midday,506599,253,54,419,4.36,8939220e2abffff>8939220e207ffff>8939220e20fffff>8939220e273ffff>8939220e27bffff>8939220e24fffff>8939220f1b7ffff>8939220f1b3ffff>8939220f1bbffff>8939220f117ffff>8939220f103ffff>8939220f10bffff>8939220f157ffff
midday,506599,253,55,418,3.272,8939220c48fffff>8939220c487ffff>8939220c483ffff>8939220c497ffff>8939220e34bffff>8939220e35bffff>8939220e343ffff>8939220e353ffff>8939220e3cbffff>8939220e3dbffff
midday,506599,253,56,418,3.244,8939220f00fffff>8939220f03bffff>8939220f077ffff>8939220f02bffff>8939220f02fffff>8939220f023ffff>8939220f027ffff>8939220f037ffff>8939220f1cbffff>8939220f037ffff
midday,506599,253,57,417,10.132,8939220f167ffff>8939220c69bffff>8939220c683ffff>8939220c693ffff>8939220c697ffff>8939220f12fffff>8939220f127ffff>8939220f123ffff>8939220f137ffff>8939220c4dbffff>8939220c4d3ffff>8939220e26bffff>8939220e27bffff>8939220e24fffff>8939220e247ffff>8939220e243ffff>8939220e253ffff>8939220f527ffff>8939220f523ffff>8939220f533ffff>8939220f5abffff>8939220f517ffff>8939220f513ffff>8939220f5c7ffff>8939220f5c3ffff>8939220f5dbffff>8939220f4afffff>8939220f4abffff>8939220f407ffff
midday,506599,253,58,417,6.186,8939220f58bffff>8939220f583ffff>8939220f593ffff>89392201b2fffff>89392201b23ffff>89392201b37ffff>89392201b33ffff>89392201bafffff>89392201ba7ffff>89392201bb7ffff>8939220196bffff>8939220197bffff>89392201973ffff>8939220190fffff>89392201907ffff>89392201903ffff>8939220191bffff>89392201957ffff
midday,506599,253,59,417,4.721,8939220f027ffff>8939220f023ffff>8939220f03bffff>8939220f00fffff>8939220f003ffff>8939220f013ffff>8939220f08fffff>8939220f083ffff>8939220f097ffff>8939220f083ffff>8939220f093ffff>8939220f467ffff>8939220f477ffff>8939220f473ffff
midday,506599,253,60,416,11.27,8939220f397ffff>8939220f15bffff>8939220f027ffff>8939220f023ffff>8939220f027ffff>8939220f037ffff>8939220f1cbffff>8939220f1dbffff>8939220f1d3ffff>8939220f56fffff>8939220f567ffff>8939220f52bffff>8939220f523ffff>8939220f527ffff>8939220e253ffff>8939220e257ffff>8939220e2cfffff>8939220e21bffff>8939220e2c7ffff>8939220e28bffff>8939220e283ffff>8939220e293ffff>8939220e62fffff>8939220e627ffff>8939220e053ffff>8939220e0cbffff>8939220e0cfffff>8939220e0c7ffff>8939220e0cfffff>8939220e0c3ffff>8939220e0cbffff>8939220e0dbffff
midday,506599,253,61,416,4.393,8939220f41bffff>8939220f457ffff>8939220f447ffff>8939220f47bffff>8939220f6b7ffff>8939220f6a7ffff>8939220f0dbffff>8939220f637ffff>8939220f627ffff>8939220f623ffff>8939220f637ffff>8939220f627ffff>8939220f05bffff
midday,506599,253,62,415,7.983,8939220e253ffff>8939220f527ffff>8939220f523ffff>8939220f533ffff>8939220f5abffff>8939220f517ffff>8939220f513ffff>8939220f5c7ffff>8939220f5c3ffff>8939220f5dbffff>8939220f4afffff>8939220f4abffff>8939220f407ffff>8939220f417ffff>8939220f48fffff>8939220f483ffff>8939220f493ffff>89392201a2bffff>89392201a3bffff>89392201a07ffff>89392201a17ffff>89392201a8fffff>89392201a8bffff
midday,506599,253,63,415,3.619,8939220f083ffff>8939220f087ffff>8939220f08fffff>8939220f0bbffff>8939220f0a3ffff>8939220f0afffff>8939220f1dbffff>8939220f037ffff>8939220f027ffff>8939220f023ffff>8939220f02fffff
midday,506599,253,64,414,3.59,8939220f507ffff>8939220f517ffff>8939220f513ffff>8939220f5c7ffff>8939220f5c3ffff>8939220f5dbffff>8939220f4afffff>8939220f4abffff>8939220f407ffff>8939220f403ffff>8939220f41bffff
midday,506599,253,65,413,4.711,8939220f1d3ffff>8939220f56fffff>8939220f567ffff>8939220f52bffff>8939220f523ffff>8939220f527ffff>8939220e253ffff>8939220e257ffff>8939220e243ffff>8939220e247ffff>8939220e24fffff>8939220e27bffff>8939220e26bffff>8939220c4d3ffff
midday,506599,253,66,413,4.35,8939220f683ffff>8939220f68fffff>8939220f617ffff>8939220f6abffff>8939220f6afffff>8939220f0dbffff>8939220f0cbffff>8939220f0cfffff>8939220f057ffff>8939220f00bffff>8939220f073ffff>8939220f063ffff>8939220f067ffff
midday,506599,253,67,412,3.249,8939220f02fffff>8939220f027ffff>8939220f153ffff>8939220f15bffff>8939220f143ffff>8939220f147ffff>8939220f10bffff>8939220f10fffff>8939220f177ffff>8939220f12bffff
midday,506599,253,68,409,11.71,8939220f43bffff>8939220f407ffff>8939220f417ffff>8939220f48fffff>8939220f483ffff>8939220f493ffff>89392201a2bffff>89392201a3bffff>89392201a07ffff>89392201a17ffff>89392201a8fffff>89392201a87ffff>8939220184bffff>8939220184fffff>89392201847ffff>89392201873ffff>8939220180fffff>89392201877ffff>8939220183bffff>89392201833ffff>893922018abffff>893922018a3ffff>893922018b3ffff>89392201d4bffff>89392201d43ffff>89392201d5bffff>89392201d53ffff>89392201dcbffff>89392201ddbffff>89392201ca7ffff>8939220036bffff>89392200363ffff>89392200373ffff
midday,506599,253,69,409,3.268,8939220f55bffff>8939220f543ffff>8939220f54fffff>8939220f57bffff>8939220f563ffff>8939220f56fffff>8939220f1d3ffff>8939220f1dbffff>8939220f037ffff>8939220f023ffff
midday,506599,253,70,408,4.39,8939220f6b3ffff>8939220f44fffff>8939220f447ffff>8939220f47bffff>8939220f6b7ffff>8939220f6a7ffff>8939220f0dbffff>8939220f637ffff>8939220f627ffff>8939220f623ffff>8939220f637ffff>8939220f627ffff>8939220f05bffff
midday,506599,253,71,406,6.183,8939220f167ffff>8939220c69bffff>8939220c683ffff>8939220c697ffff>8939220f12fffff>8939220f127ffff>8939220f123ffff>8939220f137ffff>8939220c4dbffff>8939220c4d3ffff>8939220e26bffff>8939220e27bffff>8939220e247ffff>8939220e243ffff>8939220e257ffff>8939220e253ffff>8939220f527ffff>8939220f537ffff
midday,506599,253,72,406,4.716,8939220e243ffff>8939220e247ffff>8939220e24fffff>8939220e27bffff>8939220e26bffff>8939220c4d3ffff>8939220e26fffff>8939220c49bffff>8939220c493ffff>8939220c483ffff>8939220c497ffff>8939220e34bffff>8939220e35bffff>8939220e343ffff
midday,506599,253,73,404,9.04,8939220c697ffff>8939220f12fffff>8939220f127ffff>8939220f123ffff>8939220f137ffff>8939220c4dbffff>8939220c4d3ffff>8939220e26bffff>8939220e27bffff>8939220e24fffff>8939220e247ffff>8939220e243ffff>8939220e253ffff>8939220f527ffff>8939220f523ffff>8939220f533ffff>8939220f5abffff>8939220f517ffff>8939220f513ffff>8939220f5c7ffff>8939220f5c3ffff>8939220f5dbffff>8939220f4afffff>8939220f4abffff>8939220f407ffff>8939220f403ffff
midday,506599,253,74,404,5.088,8939220f03bffff>8939220f077ffff>8939220f02bffff>8939220f02fffff>8939220f023ffff>8939220f027ffff>8939220f037ffff>8939220f1cbffff>8939220f1dbffff>8939220f1d3ffff>8939220f56fffff>8939220f567ffff>8939220f52bffff>8939220f523ffff>8939220f537ffff
midday,506599,253,75,403,10.841,8939220f167ffff>8939220c69bffff>8939220c683ffff>8939220c693ffff>8939220c697ffff>8939220f12fffff>8939220f127ffff>8939220f123ffff>8939220f137ffff>8939220c4dbffff>8939220c4d3ffff>8939220e26bffff>8939220e27bffff>8939220e24fffff>8939220e247ffff>8939220e243ffff>8939220e257ffff>8939220e253ffff>8939220f527ffff>8939220f523ffff>8939220f537ffff>8939220f533ffff>8939220f5abffff>8939220f517ffff>8939220f513ffff>8939220f5c7ffff>8939220f5c3ffff>8939220f5dbffff>8939220f4afffff>8939220f4abffff>8939220f407ffff
midday,506599,253,76,402,11.342,8939220f407ffff>8939220f417ffff>8939220f48fffff>8939220f483ffff>8939220f493ffff>89392201a2bffff>89392201a3bffff>89392201a07ffff>89392201a17ffff>89392201a8fffff>89392201a87ffff>8939220184bffff>89392201843ffff>89392201847ffff>89392201873ffff>8939220180fffff>89392201877ffff>8939220183bffff>89392201833ffff>893922018abffff>893922018a3ffff>893922018b3ffff>89392201d4bffff>89392201d43ffff>89392201d5bffff>89392201d53ffff>89392201dcbffff>89392201ddbffff>89392201ca7ffff>8939220036bffff>89392200363ffff>89392200373ffff
midday,506599,253,77,402,5.418,8939220e253ffff>8939220f527ffff>8939220f523ffff>8939220f533ffff>8939220f5abffff>8939220f517ffff>8939220f513ffff>8939220f5c7ffff>8939220f5c3ffff>8939220f5dbffff>8939220f4afffff>8939220f4abffff>8939220f407ffff>8939220f417ffff>8939220f407ffff>8939220f43bffff
midday,506599,253,78,402,5.078,8939220f067ffff>8939220f063ffff>8939220f073ffff>8939220f00bffff>8939220f057ffff>8939220f0cfffff>8939220f0c7ffff>8939220f013ffff>8939220f08bffff>8939220f0d7ffff>8939220f0d3ffff>8939220f46fffff>8939220f467ffff>8939220f477ffff>8939220f473ffff
midday,506599,253,79,400,9.748,8939220c697ffff>8939220f12fffff>8939220f127ffff>8939220f123ffff>8939220f137ffff>8939220c4dbffff>8939220c4d3ffff>8939220e26bffff>8939220e27bffff>8939220e24fffff>8939220e247ffff>8939220e243ffff>8939220e257ffff>8939220e253ffff>8939220f527ffff>8939220f523ffff>8939220f537ffff>8939220f533ffff>8939220f5abffff>8939220f517ffff>8939220f513ffff>8939220f5c7ffff>8939220f5c3ffff>8939220f5dbffff>8939220f4afffff>8939220f4abffff>8939220f407ffff>8939220f403ffff
midday,506599,253,80,399,6.897,8939220f167ffff>8939220c69bffff>8939220c683ffff>8939220c693ffff>8939220c697ffff>8939220f12fffff>8939220f127ffff>8939220f123ffff>8939220f137ffff>8939220c4dbffff>8939220c4d3ffff>8939220e26bffff>8939220e27bffff>8939220e24fffff>8939220e247ffff>8939220e243ffff>8939220e257ffff>8939220e253ffff>8939220f527ffff>8939220f537ffff
midday,506599,253,81,399,5.118,8939220f543ffff>8939220f55bffff>8939220f427ffff>8939220f423ffff>8939220f43bffff>8939220f407ffff>8939220f417ffff>8939220f48fffff>8939220f483ffff>8939220f493ffff>89392201a2bffff>89392201a3bffff>89392201a07ffff>89392201a17ffff>89392201a8fffff
midday,506599,253,82,398,5.787,8939220f00fffff>8939220f00bffff>8939220f057ffff>8939220f0cfffff>8939220f0cbffff>8939220f0dbffff>8939220f6afffff>8939220f6abffff>8939220f617ffff>8939220f68fffff>8939220f613ffff>8939220f68bffff>8939220f6d7ffff>8939220f6d3ffff>8939220a96bffff>8939220abb7ffff>8939220a94fffff
midday,506599,253,83,397,3.265,8939220f55bffff>8939220f427ffff>8939220f423ffff>8939220f43bffff>8939220f407ffff>8939220f40fffff>8939220f403ffff>8939220f41bffff>8939220f4c7ffff>8939220f4c3ffff
midday,506599,253,84,396,10.487,8939220f167ffff>8939220c69bffff>8939220c683ffff>8939220c693ffff>8939220c697ffff>8939220f12fffff>8939220f127ffff>8939220f123ffff>8939220f137ffff>8939220c4dbffff>8939220c4d3ffff>8939220e26bffff>8939220e27bffff>8939220e247ffff>8939220e243ffff>8939220e257ffff>8939220e253ffff>8939220f527ffff>8939220f523ffff>8939220f537ffff>8939220f533ffff>8939220f5abffff>8939220f517ffff>8939220f513ffff>8939220f5c7ffff>8939220f5c3ffff>8939220f5dbffff>8939220f4afffff>8939220f4abffff>8939220f407ffff
midday,506599,253,85,396,4.002,8939220a943ffff>8939220a957ffff>8939220a9cfffff>8939220a9c3ffff>8939220a9d7ffff>8939220a9d3ffff>8939220ad6fffff>8939220ad67ffff>8939220ad77ffff>8939220ad2bffff>8939220ad2fffff>8939220a993ffff
midday,506599,253,86,396,3.251,8939220f553ffff>8939220f5cfffff>8939220f5c7ffff>8939220f513ffff>8939220f517ffff>8939220f5abffff>8939220f533ffff>8939220f523ffff>8939220f527ffff>8939220e253ffff
midday,506599,253,87,395,11.294,8939220f167ffff>8939220c69bffff>8939220c683ffff>8939220c693ffff>8939220c697ffff>8939220f12fffff>8939220f127ffff>8939220f123ffff>8939220f137ffff>8939220c4dbffff>8939220c4d3ffff>8939220e26bffff>8939220e27bffff>8939220e247ffff>8939220e243ffff>8939220e257ffff>8939220e2cfffff>8939220e21bffff>8939220e2c7ffff>8939220e28bffff>8939220e283ffff>8939220e293ffff>8939220e62fffff>8939220e627ffff>8939220e053ffff>8939220e0cbffff>8939220e0cfffff>8939220e0c7ffff>8939220e0cfffff>8939220e0c3ffff>8939220e0cbffff>8939220e0dbffff
midday,506599,253,88,395,11.263,8939220e0dbffff>8939220e6afffff>8939220e6a3ffff>8939220e6bbffff>8939220e687ffff>8939220e683ffff>8939220e693ffff>89392201967ffff>89392201977ffff>8939220190fffff>8939220190bffff>89392201957ffff>89392201953ffff>89392201827ffff>89392201823ffff>8939220183bffff>89392201833ffff>893922018abffff>893922018a3ffff>893922018b3ffff>89392201d4bffff>89392201d43ffff>89392201d5bffff>89392201d53ffff>89392201dcbffff>89392201ddbffff>89392201ca7ffff>8939220036bffff>89392200363ffff>89392200373ffff>8939220037bffff>89392200373ffff
midday,506599,253,89,394,17.107,8939220e257ffff>8939220e2cfffff>8939220e21bffff>8939220e2c7ffff>8939220e28bffff>8939220e283ffff>8939220e293ffff>8939220e62fffff>8939220e627ffff>8939220e053ffff>8939220e0cbffff>8939220e0cfffff>8939220e0c7ffff>8939220e0cfffff>8939220e0c3ffff>8939220e0cbffff>8939220e0dbffff>8939220e637ffff>8939220e6afffff>8939220e6a3ffff>8939220e6bbffff>8939220e687ffff>8939220e683ffff>8939220e693ffff>89392201967ffff>89392201977ffff>8939220190fffff>8939220190bffff>89392201957ffff>89392201953ffff>89392201827ffff>89392201823ffff>8939220183bffff>89392201833ffff>893922018abffff>893922018a3ffff>893922018b3ffff>89392201d4bffff>89392201d43ffff>89392201d5bffff>89392201d53ffff>89392201dcbffff>89392201ddbffff>89392201ca7ffff>8939220036bffff>89392200363ffff>89392200373ffff>8939220037bffff
midday,506599,253,90,394,3.278,8939220c4d3ffff>8939220e26fffff>8939220c49bffff>8939220c493ffff>8939220c483ffff>8939220c497ffff>8939220e34bffff>8939220e35bffff>8939220e34bffff>8939220e343ffff
midday,506599,253,91,393,4.382,8939220f007ffff>8939220f00fffff>8939220f003ffff>8939220f013ffff>8939220f08fffff>8939220f083ffff>8939220f097ffff>8939220f55bffff>8939220f427ffff>8939220f423ffff>8939220f43bffff>8939220f407ffff>8939220f417ffff
midday,506599,253,92,392,5.762,8939220e27bffff>8939220e247ffff>8939220e243ffff>8939220e253ffff>8939220f527ffff>8939220f523ffff>8939220f537ffff>8939220f533ffff>8939220f5abffff>8939220f517ffff>8939220f513ffff>8939220f5c7ffff>8939220f5c3ffff>8939220f5dbffff>8939220f4afffff>8939220f4abffff>8939220f407ffff
midday,506599,253,93,392,3.289,8939220f143ffff>8939220f15bffff>8939220f14bffff>8939220f3b3ffff>8939220f3bbffff>8939220f317ffff>8939220f307ffff>8939220f33bffff>8939220f377ffff>8939220f363ffff
midday,506599,253,94,390,20.377,8939220c697ffff>8939220f12fffff>8939220f127ffff>8939220f123ffff>8939220f137ffff>8939220c4dbffff>8939220c4d3ffff>8939220e26bffff>8939220e27bffff>8939220e247ffff>8939220e243ffff>8939220e257ffff>8939220e2cfffff>8939220e21bffff>8939220e2c7ffff>8939220e28bffff>8939220e283ffff>8939220e293ffff>8939220e62fffff>8939220e627ffff>8939220e053ffff>8939220e0cbffff>8939220e0cfffff>8939220e0c7ffff>8939220e0cfffff>8939220e0c3ffff>8939220e0cbffff>8939220e0dbffff>8939220e6afffff>8939220e6a3ffff>8939220e6bbffff>8939220e687ffff>8939220e683ffff>8939220e693ffff>89392201967ffff>89392201977ffff>8939220190fffff>8939220190bffff>89392201957ffff>89392201953ffff>89392201827ffff>89392201823ffff>8939220183bffff>89392201833ffff>893922018abffff>893922018a3ffff>893922018b3ffff>89392201d4bffff>89392201d43ffff>89392201d5bffff>89392201d53ffff>89392201dcbffff>89392201ddbffff>89392201ca7ffff>8939220036bffff>89392200363ffff>89392200373ffff
midday,506599,253,95,390,3.26,8939220f02fffff>8939220f393ffff>8939220f397ffff>8939220f14bffff>8939220f3b3ffff>8939220f3bbffff>8939220f38fffff>8939220f38bffff>8939220f313ffff>8939220f31bffff
midday,506599,253,96,389,5.077,8939220f167ffff>8939220f12bffff>8939220f177ffff>8939220f10fffff>8939220f10bffff>8939220f147ffff>8939220f157ffff>8939220f143ffff>8939220f153ffff>8939220f027ffff>8939220f023ffff>8939220f03bffff>8939220f00fffff>8939220f003ffff>8939220f013ffff
midday,506599,253,97,389,4.736,8939220f00fffff>8939220f007ffff>8939220f017ffff>8939220f0abffff>8939220f0bbffff>8939220f0b3ffff>8939220f087ffff>8939220f54bffff>8939220f55bffff>8939220f543ffff>8939220f553ffff>8939220f5cfffff>8939220f5c3ffff>8939220f5d7ffff
midday,506599,253,98,388,7.953,8939220f0d7ffff>8939220f0c3ffff>8939220f0d3ffff>8939220f6a7ffff>8939220f6b7ffff>8939220f47bffff>8939220f447ffff>8939220f457ffff>8939220f40bffff>8939220f403ffff>8939220f407ffff>8939220f4abffff>8939220f4afffff>8939220f5dbffff>8939220f5c3ffff>8939220f5c7ffff>8939220f513ffff>8939220f517ffff>8939220f5abffff>8939220f533ffff>8939220f523ffff>8939220f527ffff>8939220e253ffff
midday,506599,253,99,387,9.12,8939220f5c7ffff>8939220f58bffff>8939220f583ffff>8939220f593ffff>89392201b2fffff>89392201b23ffff>89392201b37ffff>89392201b33ffff>89392201bafffff>89392201ba7ffff>89392201bb7ffff>8939220196bffff>8939220197bffff>89392201973ffff>8939220190fffff>89392201903ffff>89392201907ffff>89392201917ffff>893922019bbffff>893922019b3ffff>89392200a4bffff>89392200a4fffff>89392200a43ffff>89392200a57ffff>89392200a1bffff>89392200ac7ffff
midday,506599,253,100,386,9.035,8939220f523ffff>8939220f527ffff>8939220e253ffff>8939220e257ffff>8939220e2cfffff>8939220e21bffff>8939220e2c7ffff>8939220e28bffff>8939220e283ffff>8939220e293ffff>8939220e62fffff>8939220e627ffff>8939220e053ffff>8939220e0cfffff>8939220e01bffff>8939220e003ffff>8939220e007ffff>8939220e03bffff>8939220e033ffff>8939220e037ffff>8939220e1cbffff>8939220e1cfffff>8939220e157ffff>8939220e10bffff>8939220e103ffff>8939220e107ffff
evening_peak,314049,157,1,432,4.702,8939220f027ffff>8939220f023ffff>8939220f03bffff>8939220f00fffff>8939220f003ffff>8939220f013ffff>8939220f08bffff>8939220f0d7ffff>8939220f0d3ffff>8939220f46fffff>8939220f467ffff>8939220f477ffff>8939220f473ffff>8939220f477ffff
evening_peak,314049,157,2,378,5.435,8939220f067ffff>8939220f063ffff>8939220f073ffff>8939220f00bffff>8939220f057ffff>8939220f0cfffff>8939220f0c7ffff>8939220f013ffff>8939220f08bffff>8939220f0d7ffff>8939220f0d3ffff>8939220f46fffff>8939220f467ffff>8939220f477ffff>8939220f473ffff>8939220f477ffff
evening_peak,314049,157,3,378,4.012,8939220f477ffff>8939220f473ffff>8939220f477ffff>8939220f43bffff>8939220f407ffff>8939220f417ffff>8939220f48fffff>8939220f483ffff>8939220f493ffff>89392201a2bffff>89392201a2fffff>89392201a23ffff
evening_peak,314049,157,4,367,3.99,8939220f6b3ffff>8939220f6bbffff>8939220f6abffff>8939220f6afffff>8939220f0dbffff>8939220f0cbffff>8939220f0cfffff>8939220f057ffff>8939220f00bffff>8939220f073ffff>8939220f063ffff>8939220f067ffff
evening_peak,314049,157,5,367,3.273,8939220f067ffff>8939220f063ffff>8939220f073ffff>8939220f00bffff>8939220f057ffff>8939220f0cfffff>8939220f0c7ffff>8939220f013ffff>8939220f08bffff>8939220f083ffff
evening_peak,314049,157,6,345,6.136,8939220f027ffff>8939220f023ffff>8939220f03bffff>8939220f00fffff>8939220f003ffff>8939220f013ffff>8939220f08bffff>8939220f0d7ffff>8939220f0d3ffff>8939220f46bffff>8939220f6b7ffff>8939220f6b3ffff>8939220f687ffff>8939220f683ffff>8939220f69bffff>8939220a96fffff>8939220a963ffff>8939220a973ffff
evening_peak,314049,157,7,345,3.628,8939220f00fffff>8939220f007ffff>8939220f017ffff>8939220f0abffff>8939220f0bbffff>8939220f0b3ffff>8939220f087ffff>8939220f54bffff>8939220f55bffff>8939220f543ffff>8939220f55bffff
evening_peak,314049,157,8,340,3.243,8939220f54fffff>8939220f57bffff>8939220f563ffff>8939220f56fffff>8939220f19bffff>8939220f18bffff>8939220f18fffff>8939220f1bbffff>8939220f1b3ffff>8939220f1b7ffff
evening_peak,314049,157,9,339,3.995,8939220f1cbffff>8939220f1cfffff>8939220f1c3ffff>8939220f1cbffff>8939220f1dbffff>8939220f0a7ffff>8939220f0a3ffff>8939220f0bbffff>8939220f087ffff>8939220f083ffff>8939220f097ffff>8939220f083ffff
evening_peak,314049,157,10,337,5.807,8939220f167ffff>8939220f12bffff>8939220f167ffff>8939220c69bffff>8939220c683ffff>8939220c68bffff>8939220c69bffff>8939220f16fffff>8939220c6d3ffff>8939220f3a7ffff>8939220f3a3ffff>8939220f3b3ffff>8939220f387ffff>8939220f397ffff>8939220f383ffff>8939220f393ffff>8939220f067ffff
evening_peak,314049,157,11,320,4.335,8939220a973ffff>8939220a977ffff>8939220a93bffff>8939220a92bffff>8939220a923ffff>8939220a927ffff>8939220f453ffff>8939220f457ffff>8939220f447ffff>8939220f473ffff>8939220f477ffff>8939220f467ffff>8939220f093ffff
evening_peak,314049,157,12,316,3.628,8939220f083ffff>8939220f08bffff>8939220f0c7ffff>8939220f013ffff>8939220f0c7ffff>8939220f0cfffff>8939220f057ffff>8939220f00bffff>8939220f073ffff>8939220f063ffff>8939220f067ffff
evening_peak,314049,157,13,311,3.268,8939220f067ffff>8939220f063ffff>8939220f073ffff>8939220f00bffff>8939220f057ffff>8939220f0cfffff>8939220f0cbffff>8939220f0dbffff>8939220f6afffff>8939220f6a3ffff
evening_peak,314049,157,14,307,5.442,8939220f067ffff>8939220f393ffff>8939220f383ffff>8939220f397ffff>8939220f387ffff>8939220f3b3ffff>8939220f3a3ffff>8939220f3a7ffff>8939220c6d3ffff>8939220f16fffff>8939220c69bffff>8939220c68bffff>8939220c683ffff>8939220c69bffff>8939220f167ffff>8939220f12bffff
evening_peak,314049,157,15,304,4.705,8939220f067ffff>8939220f063ffff>8939220f073ffff>8939220f00bffff>8939220f057ffff>8939220f0cfffff>8939220f0c7ffff>8939220f013ffff>8939220f08bffff>8939220f0d7ffff>8939220f0d3ffff>8939220f46bffff>8939220f6b7ffff>8939220f6b3ffff
evening_peak,314049,157,16,299,4.705,8939220f397ffff>8939220f15bffff>8939220f027ffff>8939220f023ffff>8939220f03bffff>8939220f00fffff>8939220f003ffff>8939220f013ffff>8939220f08bffff>8939220f0d7ffff>8939220f0d3ffff>8939220f46bffff>8939220f6b7ffff>8939220f6b3ffff
evening_peak,314049,157,17,299,3.26,8939220f413ffff>8939220f41bffff>8939220f403ffff>8939220f40fffff>8939220f43bffff>8939220f423ffff>8939220f42bffff>8939220f42fffff>8939220f093ffff>8939220f083ffff
evening_peak,314049,157,18,298,3.292,8939220f457ffff>8939220f447ffff>8939220f47bffff>8939220f6b7ffff>8939220f6a7ffff>8939220f0dbffff>8939220f637ffff>8939220f627ffff>8939220f623ffff>8939220f62bffff
evening_peak,314049,157,19,294,4.71,8939220f02fffff>8939220f027ffff>8939220f023ffff>8939220f03bffff>8939220f00fffff>8939220f003ffff>8939220f013ffff>8939220f08bffff>8939220f0d7ffff>8939220f0d3ffff>8939220f46fffff>8939220f467ffff>8939220f477ffff>8939220f473ffff
evening_peak,314049,157,20,292,3.638,8939220f397ffff>8939220f15bffff>8939220f027ffff>8939220f023ffff>8939220f03bffff>8939220f00fffff>8939220f003ffff>8939220f013ffff>8939220f08fffff>8939220f083ffff>8939220f097ffff
evening_peak,314049,157,21,290,3.278,8939220f00fffff>8939220f007ffff>8939220f017ffff>8939220f0abffff>8939220f0bbffff>8939220f0b3ffff>8939220f087ffff>8939220f54bffff>8939220f0b3ffff>8939220f54fffff
evening_peak,314049,157,22,288,3.27,8939220f097ffff>8939220f083ffff>8939220f08fffff>8939220f013ffff>8939220f003ffff>8939220f00fffff>8939220f03bffff>8939220f077ffff>8939220f02bffff>8939220f02fffff
evening_peak,314049,157,23,288,3.265,8939220f55bffff>8939220f427ffff>8939220f423ffff>8939220f43bffff>8939220f407ffff>8939220f40fffff>8939220f403ffff>8939220f41bffff>8939220f4c7ffff>8939220f4c3ffff
evening_peak,314049,157,24,286,3.636,8939220f0c7ffff>8939220f0d7ffff>8939220f0c3ffff>8939220f0dbffff>8939220f6afffff>8939220f6a7ffff>8939220f0dbffff>8939220f637ffff>8939220f627ffff>8939220f623ffff>8939220f62bffff
evening_peak,314049,157,25,285,7.601,8939220e27bffff>8939220e247ffff>8939220e243ffff>8939220e257ffff>8939220e253ffff>8939220f527ffff>8939220f523ffff>8939220f533ffff>8939220f5abffff>8939220f517ffff>8939220f513ffff>8939220f5c7ffff>8939220f5c3ffff>8939220f5dbffff>8939220f4afffff>8939220f4abffff>8939220f407ffff>8939220f417ffff>8939220f48fffff>8939220f483ffff>8939220f493ffff>89392201a2bffff
evening_peak,314049,157,26,285,4.719,8939220f167ffff>8939220f12bffff>8939220f177ffff>8939220f10fffff>8939220f10bffff>8939220f103ffff>8939220f117ffff>8939220f1bbffff>8939220f1b3ffff>8939220f1b7ffff>8939220e24fffff>8939220e27bffff>8939220e273ffff>8939220e20fffff
evening_peak,314049,157,27,282,3.621,8939220f523ffff>8939220f527ffff>8939220e253ffff>8939220e243ffff>8939220e247ffff>8939220e24fffff>8939220e27bffff>8939220e273ffff>8939220e20fffff>8939220e207ffff>8939220e2abffff
evening_peak,314049,157,28,281,7.664,8939220f0d7ffff>8939220f0c3ffff>8939220f0dbffff>8939220f6afffff>8939220f6a7ffff>8939220f0dbffff>8939220f637ffff>8939220f627ffff>8939220f623ffff>8939220f637ffff>8939220f627ffff>8939220f05bffff>8939220f04bffff>8939220f2b3ffff>8939220f2a3ffff>8939220f2abffff>8939220f233ffff>8939220f23bffff>8939220f223ffff>8939220f22fffff>8939220f227ffff>8939220f237ffff
evening_peak,314049,157,29,277,7.311,89392201843ffff>8939220184fffff>89392201847ffff>89392201873ffff>8939220180fffff>89392201877ffff>8939220183bffff>89392201833ffff>893922018abffff>893922018a3ffff>893922018b3ffff>89392201d4bffff>89392201d43ffff>89392201d5bffff>89392201d53ffff>89392201dcbffff>89392201ddbffff>89392201ca7ffff>8939220036bffff>89392200363ffff>89392200373ffff
evening_peak,314049,157,30,275,6.218,8939220183bffff>89392201833ffff>893922018abffff>893922018a3ffff>893922018b3ffff>89392201d4bffff>89392201d43ffff>89392201d5bffff>89392201d53ffff>89392201dcbffff>89392201ddbffff>89392201ca7ffff>8939220036bffff>89392200363ffff>89392200373ffff>8939220037bffff>89392200373ffff>8939220037bffff
evening_peak,314049,157,31,275,3.619,8939220f083ffff>8939220f087ffff>8939220f08fffff>8939220f0bbffff>8939220f0a3ffff>8939220f0afffff>8939220f1dbffff>8939220f037ffff>8939220f027ffff>8939220f023ffff>8939220f02fffff
evening_peak,314049,157,32,274,3.254,8939220f54fffff>8939220f57bffff>8939220f563ffff>8939220f56fffff>8939220f19bffff>8939220f18bffff>8939220f18fffff>8939220f113ffff>8939220f103ffff>8939220f107ffff
evening_peak,314049,157,33,272,6.585,8939220f407ffff>8939220f417ffff>8939220f48fffff>8939220f483ffff>8939220f493ffff>89392201a2bffff>89392201a3bffff>89392201a07ffff>89392201a17ffff>89392201a8fffff>89392201a8bffff>89392201a9bffff>89392201e67ffff>89392201e77ffff>89392201e0fffff>89392201e73ffff>89392201e47ffff>89392201e43ffff>89392201e4bffff
evening_peak,314049,157,34,272,5.762,8939220f477ffff>8939220f473ffff>8939220f477ffff>8939220f43bffff>8939220f407ffff>8939220f4abffff>8939220f4afffff>8939220f5dbffff>8939220f5c3ffff>8939220f5c7ffff>8939220f513ffff>8939220f517ffff>8939220f5abffff>8939220f533ffff>8939220f523ffff>8939220f527ffff>8939220e253ffff
evening_peak,314049,157,35,269,4.694,8939220f453ffff>8939220f457ffff>8939220f447ffff>8939220f473ffff>8939220f477ffff>8939220f467ffff>8939220f093ffff>8939220f083ffff>8939220f087ffff>8939220f08fffff>8939220f0bbffff>8939220f0a3ffff>8939220f0afffff>8939220f1dbffff
evening_peak,314049,157,36,269,3.62,8939220a957ffff>8939220a947ffff>8939220a973ffff>8939220a977ffff>8939220a93bffff>8939220a92bffff>8939220a923ffff>8939220a927ffff>8939220f453ffff>8939220f457ffff>8939220f447ffff
evening_peak,314049,157,37,268,5.037,8939220f537ffff>8939220f533ffff>8939220f5abffff>8939220f517ffff>8939220f513ffff>8939220f5c7ffff>8939220f5c3ffff>8939220f5dbffff>8939220f4afffff>8939220f4abffff>8939220f407ffff>8939220f403ffff>8939220f41bffff>8939220f457ffff>8939220f447ffff
evening_peak,314049,157,38,267,7.262,8939220f167ffff>8939220f12bffff>8939220f167ffff>8939220c69bffff>8939220c683ffff>8939220c693ffff>8939220c697ffff>8939220f12fffff>8939220f127ffff>8939220f123ffff>8939220f137ffff>8939220c4dbffff>8939220c4d3ffff>8939220e26bffff>8939220e27bffff>8939220e247ffff>8939220e243ffff>8939220e257ffff>8939220e253ffff>8939220f527ffff>8939220f523ffff
evening_peak,314049,157,39,267,3.638,8939220f03bffff>8939220f077ffff>8939220f02bffff>8939220f03bffff>8939220f007ffff>8939220f017ffff>8939220f0abffff>8939220f0bbffff>8939220f0b3ffff>8939220f087ffff>8939220f54bffff
evening_peak,314049,157,40,266,5.075,8939220f47bffff>8939220f447ffff>8939220f457ffff>8939220f40bffff>8939220f41bffff>8939220f40bffff>8939220f403ffff>8939220f407ffff>8939220f4abffff>8939220f4afffff>8939220f5dbffff>8939220f5c3ffff>8939220f5c7ffff>8939220f58bffff>8939220f583ffff
evening_peak,314049,157,41,266,4.006,8939220f19bffff>8939220f567ffff>8939220f56fffff>8939220f563ffff>8939220f57bffff>8939220f547ffff>8939220f543ffff>8939220f54fffff>8939220f54bffff>8939220f087ffff>8939220f097ffff>8939220f083ffff
evening_peak,314049,157,42,265,5.811,8939220f027ffff>8939220f023ffff>8939220f03bffff>8939220f00fffff>8939220f003ffff>8939220f013ffff>8939220f08bffff>8939220f0c7ffff>8939220f0d7ffff>8939220f0c3ffff>8939220f0dbffff>8939220f6afffff>8939220f6a7ffff>8939220f0dbffff>8939220f637ffff>8939220f627ffff>8939220f623ffff
evening_peak,314049,157,43,265,5.787,8939220f00fffff>8939220f00bffff>8939220f057ffff>8939220f0cfffff>8939220f0cbffff>8939220f0dbffff>8939220f6afffff>8939220f6abffff>8939220f617ffff>8939220f68fffff>8939220f613ffff>8939220f68bffff>8939220f6d7ffff>8939220f6d3ffff>8939220a96bffff>8939220abb7ffff>8939220a94fffff
evening_peak,314049,157,44,265,3.968,8939220f423ffff>8939220f42bffff>8939220f42fffff>8939220f55bffff>8939220f543ffff>8939220f54fffff>8939220f57bffff>8939220f563ffff>8939220f56fffff>8939220f19bffff>8939220f18bffff>8939220f18fffff
evening_peak,314049,157,45,265,3.657,8939220f03bffff>8939220f077ffff>8939220f02bffff>8939220f03bffff>8939220f007ffff>8939220f00fffff>8939220f003ffff>8939220f013ffff>8939220f08fffff>8939220f083ffff>8939220f097ffff
evening_peak,314049,157,46,264,3.624,8939220f143ffff>8939220f147ffff>8939220f157ffff>8939220f10bffff>8939220f103ffff>8939220f117ffff>8939220f1bbffff>8939220f1b3ffff>8939220f1b7ffff>8939220e24fffff>8939220e27bffff
evening_peak,314049,157,47,263,3.285,89392201a8bffff>89392201a9bffff>89392201e67ffff>89392201e77ffff>89392201e0fffff>89392201e73ffff>89392201e47ffff>89392201e43ffff>89392201e4bffff>89392201e5bffff
evening_peak,314049,157,48,261,5.422,8939220ad6fffff>8939220a99bffff>8939220a98bffff>8939220a98fffff>8939220a917ffff>8939220a9abffff>8939220a9afffff>8939220a937ffff>8939220f4cbffff>8939220f453ffff>8939220f457ffff>8939220f447ffff>8939220f473ffff>8939220f477ffff>8939220f467ffff>8939220f093ffff
evening_peak,314049,157,49,261,5.056,8939220f533ffff>8939220f5abffff>8939220f517ffff>8939220f513ffff>8939220f5c7ffff>8939220f5c3ffff>8939220f5dbffff>8939220f4afffff>8939220f4abffff>8939220f407ffff>8939220f417ffff>8939220f4bbffff>8939220f417ffff>8939220f413ffff>8939220f48bffff
evening_peak,314049,157,50,260,3.615,8939220f69bffff>8939220f68bffff>8939220f68fffff>8939220f617ffff>8939220f6abffff>8939220f6afffff>8939220f0dbffff>8939220f0cbffff>8939220f0cfffff>8939220f057ffff>8939220f00bffff
evening_peak,314049,157,51,259,4.745,8939220f083ffff>8939220f097ffff>8939220f55bffff>8939220f427ffff>8939220f423ffff>8939220f43bffff>8939220f407ffff>8939220f417ffff>8939220f48fffff>8939220f483ffff>8939220f493ffff>89392201a2bffff>89392201a2fffff>89392201a23ffff
evening_peak,314049,157,52,258,11.702,8939220f407ffff>8939220f417ffff>8939220f48fffff>8939220f483ffff>8939220f493ffff>89392201a2bffff>89392201a3bffff>89392201a07ffff>89392201a17ffff>89392201a8fffff>89392201a87ffff>8939220184bffff>8939220184fffff>89392201847ffff>89392201873ffff>8939220180fffff>8939220183bffff>8939220182bffff>8939220183bffff>89392201833ffff>893922018abffff>893922018a3ffff>893922018b3ffff>89392201d4bffff>89392201d43ffff>89392201d5bffff>89392201d53ffff>89392201dcbffff>89392201ddbffff>89392201ca7ffff>8939220036bffff>89392200363ffff>89392200373ffff
evening_peak,314049,157,53,258,9.12,8939220f5c7ffff>8939220f58bffff>8939220f583ffff>8939220f593ffff>89392201b2fffff>89392201b23ffff>89392201b37ffff>89392201b33ffff>89392201bafffff>89392201ba7ffff>89392201bb7ffff>8939220196bffff>8939220197bffff>89392201973ffff>8939220190fffff>89392201903ffff>89392201907ffff>89392201917ffff>893922019bbffff>893922019b3ffff>89392200a4bffff>89392200a4fffff>89392200a43ffff>89392200a57ffff>89392200a1bffff>89392200ac7ffff
evening_peak,314049,157,54,257,7.688,8939220f457ffff>8939220f447ffff>8939220f47bffff>8939220f6b7ffff>8939220f6a7ffff>8939220f0dbffff>8939220f637ffff>8939220f627ffff>8939220f623ffff>8939220f637ffff>8939220f627ffff>8939220f05bffff>8939220f04bffff>8939220f2b3ffff>8939220f2a3ffff>8939220f2abffff>8939220f233ffff>8939220f23bffff>8939220f223ffff>8939220f22fffff>8939220f227ffff>8939220f237ffff
evening_peak,314049,157,55,257,5.413,8939220f537ffff>8939220f533ffff>8939220f5abffff>8939220f517ffff>8939220f513ffff>8939220f5c7ffff>8939220f5c3ffff>8939220f5dbffff>8939220f4afffff>8939220f4abffff>8939220f407ffff>8939220f403ffff>8939220f40bffff>8939220f41bffff>8939220f457ffff>8939220f447ffff
evening_peak,314049,157,56,257,5.405,8939220e253ffff>8939220f527ffff>8939220f523ffff>8939220f533ffff>8939220f5abffff>8939220f517ffff>8939220f513ffff>8939220f5c7ffff>8939220f5c3ffff>8939220f5dbffff>8939220f4afffff>8939220f4abffff>8939220f407ffff>8939220f403ffff>8939220f40bffff>8939220f41bffff
evening_peak,314049,157,57,257,5.07,8939220f1dbffff>8939220f0a7ffff>8939220f0a3ffff>8939220f0bbffff>8939220f087ffff>8939220f083ffff>8939220f097ffff>8939220f083ffff>8939220f093ffff>8939220f467ffff>8939220f477ffff>8939220f473ffff>8939220f447ffff>8939220f457ffff>8939220f453ffff
evening_peak,314049,157,58,257,4.355,8939220f1a7ffff>8939220f1b7ffff>8939220f1b3ffff>8939220f1bbffff>8939220f18fffff>8939220f183ffff>8939220f19bffff>8939220f567ffff>8939220f56fffff>8939220f563ffff>8939220f57bffff>8939220f547ffff>8939220f543ffff
evening_peak,314049,157,59,256,3.28,8939220e0cbffff>8939220e627ffff>8939220e62fffff>8939220e293ffff>8939220e283ffff>8939220e28bffff>8939220e2c7ffff>8939220e2cfffff>8939220e253ffff>8939220f527ffff
evening_peak,314049,157,60,255,6.501,8939220a973ffff>8939220a963ffff>8939220a96fffff>8939220f69bffff>8939220f683ffff>8939220f687ffff>8939220f6b3ffff>8939220f6b7ffff>8939220f46bffff>8939220f0d3ffff>8939220f0d7ffff>8939220f08bffff>8939220f013ffff>8939220f003ffff>8939220f00fffff>8939220f03bffff>8939220f077ffff>8939220f02bffff>8939220f02fffff
evening_peak,314049,157,61,254,6.831,8939220e247ffff>8939220e243ffff>8939220e257ffff>8939220e253ffff>8939220f527ffff>8939220f523ffff>8939220f533ffff>8939220f5abffff>8939220f517ffff>8939220f513ffff>8939220f5c7ffff>8939220f5c3ffff>8939220f5dbffff>8939220f4afffff>8939220f4abffff>8939220f407ffff>8939220f403ffff>8939220f41bffff>8939220f457ffff>8939220f453ffff
evening_peak,314049,157,62,254,3.99,8939220f067ffff>8939220f063ffff>8939220f073ffff>8939220f00bffff>8939220f057ffff>8939220f0cfffff>8939220f0cbffff>8939220f0dbffff>8939220f6afffff>8939220f6abffff>8939220f6bbffff>8939220f6b3ffff
evening_peak,314049,157,63,254,3.98,8939220f027ffff>8939220f023ffff>8939220f03bffff>8939220f00fffff>8939220f003ffff>8939220f013ffff>8939220f08bffff>8939220f0d7ffff>8939220f0d3ffff>8939220f46bffff>8939220f6b7ffff>8939220f6a3ffff
evening_peak,314049,157,64,251,8.328,8939220c697ffff>8939220f12fffff>8939220f127ffff>8939220f123ffff>8939220f137ffff>8939220c4dbffff>8939220c4d3ffff>8939220e26bffff>8939220e27bffff>8939220e247ffff>8939220e243ffff>8939220e253ffff>8939220f527ffff>8939220f523ffff>8939220f533ffff>8939220f5abffff>8939220f517ffff>8939220f513ffff>8939220f5c7ffff>8939220f5c3ffff>8939220f5dbffff>8939220f4afffff>8939220f4abffff>8939220f407ffff
evening_peak,314049,157,65,251,7.334,8939220f457ffff>8939220f447ffff>8939220f47bffff>8939220f6b7ffff>8939220f6a7ffff>8939220f0dbffff>8939220f637ffff>8939220f627ffff>8939220f62fffff>8939220f297ffff>8939220f283ffff>8939220f28fffff>8939220f213ffff>8939220f21bffff>8939220f257ffff>8939220f247ffff>8939220f27bffff>8939220f26bffff>8939220d4d3ffff>8939220f26fffff>8939220f267ffff
evening_peak,314049,157,66,251,5.134,8939220f447ffff>8939220f47bffff>8939220f6b7ffff>8939220f6a7ffff>8939220f0dbffff>8939220f637ffff>8939220f627ffff>8939220f62fffff>8939220f297ffff>8939220f283ffff>8939220f28fffff>8939220f213ffff>8939220f21bffff>8939220f2c7ffff>8939220f21bffff
evening_peak,314049,157,67,251,4.012,8939220f44fffff>8939220f47bffff>8939220f447ffff>8939220f457ffff>8939220f40bffff>8939220f403ffff>8939220f407ffff>8939220f417ffff>8939220f48fffff>8939220f483ffff>8939220f493ffff>89392201a2bffff
evening_peak,314049,157,68,251,3.987,8939220f08bffff>8939220f0c7ffff>8939220f013ffff>8939220f0c7ffff>8939220f0cfffff>8939220f057ffff>8939220f00bffff>8939220f073ffff>8939220f063ffff>8939220f067ffff>8939220f393ffff>8939220f383ffff
evening_peak,314049,157,69,250,6.571,8939220c697ffff>8939220c45bffff>8939220c443ffff>8939220c457ffff>8939220c41bffff>8939220c40bffff>8939220c403ffff>8939220c40fffff>8939220c43bffff>8939220c42bffff>8939220c093ffff>8939220c097ffff>8939220c083ffff>8939220c08fffff>8939220c013ffff>8939220c003ffff>8939220c00fffff>8939220c077ffff>8939220c067ffff
evening_peak,314049,157,70,249,3.253,8939220e2abffff>8939220e2afffff>8939220e237ffff>8939220e3cbffff>8939220e3cfffff>8939220e357ffff>8939220e30bffff>8939220e373ffff>8939220e37bffff>8939220e363ffff
evening_peak,314049,157,71,248,3.298,89392201a8bffff>89392201a9bffff>89392201e67ffff>89392201e77ffff>89392201e0fffff>89392201e03ffff>89392201e13ffff>89392201e17ffff>89392201e8fffff>89392201e87ffff
evening_peak,314049,157,72,247,5.423,8939220f5cfffff>8939220f5c7ffff>8939220f513ffff>8939220f517ffff>8939220f5abffff>8939220f533ffff>8939220f523ffff>8939220f527ffff>8939220e253ffff>8939220e257ffff>8939220e243ffff>8939220e247ffff>8939220e24fffff>8939220e27bffff>8939220e26bffff>8939220c4d3ffff
evening_peak,314049,157,73,247,4.759,89392201a8fffff>89392201a17ffff>89392201a07ffff>89392201a3bffff>89392201a2bffff>8939220f493ffff>8939220f483ffff>8939220f48fffff>8939220f417ffff>8939220f407ffff>8939220f43bffff>8939220f423ffff>8939220f42bffff>8939220f42fffff
evening_peak,314049,157,74,247,4.721,8939220f027ffff>8939220f023ffff>8939220f03bffff>8939220f00fffff>8939220f003ffff>8939220f013ffff>8939220f08fffff>8939220f083ffff>8939220f097ffff>8939220f083ffff>8939220f093ffff>8939220f467ffff>8939220f477ffff>8939220f473ffff
evening_peak,314049,157,75,247,4.35,8939220f683ffff>8939220f68fffff>8939220f617ffff>8939220f6abffff>8939220f6afffff>8939220f0dbffff>8939220f0cbffff>8939220f0cfffff>8939220f057ffff>8939220f00bffff>8939220f073ffff>8939220f063ffff>8939220f067ffff
evening_peak,314049,157,76,246,5.129,8939220f40bffff>8939220f403ffff>8939220f407ffff>8939220f417ffff>8939220f48fffff>8939220f483ffff>8939220f493ffff>89392201a2bffff>89392201a3bffff>89392201a07ffff>89392201a17ffff>89392201a8fffff>89392201a87ffff>8939220184bffff>89392201843ffff
evening_peak,314049,157,77,246,3.262,8939220f037ffff>8939220f1cbffff>8939220f1dbffff>8939220f0a7ffff>8939220f0a3ffff>8939220f0bbffff>8939220f087ffff>8939220f083ffff>8939220f097ffff>8939220f083ffff
evening_peak,314049,157,78,244,6.844,8939220f1b3ffff>8939220f1b7ffff>8939220e24fffff>8939220e27bffff>8939220e247ffff>8939220e243ffff>8939220e257ffff>8939220e253ffff>8939220f527ffff>8939220f523ffff>8939220f533ffff>8939220f5abffff>8939220f517ffff>8939220f513ffff>8939220f5c7ffff>8939220f5c3ffff>8939220f5dbffff>8939220f4afffff>8939220f4abffff>8939220f407ffff
evening_peak,314049,157,79,244,5.054,8939220f027ffff>8939220f023ffff>8939220f03bffff>8939220f00fffff>8939220f003ffff>8939220f013ffff>8939220f08bffff>8939220f0d7ffff>8939220f0d3ffff>8939220f46bffff>8939220f6b7ffff>8939220f6b3ffff>8939220f687ffff>8939220f683ffff>8939220f693ffff
evening_peak,314049,157,80,243,9.05,8939220c697ffff>8939220f12fffff>8939220f127ffff>8939220f123ffff>8939220f137ffff>8939220c4dbffff>8939220c4d3ffff>8939220e26bffff>8939220e27bffff>8939220e24fffff>8939220e247ffff>8939220e243ffff>8939220e253ffff>8939220f527ffff>8939220f523ffff>8939220f533ffff>8939220f5abffff>8939220f517ffff>8939220f513ffff>8939220f5c7ffff>8939220f5c3ffff>8939220f5dbffff>8939220f4afffff>8939220f4abffff>8939220f407ffff>8939220f417ffff
evening_peak,314049,157,81,243,6.852,8939220f447ffff>8939220f457ffff>8939220f40bffff>8939220f41bffff>8939220f40bffff>8939220f403ffff>8939220f407ffff>8939220f4abffff>8939220f4afffff>8939220f5dbffff>8939220f5c3ffff>8939220f5c7ffff>8939220f513ffff>8939220f517ffff>8939220f5abffff>8939220f533ffff>8939220f537ffff>8939220f523ffff>8939220f527ffff>8939220e253ffff
evening_peak,314049,157,82,243,5.849,8939220f083ffff>8939220f097ffff>8939220f55bffff>8939220f427ffff>8939220f423ffff>8939220f43bffff>8939220f407ffff>8939220f417ffff>8939220f48fffff>8939220f483ffff>8939220f493ffff>89392201a2bffff>89392201a3bffff>89392201a07ffff>89392201a17ffff>89392201a8fffff>89392201a8bffff
evening_peak,314049,157,83,243,5.762,8939220e253ffff>8939220f527ffff>8939220f523ffff>8939220f533ffff>8939220f5abffff>8939220f517ffff>8939220f513ffff>8939220f5c7ffff>8939220f5c3ffff>8939220f5dbffff>8939220f4afffff>8939220f4abffff>8939220f407ffff>8939220f403ffff>8939220f40bffff>8939220f457ffff>8939220f447ffff
evening_peak,314049,157,84,242,8.33,8939220f167ffff>8939220f12bffff>8939220f177ffff>8939220f163ffff>8939220f167ffff>8939220c69bffff>8939220c683ffff>8939220c693ffff>8939220c697ffff>8939220f12fffff>8939220f127ffff>8939220f123ffff>8939220f137ffff>8939220c4dbffff>8939220c4d3ffff>8939220e26bffff>8939220e27bffff>8939220e24fffff>8939220e247ffff>8939220e243ffff>8939220e257ffff>8939220e253ffff>8939220f527ffff>8939220f523ffff
evening_peak,314049,157,85,242,5.11,8939220f0d7ffff>8939220f0c3ffff>8939220f0dbffff>8939220f6afffff>8939220f6a7ffff>8939220f0dbffff>8939220f637ffff>8939220f627ffff>8939220f62fffff>8939220f297ffff>8939220f283ffff>8939220f28fffff>8939220f213ffff>8939220f21bffff>8939220f2c7ffff
evening_peak,314049,157,86,242,4.715,8939220f507ffff>8939220f517ffff>8939220f513ffff>8939220f5c7ffff>8939220f5c3ffff>8939220f5dbffff>8939220f4afffff>8939220f4abffff>8939220f407ffff>8939220f417ffff>8939220f48fffff>8939220f483ffff>8939220f493ffff>89392201a2bffff
evening_peak,314049,157,87,241,7.577,8939220f47bffff>8939220f447ffff>8939220f457ffff>8939220f40bffff>8939220f403ffff>8939220f407ffff>8939220f4abffff>8939220f4afffff>8939220f5dbffff>8939220f5c3ffff>8939220f5c7ffff>8939220f513ffff>8939220f517ffff>8939220f5abffff>8939220f533ffff>8939220f523ffff>8939220f527ffff>8939220e253ffff>8939220e243ffff>8939220e247ffff>8939220e24fffff>8939220e27bffff
evening_peak,314049,157,88,241,7.201,8939220e247ffff>8939220e243ffff>8939220e257ffff>8939220e253ffff>8939220f527ffff>8939220f523ffff>8939220f533ffff>8939220f5abffff>8939220f517ffff>8939220f513ffff>8939220f5c7ffff>8939220f5c3ffff>8939220f5dbffff>8939220f4afffff>8939220f4abffff>8939220f407ffff>8939220f403ffff>8939220f41bffff>8939220f40bffff>8939220f457ffff>8939220f447ffff
evening_peak,314049,157,89,241,6.841,8939220e27bffff>8939220e247ffff>8939220e243ffff>8939220e257ffff>8939220e253ffff>8939220f527ffff>8939220f523ffff>8939220f533ffff>8939220f5abffff>8939220f517ffff>8939220f513ffff>8939220f5c7ffff>8939220f5c3ffff>8939220f5dbffff>8939220f4afffff>8939220f4abffff>8939220f407ffff>8939220f403ffff>8939220f41bffff>8939220f457ffff
evening_peak,314049,157,90,241,3.595,8939220f40bffff>8939220f403ffff>8939220f407ffff>8939220f4abffff>8939220f4afffff>8939220f5dbffff>8939220f5c3ffff>8939220f5c7ffff>8939220f513ffff>8939220f517ffff>8939220f5bbffff
evening_peak,314049,157,91,240,7.956,8939220e27bffff>8939220e247ffff>8939220e243ffff>8939220e257ffff>8939220e253ffff>8939220f527ffff>8939220f523ffff>8939220f537ffff>8939220f533ffff>8939220f5abffff>8939220f517ffff>8939220f513ffff>8939220f5c7ffff>8939220f5c3ffff>8939220f5dbffff>8939220f4afffff>8939220f4abffff>8939220f407ffff>8939220f417ffff>8939220f48fffff>8939220f483ffff>8939220f493ffff>89392201a2bffff
evening_peak,314049,157,92,240,6.119,8939220e247ffff>8939220e243ffff>8939220e253ffff>8939220f527ffff>8939220f523ffff>8939220f533ffff>8939220f5abffff>8939220f517ffff>8939220f513ffff>8939220f5c7ffff>8939220f5c3ffff>8939220f5dbffff>8939220f4afffff>8939220f4abffff>8939220f407ffff>8939220f403ffff>8939220f41bffff>8939220f457ffff
evening_peak,314049,157,93,240,4.72,8939220c683ffff>8939220c68bffff>8939220c69bffff>8939220f16fffff>8939220c6d3ffff>8939220f3a7ffff>8939220f3a3ffff>8939220f3b3ffff>8939220f387ffff>8939220f397ffff>8939220f383ffff>8939220f393ffff>8939220f067ffff>8939220f39bffff
evening_peak,314049,157,94,239,3.591,8939220f477ffff>8939220f473ffff>8939220f447ffff>8939220f457ffff>8939220f453ffff>8939220a927ffff>8939220a923ffff>8939220a93bffff>8939220a977ffff>8939220a973ffff>8939220a947ffff
evening_peak,314049,157,95,239,3.283,8939220c41bffff>8939220c4c7ffff>8939220c4d7ffff>8939220e26fffff>8939220c4d3ffff>8939220e26bffff>8939220e27bffff>8939220e24fffff>8939220e247ffff>8939220e243ffff
evening_peak,314049,157,96,238,5.093,8939220f397ffff>8939220f14bffff>8939220f3b3ffff>8939220f3bbffff>8939220f317ffff>8939220f307ffff>8939220f33bffff>8939220f377ffff>8939220f363ffff>8939220f36bffff>8939220d4b7ffff>8939220d4b3ffff>8939220d4a3ffff>8939220d4bbffff>8939220d4abffff
evening_peak,314049,157,97,238,4.337,8939220f1cbffff>8939220f027ffff>8939220f023ffff>8939220f03bffff>8939220f00fffff>8939220f003ffff>8939220f013ffff>8939220f08bffff>8939220f0d7ffff>8939220f0d3ffff>8939220f46bffff>8939220f6b7ffff>8939220f6b3ffff
evening_peak,314049,157,98,238,3.633,8939220f0d7ffff>8939220f0c3ffff>8939220f0dbffff>8939220f6afffff>8939220f6a7ffff>8939220f0dbffff>8939220f637ffff>8939220f627ffff>8939220f623ffff>8939220f62bffff>8939220f667ffff
evening_peak,314049,157,99,238,3.63,8939220f523ffff>8939220f527ffff>8939220e253ffff>8939220e243ffff>8939220e247ffff>8939220e24fffff>8939220e27bffff>8939220e26bffff>8939220c4d3ffff>8939220e26bffff>8939220f1a7ffff
evening_peak,314049,157,100,238,3.262,8939220f553ffff>8939220f543ffff>8939220f55bffff>8939220f543ffff>8939220f54fffff>8939220f57bffff>8939220f563ffff>8939220f56fffff>8939220f1d3ffff>8939220f1dbffff
evening,225325,113,1,381,5.434,8939220c68fffff>8939220c6bbffff>8939220c68fffff>8939220c683ffff>8939220c68bffff>8939220c69bffff>8939220f16fffff>8939220c6d3ffff>8939220f3a7ffff>8939220f3a3ffff>8939220f3b3ffff>8939220f387ffff>8939220f397ffff>8939220f383ffff>8939220f393ffff>8939220f067ffff
evening,225325,113,2,372,5.065,8939220f067ffff>8939220f063ffff>8939220f073ffff>8939220f00bffff>8939220f057ffff>8939220f0cfffff>8939220f0cbffff>8939220f0dbffff>8939220f6afffff>8939220f6abffff>8939220f617ffff>8939220f68fffff>8939220f683ffff>8939220f687ffff>8939220f6b3ffff
evening,225325,113,3,341,3.622,8939220f067ffff>8939220f063ffff>8939220f073ffff>8939220f00bffff>8939220f057ffff>8939220f0cfffff>8939220f0c7ffff>8939220f013ffff>8939220f08bffff>8939220f0d7ffff>8939220f08bffff
evening,225325,113,4,318,3.99,8939220f067ffff>8939220f063ffff>8939220f073ffff>8939220f00bffff>8939220f057ffff>8939220f0cfffff>8939220f0cbffff>8939220f0dbffff>8939220f6afffff>8939220f6abffff>8939220f6bbffff>8939220f6b3ffff
evening,225325,113,5,305,4.353,8939220f477ffff>8939220f463ffff>8939220f46bffff>8939220f0d3ffff>8939220f0d7ffff>8939220f08bffff>8939220f013ffff>8939220f003ffff>8939220f00fffff>8939220f03bffff>8939220f077ffff>8939220f02bffff>8939220f02fffff
evening,225325,113,6,252,3.606,8939220f067ffff>8939220f02bffff>8939220f02fffff>8939220f393ffff>8939220f397ffff>8939220f14bffff>8939220f143ffff>8939220f147ffff>8939220f157ffff>8939220f10bffff>8939220f157ffff
evening,225325,113,7,250,7.227,8939220a957ffff>8939220a947ffff>8939220a973ffff>8939220a963ffff>8939220a96fffff>8939220f69bffff>8939220f683ffff>8939220f687ffff>8939220f6b3ffff>8939220f6b7ffff>8939220f46bffff>8939220f0d3ffff>8939220f0d7ffff>8939220f08bffff>8939220f013ffff>8939220f003ffff>8939220f00fffff>8939220f03bffff>8939220f077ffff>8939220f02bffff>8939220f02fffff
evening,225325,113,8,249,5.077,8939220f067ffff>8939220f393ffff>8939220f383ffff>8939220f397ffff>8939220f387ffff>8939220f3b3ffff>8939220f3a3ffff>8939220f3a7ffff>8939220c6d3ffff>8939220f16fffff>8939220c69bffff>8939220c68bffff>8939220c683ffff>8939220c68fffff>8939220c6bbffff
evening,225325,113,9,247,4.344,8939220f19bffff>8939220f567ffff>8939220f56fffff>8939220f563ffff>8939220f57bffff>8939220f547ffff>8939220f543ffff>8939220f55bffff>8939220f427ffff>8939220f423ffff>8939220f42bffff>8939220f477ffff>8939220f473ffff
evening,225325,113,10,240,4.718,8939220f43bffff>8939220f423ffff>8939220f42bffff>8939220f42fffff>8939220f093ffff>8939220f083ffff>8939220f08fffff>8939220f013ffff>8939220f003ffff>8939220f00fffff>8939220f03bffff>8939220f077ffff>8939220f02bffff>8939220f02fffff
evening,225325,113,11,238,3.963,8939220f00fffff>8939220f03bffff>8939220f077ffff>8939220f02bffff>8939220f02fffff>8939220f393ffff>8939220f397ffff>8939220f14bffff>8939220f143ffff>8939220f14fffff>8939220f17bffff>8939220f163ffff
evening,225325,113,12,236,5.853,8939220183bffff>89392201833ffff>893922018abffff>893922018a3ffff>893922018b3ffff>89392201d4bffff>89392201d43ffff>89392201d5bffff>89392201d53ffff>89392201dcbffff>89392201ddbffff>89392201ca7ffff>8939220036bffff>89392200363ffff>89392200373ffff>8939220037bffff>89392200373ffff
evening,225325,113,13,231,5.807,8939220f167ffff>8939220f12bffff>8939220f167ffff>8939220c69bffff>8939220c683ffff>8939220c68bffff>8939220c69bffff>8939220f16fffff>8939220c6d3ffff>8939220f3a7ffff>8939220f3a3ffff>8939220f3b3ffff>8939220f387ffff>8939220f397ffff>8939220f383ffff>8939220f393ffff>8939220f067ffff
evening,225325,113,14,224,4.361,8939220f08bffff>8939220f0d7ffff>8939220f0c3ffff>8939220f0dbffff>8939220f6afffff>8939220f6a7ffff>8939220f0dbffff>8939220f637ffff>8939220f627ffff>8939220f623ffff>8939220f637ffff>8939220f627ffff>8939220f05bffff
evening,225325,113,15,223,4.697,8939220f6b3ffff>8939220f6b7ffff>8939220f46bffff>8939220f0d3ffff>8939220f0d7ffff>8939220f08bffff>8939220f013ffff>8939220f017ffff>8939220f0abffff>8939220f0bbffff>8939220f0a3ffff>8939220f0afffff>8939220f1dbffff>8939220f1cbffff
evening,225325,113,16,223,3.969,8939220f43bffff>8939220f423ffff>8939220f42bffff>8939220f42fffff>8939220f55bffff>8939220f543ffff>8939220f54fffff>8939220f57bffff>8939220f563ffff>8939220f56fffff>8939220f19bffff>8939220f18bffff
evening,225325,113,17,223,3.275,8939220f1b3ffff>8939220f1bbffff>8939220f18fffff>8939220f183ffff>8939220f19bffff>8939220f567ffff>8939220f56fffff>8939220f1d3ffff>8939220f1dbffff>8939220f037ffff
evening,225325,113,18,218,5.438,8939220e2abffff>8939220e2bbffff>8939220e2a3ffff>8939220e2b3ffff>8939220e2b7ffff>8939220e04fffff>8939220e07bffff>8939220e047ffff>8939220e073ffff>8939220e00fffff>8939220e007ffff>8939220e0abffff>8939220e0afffff>8939220e0a7ffff>8939220e56bffff>8939220e56fffff
evening,225325,113,19,217,3.26,8939220f02fffff>8939220f393ffff>8939220f397ffff>8939220f14bffff>8939220f3b3ffff>8939220f3bbffff>8939220f38fffff>8939220f38bffff>8939220f313ffff>8939220f31bffff
evening,225325,113,20,216,4.36,8939220e2abffff>8939220e207ffff>8939220e20fffff>8939220e273ffff>8939220e27bffff>8939220e24fffff>8939220f1b7ffff>8939220f1b3ffff>8939220f1bbffff>8939220f117ffff>8939220f103ffff>8939220f10bffff>8939220f157ffff
evening,225325,113,21,214,3.279,8939220a943ffff>8939220a957ffff>8939220a9cfffff>8939220a9c3ffff>8939220a9d7ffff>8939220a9d3ffff>8939220ad6fffff>8939220ad67ffff>8939220ad77ffff>8939220ad2bffff
evening,225325,113,22,213,4.391,8939220f6a7ffff>8939220f0dbffff>8939220f637ffff>8939220f627ffff>8939220f62fffff>8939220f297ffff>8939220f283ffff>8939220f28fffff>8939220f213ffff>8939220f21bffff>8939220f2c7ffff>8939220f21bffff>8939220f203ffff
evening,225325,113,23,213,3.243,8939220f54fffff>8939220f57bffff>8939220f563ffff>8939220f56fffff>8939220f19bffff>8939220f18bffff>8939220f18fffff>8939220f1bbffff>8939220f1b3ffff>8939220f1b7ffff
evening,225325,113,24,212,5.418,8939220e253ffff>8939220f527ffff>8939220f523ffff>8939220f533ffff>8939220f5abffff>8939220f517ffff>8939220f513ffff>8939220f5c7ffff>8939220f5c3ffff>8939220f5dbffff>8939220f4afffff>8939220f4abffff>8939220f407ffff>8939220f417ffff>8939220f407ffff>8939220f43bffff
evening,225325,113,25,211,3.276,8939220f1c7ffff>8939220f1c3ffff>8939220f1cfffff>8939220f1c3ffff>8939220f1cbffff>8939220f1dbffff>8939220f1cbffff>8939220f037ffff>8939220f027ffff>8939220f023ffff
evening,225325,113,26,211,3.265,8939220f067ffff>8939220f02bffff>8939220f02fffff>8939220f393ffff>8939220f397ffff>8939220f14bffff>8939220f143ffff>8939220f157ffff>8939220f1cfffff>8939220f1c7ffff
evening,225325,113,27,209,4.711,8939220f537ffff>8939220f523ffff>8939220f527ffff>8939220e253ffff>8939220e257ffff>8939220e243ffff>8939220e247ffff>8939220e24fffff>8939220e27bffff>8939220e26bffff>8939220c4d3ffff>8939220c4dbffff>8939220f137ffff>8939220f123ffff
evening,225325,113,28,208,3.619,8939220f383ffff>8939220f393ffff>8939220f067ffff>8939220f02bffff>8939220f02fffff>8939220f027ffff>8939220f023ffff>8939220f03bffff>8939220f00fffff>8939220f003ffff>8939220f013ffff
evening,225325,113,29,207,4.401,8939220f477ffff>8939220f43bffff>8939220f407ffff>8939220f417ffff>8939220f48fffff>8939220f483ffff>8939220f493ffff>89392201a2bffff>89392201a3bffff>89392201a07ffff>89392201a17ffff>89392201a8fffff>89392201a8bffff
evening,225325,113,30,207,4.006,8939220f19bffff>8939220f567ffff>8939220f56fffff>8939220f563ffff>8939220f57bffff>8939220f547ffff>8939220f543ffff>8939220f54fffff>8939220f54bffff>8939220f087ffff>8939220f097ffff>8939220f083ffff
evening,225325,113,31,206,3.976,8939220f523ffff>8939220f527ffff>8939220e253ffff>8939220e257ffff>8939220e243ffff>8939220e247ffff>8939220e24fffff>8939220e27bffff>8939220e273ffff>8939220e20fffff>8939220e207ffff>8939220e2abffff
evening,225325,113,32,205,9.068,8939220f523ffff>8939220f537ffff>8939220f533ffff>8939220f5abffff>8939220f517ffff>8939220f513ffff>8939220f5c7ffff>8939220f5c3ffff>8939220f5dbffff>8939220f4afffff>8939220f4abffff>8939220f407ffff>8939220f417ffff>8939220f48fffff>8939220f483ffff>8939220f493ffff>89392201a2bffff>89392201a3bffff>89392201a07ffff>89392201a17ffff>89392201a8fffff>89392201a8bffff>89392201ac7ffff>89392201ac3ffff>89392201acbffff>8939220ad37ffff
evening,225325,113,33,205,4.694,8939220f453ffff>8939220f457ffff>8939220f447ffff>8939220f473ffff>8939220f477ffff>8939220f467ffff>8939220f093ffff>8939220f083ffff>8939220f087ffff>8939220f08fffff>8939220f0bbffff>8939220f0a3ffff>8939220f0afffff>8939220f1dbffff
evening,225325,113,34,204,6.838,8939220e27bffff>8939220e247ffff>8939220e243ffff>8939220e257ffff>8939220e253ffff>8939220f527ffff>8939220f523ffff>8939220f537ffff>8939220f533ffff>8939220f5abffff>8939220f517ffff>8939220f513ffff>8939220f5c7ffff>8939220f5c3ffff>8939220f5dbffff>8939220f4afffff>8939220f4abffff>8939220f407ffff>8939220f403ffff>8939220f40bffff
evening,225325,113,35,203,5.088,8939220f03bffff>8939220f077ffff>8939220f02bffff>8939220f02fffff>8939220f023ffff>8939220f027ffff>8939220f037ffff>8939220f1cbffff>8939220f1dbffff>8939220f1d3ffff>8939220f56fffff>8939220f567ffff>8939220f52bffff>8939220f523ffff>8939220f537ffff
evening,225325,113,36,202,6.167,8939220f167ffff>8939220f12bffff>8939220f177ffff>8939220f10fffff>8939220f10bffff>8939220f103ffff>8939220f117ffff>8939220f18fffff>8939220f1bbffff>8939220f18fffff>8939220f183ffff>8939220f19bffff>8939220f567ffff>8939220f56fffff>8939220f563ffff>8939220f57bffff>8939220f547ffff>8939220f543ffff
evening,225325,113,37,202,3.632,8939220e2abffff>8939220e2bbffff>8939220e2a3ffff>8939220e2b3ffff>8939220e2b7ffff>8939220e04fffff>8939220e07bffff>8939220e047ffff>8939220e073ffff>8939220e00fffff>8939220e077ffff
evening,225325,113,38,200,4.377,89392201a73ffff>89392201a77ffff>89392201a67ffff>89392201a2bffff>8939220f493ffff>8939220f483ffff>8939220f48fffff>8939220f417ffff>8939220f407ffff>8939220f43bffff>8939220f423ffff>8939220f42bffff>8939220f42fffff
evening,225325,113,39,199,4.339,8939220f02bffff>8939220f02fffff>8939220f023ffff>8939220f03bffff>8939220f00fffff>8939220f003ffff>8939220f013ffff>8939220f08bffff>8939220f0d7ffff>8939220f0d3ffff>8939220f46bffff>8939220f6b7ffff>8939220f6b3ffff
evening,225325,113,40,198,5.081,8939220e24fffff>8939220e27bffff>8939220e273ffff>8939220e20fffff>8939220e207ffff>8939220e2abffff>8939220e2bbffff>8939220e2a3ffff>8939220e2b3ffff>8939220e2b7ffff>8939220e04fffff>8939220e07bffff>8939220e047ffff>8939220e073ffff>8939220e00fffff
evening,225325,113,41,198,4.003,8939220f007ffff>8939220f00fffff>8939220f007ffff>8939220f017ffff>8939220f0abffff>8939220f0bbffff>8939220f0b3ffff>8939220f087ffff>8939220f54bffff>8939220f55bffff>8939220f543ffff>8939220f553ffff
evening,225325,113,42,197,5.828,8939220f167ffff>8939220c69bffff>8939220c683ffff>8939220c697ffff>8939220f12fffff>8939220f127ffff>8939220f123ffff>8939220f137ffff>8939220c4dbffff>8939220c4d3ffff>8939220e26bffff>8939220e27bffff>8939220e247ffff>8939220e243ffff>8939220e253ffff>8939220f527ffff>8939220f537ffff
evening,225325,113,43,195,5.762,8939220e27bffff>8939220e247ffff>8939220e243ffff>8939220e253ffff>8939220f527ffff>8939220f523ffff>8939220f537ffff>8939220f533ffff>8939220f5abffff>8939220f517ffff>8939220f513ffff>8939220f5c7ffff>8939220f5c3ffff>8939220f5dbffff>8939220f4afffff>8939220f4abffff>8939220f407ffff
evening,225325,113,44,195,4.39,8939220f6b3ffff>8939220f44fffff>8939220f447ffff>8939220f47bffff>8939220f6b7ffff>8939220f6a7ffff>8939220f0dbffff>8939220f637ffff>8939220f627ffff>8939220f623ffff>8939220f637ffff>8939220f627ffff>8939220f05bffff
evening,225325,113,45,194,8.683,8939220c697ffff>8939220f12fffff>8939220f127ffff>8939220f123ffff>8939220f137ffff>8939220c4dbffff>8939220c4d3ffff>8939220e26bffff>8939220e27bffff>8939220e24fffff>8939220e247ffff>8939220e243ffff>8939220e253ffff>8939220f527ffff>8939220f537ffff>8939220f533ffff>8939220f5abffff>8939220f517ffff>8939220f513ffff>8939220f5c7ffff>8939220f5c3ffff>8939220f5dbffff>8939220f4afffff>8939220f4abffff>8939220f407ffff
evening,225325,113,46,194,5.085,8939220f067ffff>8939220f02bffff>8939220f02fffff>8939220f027ffff>8939220f023ffff>8939220f027ffff>8939220f037ffff>8939220f1cbffff>8939220f1dbffff>8939220f1d3ffff>8939220f56fffff>8939220f567ffff>8939220f52bffff>8939220f523ffff>8939220f537ffff
evening,225325,113,47,194,5.051,8939220f02fffff>8939220f027ffff>8939220f023ffff>8939220f03bffff>8939220f00fffff>8939220f003ffff>8939220f013ffff>8939220f08bffff>8939220f0d7ffff>8939220f0d3ffff>8939220f46bffff>8939220f6b7ffff>8939220f6b3ffff>8939220f687ffff>8939220f683ffff
evening,225325,113,48,194,4.38,8939220a943ffff>8939220a957ffff>8939220a9cfffff>8939220a9c3ffff>8939220a9d7ffff>8939220a9d3ffff>8939220ad6fffff>8939220ad67ffff>8939220ad77ffff>8939220ad3bffff>8939220ad07ffff>8939220ad33ffff>8939220adabffff
evening,225325,113,49,194,4.366,8939220f39bffff>8939220f393ffff>8939220f383ffff>8939220f393ffff>8939220f067ffff>8939220f063ffff>8939220f073ffff>8939220f00bffff>8939220f057ffff>8939220f0cfffff>8939220f0c7ffff>8939220f013ffff>8939220f08bffff
evening,225325,113,50,193,4.728,8939220f067ffff>8939220f39bffff>8939220f393ffff>8939220f383ffff>8939220f397ffff>8939220f387ffff>8939220f3b3ffff>8939220f3a3ffff>8939220f3a7ffff>8939220c6d3ffff>8939220f16fffff>8939220c69bffff>8939220c68bffff>8939220c683ffff
evening,225325,113,51,193,3.632,8939220e2abffff>8939220e207ffff>8939220e20fffff>8939220e273ffff>8939220e27bffff>8939220e24fffff>8939220f1b7ffff>8939220f1b3ffff>8939220f1bbffff>8939220f18fffff>8939220f183ffff
evening,225325,113,52,192,7.273,8939220f167ffff>8939220f12bffff>8939220f167ffff>8939220c69bffff>8939220c683ffff>8939220c693ffff>8939220c697ffff>8939220f12fffff>8939220f127ffff>8939220f123ffff>8939220f137ffff>8939220c4dbffff>8939220c4d3ffff>8939220e26bffff>8939220e27bffff>8939220e24fffff>8939220e247ffff>8939220e243ffff>8939220e253ffff>8939220f527ffff>8939220f537ffff
evening,225325,113,53,192,6.557,8939220f067ffff>8939220f063ffff>8939220f073ffff>8939220f00bffff>8939220f057ffff>8939220f0cfffff>8939220f0c7ffff>8939220f013ffff>8939220f08bffff>8939220f0c7ffff>8939220f0d7ffff>8939220f0c3ffff>8939220f0d3ffff>8939220f6a7ffff>8939220f6b7ffff>8939220f47bffff>8939220f447ffff>8939220f457ffff>8939220f40bffff
evening,225325,113,54,192,4.377,8939220f00fffff>8939220f003ffff>8939220f013ffff>8939220f08bffff>8939220f0d7ffff>8939220f0c3ffff>8939220f0d3ffff>8939220f6a7ffff>8939220f6b7ffff>8939220f47bffff>8939220f447ffff>8939220f457ffff>8939220f40bffff
evening,225325,113,55,192,3.99,8939220f19bffff>8939220f567ffff>8939220f56fffff>8939220f563ffff>8939220f57bffff>8939220f547ffff>8939220f543ffff>8939220f55bffff>8939220f427ffff>8939220f423ffff>8939220f43bffff>8939220f407ffff
evening,225325,113,56,191,5.447,8939220f523ffff>8939220f527ffff>8939220e253ffff>8939220e243ffff>8939220e247ffff>8939220e24fffff>8939220e27bffff>8939220e26bffff>8939220c4d3ffff>8939220c4dbffff>8939220f137ffff>8939220f123ffff>8939220f127ffff>8939220f12fffff>8939220c693ffff>8939220c683ffff
evening,225325,113,57,191,3.285,89392201a8bffff>89392201a9bffff>89392201e67ffff>89392201e77ffff>89392201e0fffff>89392201e73ffff>89392201e47ffff>89392201e43ffff>89392201e4bffff>89392201e5bffff
evening,225325,113,58,191,3.254,8939220f1b3ffff>8939220f1b7ffff>8939220e24fffff>8939220e27bffff>8939220e247ffff>8939220e243ffff>8939220e257ffff>8939220e253ffff>8939220f527ffff>8939220f537ffff
evening,225325,113,59,189,5.491,8939220f6a7ffff>8939220f0dbffff>8939220f637ffff>8939220f627ffff>8939220f62fffff>8939220f297ffff>8939220f283ffff>8939220f28fffff>8939220f213ffff>8939220f21bffff>8939220f257ffff>8939220f247ffff>8939220f27bffff>8939220f26bffff>8939220d4d3ffff>8939220d4d7ffff
evening,225325,113,60,189,3.621,8939220e2abffff>8939220e207ffff>8939220e20fffff>8939220e273ffff>8939220e27bffff>8939220e247ffff>8939220e243ffff>8939220e257ffff>8939220e253ffff>8939220f527ffff>8939220f523ffff
evening,225325,113,61,188,9.417,8939220e247ffff>8939220e243ffff>8939220e257ffff>8939220e253ffff>8939220f527ffff>8939220f523ffff>8939220f537ffff>8939220f533ffff>8939220f5abffff>8939220f517ffff>8939220f513ffff>8939220f5c7ffff>8939220f5c3ffff>8939220f5dbffff>8939220f4afffff>8939220f4abffff>8939220f407ffff>8939220f417ffff>8939220f48fffff>8939220f483ffff>8939220f493ffff>89392201a2bffff>89392201a3bffff>89392201a07ffff>89392201a17ffff>89392201a8fffff>89392201a8bffff
evening,225325,113,62,188,7.256,8939220a957ffff>8939220a943ffff>8939220a94fffff>8939220abb7ffff>8939220aba7ffff>8939220f6d3ffff>8939220f6d7ffff>8939220f68bffff>8939220f613ffff>8939220f68fffff>8939220f617ffff>8939220f6abffff>8939220f6afffff>8939220f0dbffff>8939220f0cbffff>8939220f0cfffff>8939220f057ffff>8939220f00bffff>8939220f073ffff>8939220f063ffff>8939220f067ffff
evening,225325,113,63,188,6.191,8939220f167ffff>8939220f12bffff>8939220f167ffff>8939220c69bffff>8939220c683ffff>8939220c697ffff>8939220f12fffff>8939220f127ffff>8939220f123ffff>8939220f137ffff>8939220c4dbffff>8939220c4d3ffff>8939220e26bffff>8939220e27bffff>8939220e247ffff>8939220e243ffff>8939220e253ffff>8939220f527ffff
evening,225325,113,64,188,3.268,8939220f6a3ffff>8939220f6afffff>8939220f0dbffff>8939220f0cbffff>8939220f0cfffff>8939220f057ffff>8939220f00bffff>8939220f073ffff>8939220f063ffff>8939220f067ffff
evening,225325,113,65,187,5.442,8939220f02fffff>8939220f02bffff>8939220f067ffff>8939220f393ffff>8939220f383ffff>8939220f397ffff>8939220f387ffff>8939220f3b3ffff>8939220f3a3ffff>8939220f3a7ffff>8939220c6d3ffff>8939220f16fffff>8939220c69bffff>8939220c68bffff>8939220c683ffff>8939220c68fffff
evening,225325,113,66,186,5.816,8939220f02fffff>8939220f393ffff>8939220f397ffff>8939220f14bffff>8939220f3b3ffff>8939220f3bbffff>8939220f317ffff>8939220f307ffff>8939220f33bffff>8939220f377ffff>8939220f363ffff>8939220f36bffff>8939220d4b7ffff>8939220d4b3ffff>8939220d4a3ffff>8939220d4bbffff>8939220d4abffff
evening,225325,113,67,185,9.04,8939220c697ffff>8939220f12fffff>8939220f127ffff>8939220f123ffff>8939220f137ffff>8939220c4dbffff>8939220c4d3ffff>8939220e26bffff>8939220e27bffff>8939220e24fffff>8939220e247ffff>8939220e243ffff>8939220e253ffff>8939220f527ffff>8939220f523ffff>8939220f533ffff>8939220f5abffff>8939220f517ffff>8939220f513ffff>8939220f5c7ffff>8939220f5c3ffff>8939220f5dbffff>8939220f4afffff>8939220f4abffff>8939220f407ffff>8939220f403ffff
evening,225325,113,68,185,5.065,8939220f6b3ffff>8939220f687ffff>8939220f683ffff>8939220f68fffff>8939220f617ffff>8939220f6abffff>8939220f6afffff>8939220f0dbffff>8939220f0cbffff>8939220f0cfffff>8939220f057ffff>8939220f00bffff>8939220f073ffff>8939220f063ffff>8939220f067ffff
evening,225325,113,69,185,3.998,8939220f067ffff>8939220f063ffff>8939220f073ffff>8939220f00bffff>8939220f057ffff>8939220f0cfffff>8939220f0c7ffff>8939220f013ffff>8939220f08bffff>8939220f08fffff>8939220f083ffff>8939220f097ffff
evening,225325,113,70,185,3.975,8939220f6b3ffff>8939220f687ffff>8939220f683ffff>8939220f69bffff>8939220a96fffff>8939220a963ffff>8939220a973ffff>8939220a947ffff>8939220a94fffff>8939220a947ffff>8939220a943ffff>8939220a957ffff
evening,225325,113,71,185,3.638,8939220f397ffff>8939220f15bffff>8939220f027ffff>8939220f023ffff>8939220f03bffff>8939220f00fffff>8939220f003ffff>8939220f013ffff>8939220f08fffff>8939220f083ffff>8939220f097ffff
evening,225325,113,72,185,3.292,8939220f457ffff>8939220f447ffff>8939220f47bffff>8939220f6b7ffff>8939220f6a7ffff>8939220f0dbffff>8939220f637ffff>8939220f627ffff>8939220f623ffff>8939220f62bffff
evening,225325,113,73,185,3.262,8939220f007ffff>8939220f017ffff>8939220f0abffff>8939220f0bbffff>8939220f0b3ffff>8939220f087ffff>8939220f54bffff>8939220f55bffff>8939220f543ffff>8939220f55bffff
evening,225325,113,74,184,6.498,8939220f537ffff>8939220f533ffff>8939220f5abffff>8939220f517ffff>8939220f513ffff>8939220f5c7ffff>8939220f5c3ffff>8939220f5dbffff>8939220f4afffff>8939220f4abffff>8939220f407ffff>8939220f403ffff>8939220f41bffff>8939220f40bffff>8939220f457ffff>8939220f447ffff>8939220f47bffff>8939220f6b7ffff>8939220f6a7ffff
evening,225325,113,75,184,5.837,8939220f14bffff>8939220f3b3ffff>8939220f3bbffff>8939220f317ffff>8939220f307ffff>8939220f33bffff>8939220f377ffff>8939220f363ffff>8939220f36bffff>8939220d4b7ffff>8939220d4b3ffff>8939220d4a3ffff>8939220d4bbffff>8939220d4abffff>8939220d433ffff>8939220d43bffff>8939220d42bffff
evening,225325,113,76,184,5.481,8939220f43bffff>8939220f407ffff>8939220f417ffff>8939220f48fffff>8939220f483ffff>8939220f493ffff>89392201a2bffff>89392201a3bffff>89392201a07ffff>89392201a17ffff>89392201a8fffff>89392201a8bffff>89392201ac7ffff>89392201ac3ffff>89392201acbffff>8939220ad37ffff
evening,225325,113,77,184,4.016,8939220f397ffff>8939220f15bffff>8939220f027ffff>8939220f037ffff>8939220f1cbffff>8939220f1dbffff>8939220f1d3ffff>8939220f56fffff>8939220f567ffff>8939220f52bffff>8939220f523ffff>8939220f537ffff
evening,225325,113,78,183,6.494,8939220f027ffff>8939220f023ffff>8939220f03bffff>8939220f00fffff>8939220f003ffff>8939220f013ffff>8939220f08bffff>8939220f0d7ffff>8939220f0d3ffff>8939220f46bffff>8939220f6b7ffff>8939220f6b3ffff>8939220f687ffff>8939220f683ffff>8939220f69bffff>8939220a96fffff>8939220a963ffff>8939220a973ffff>8939220a947ffff
evening,225325,113,79,183,5.832,8939220f447ffff>8939220f47bffff>8939220f6b7ffff>8939220f6a7ffff>8939220f0dbffff>8939220f637ffff>8939220f627ffff>8939220f623ffff>8939220f637ffff>8939220f0cbffff>8939220f627ffff>8939220f053ffff>8939220f043ffff>8939220f047ffff>8939220f07bffff>8939220f06bffff>8939220f3d3ffff
evening,225325,113,80,183,4.748,8939220f44fffff>8939220f47bffff>8939220f447ffff>8939220f457ffff>8939220f40bffff>8939220f41bffff>8939220f40bffff>8939220f403ffff>8939220f407ffff>8939220f417ffff>8939220f48fffff>8939220f483ffff>8939220f493ffff>89392201a2bffff
evening,225325,113,81,183,4.37,8939220c697ffff>8939220f12fffff>8939220f127ffff>8939220f137ffff>8939220c4dbffff>8939220c4d3ffff>8939220e26bffff>8939220e27bffff>8939220e247ffff>8939220e243ffff>8939220e257ffff>8939220e253ffff>8939220f527ffff
evening,225325,113,82,182,6.893,8939220f19bffff>8939220f567ffff>8939220f52bffff>8939220f523ffff>8939220f537ffff>8939220f533ffff>8939220f5abffff>8939220f517ffff>8939220f513ffff>8939220f5c7ffff>8939220f5c3ffff>8939220f5dbffff>8939220f4afffff>8939220f4abffff>8939220f407ffff>8939220f417ffff>8939220f48fffff>8939220f483ffff>8939220f493ffff>89392201a2bffff
evening,225325,113,83,181,5.413,8939220e66fffff>8939220e2d7ffff>8939220e2c3ffff>8939220e2cbffff>8939220f537ffff>8939220f533ffff>8939220f5abffff>8939220f517ffff>8939220f513ffff>8939220f5c7ffff>8939220f5c3ffff>8939220f5dbffff>8939220f4afffff>8939220f4abffff>8939220f407ffff>8939220f417ffff
evening,225325,113,84,180,9.748,8939220c697ffff>8939220f12fffff>8939220f127ffff>8939220f123ffff>8939220f137ffff>8939220c4dbffff>8939220c4d3ffff>8939220e26bffff>8939220e27bffff>8939220e24fffff>8939220e247ffff>8939220e243ffff>8939220e257ffff>8939220e253ffff>8939220f527ffff>8939220f523ffff>8939220f537ffff>8939220f533ffff>8939220f5abffff>8939220f517ffff>8939220f513ffff>8939220f5c7ffff>8939220f5c3ffff>8939220f5dbffff>8939220f4afffff>8939220f4abffff>8939220f407ffff>8939220f403ffff
evening,225325,113,85,180,6.531,8939220a9cfffff>8939220a957ffff>8939220a943ffff>8939220a94fffff>8939220abb7ffff>8939220a96bffff>8939220f6d3ffff>8939220f6d7ffff>8939220f68bffff>8939220f613ffff>8939220f68fffff>8939220f617ffff>8939220f6abffff>8939220f6afffff>8939220f0dbffff>8939220f0cbffff>8939220f0cfffff>8939220f057ffff>8939220f00bffff
evening,225325,113,86,179,10.487,8939220f167ffff>8939220c69bffff>8939220c683ffff>8939220c693ffff>8939220c697ffff>8939220f12fffff>8939220f127ffff>8939220f123ffff>8939220f137ffff>8939220c4dbffff>8939220c4d3ffff>8939220e26bffff>8939220e27bffff>8939220e24fffff>8939220e247ffff>8939220e243ffff>8939220e257ffff>8939220e253ffff>8939220f527ffff>8939220f523ffff>8939220f533ffff>8939220f5abffff>8939220f517ffff>8939220f513ffff>8939220f5c7ffff>8939220f5c3ffff>8939220f5dbffff>8939220f4afffff>8939220f4abffff>8939220f407ffff
evening,225325,113,87,179,4.371,8939220f1b3ffff>8939220f1bbffff>8939220f18fffff>8939220f183ffff>8939220f18bffff>8939220f1c7ffff>8939220f1c3ffff>8939220f1cfffff>8939220f1c3ffff>8939220f1cbffff>8939220f1dbffff>8939220f1cbffff>8939220f037ffff
evening,225325,113,88,178,9.772,8939220f167ffff>8939220c69bffff>8939220c683ffff>8939220c697ffff>8939220f12fffff>8939220f127ffff>8939220f123ffff>8939220f137ffff>8939220c4dbffff>8939220c4d3ffff>8939220e26bffff>8939220e27bffff>8939220e24fffff>8939220e247ffff>8939220e243ffff>8939220e253ffff>8939220f527ffff>8939220f523ffff>8939220f533ffff>8939220f5abffff>8939220f517ffff>8939220f513ffff>8939220f5c7ffff>8939220f5c3ffff>8939220f5dbffff>8939220f4afffff>8939220f4abffff>8939220f407ffff
evening,225325,113,89,178,4.728,8939220f123ffff>8939220f12fffff>8939220c693ffff>8939220c683ffff>8939220c68bffff>8939220c69bffff>8939220f16fffff>8939220c6d3ffff>8939220f3a7ffff>8939220f3a3ffff>8939220f3b3ffff>8939220f387ffff>8939220f397ffff>8939220f383ffff
evening,225325,113,90,177,5.762,8939220e253ffff>8939220f527ffff>8939220f523ffff>8939220f533ffff>8939220f5abffff>8939220f517ffff>8939220f513ffff>8939220f5c7ffff>8939220f5c3ffff>8939220f5dbffff>8939220f4afffff>8939220f4abffff>8939220f407ffff>8939220f403ffff>8939220f40bffff>8939220f457ffff>8939220f447ffff
evening,225325,113,91,177,3.281,8939220f093ffff>8939220f083ffff>8939220f08fffff>8939220f013ffff>8939220f003ffff>8939220f00fffff>8939220f03bffff>8939220f077ffff>8939220f02bffff>8939220f023ffff
evening,225325,113,92,177,3.273,8939220f083ffff>8939220f08fffff>8939220f013ffff>8939220f003ffff>8939220f00fffff>8939220f03bffff>8939220f077ffff>8939220f02bffff>8939220f02fffff>8939220f023ffff
evening,225325,113,93,176,4.356,8939220e2abffff>8939220e2bbffff>8939220e2a3ffff>8939220e2b7ffff>8939220e04fffff>8939220e07bffff>8939220e047ffff>8939220e073ffff>8939220e00fffff>8939220e007ffff>8939220e0abffff>8939220e0afffff>8939220e0a7ffff
evening,225325,113,94,175,3.278,8939220f00fffff>8939220f007ffff>8939220f017ffff>8939220f0abffff>8939220f0bbffff>8939220f0b3ffff>8939220f087ffff>8939220f54bffff>8939220f0b3ffff>8939220f54fffff
evening,225325,113,95,174,5.871,8939220f407ffff>8939220f417ffff>8939220f48fffff>8939220f483ffff>8939220f493ffff>89392201a2bffff>89392201a3bffff>89392201a07ffff>89392201a17ffff>89392201a8fffff>89392201a8bffff>89392201a83ffff>89392201a8bffff>89392201a9bffff>89392201e67ffff>89392201e77ffff>89392201e0fffff
evening,225325,113,96,174,5.802,8939220f02fffff>8939220f027ffff>8939220f023ffff>8939220f027ffff>8939220f037ffff>8939220f1cbffff>8939220f1dbffff>8939220f1d3ffff>8939220f56fffff>8939220f567ffff>8939220f52bffff>8939220f523ffff>8939220f537ffff>8939220f533ffff>8939220f5abffff>8939220f517ffff>8939220f513ffff
evening,225325,113,97,174,4.326,8939220f41bffff>8939220f403ffff>8939220f40fffff>8939220f43bffff>8939220f423ffff>8939220f42bffff>8939220f42fffff>8939220f55bffff>8939220f543ffff>8939220f54fffff>8939220f57bffff>8939220f563ffff>8939220f56fffff
evening,225325,113,98,174,4.323,8939220f413ffff>8939220f41bffff>8939220f403ffff>8939220f40fffff>8939220f43bffff>8939220f423ffff>8939220f42bffff>8939220f42fffff>8939220f55bffff>8939220f543ffff>8939220f54fffff>8939220f57bffff>8939220f563ffff
evening,225325,113,99,174,3.628,8939220f083ffff>8939220f08fffff>8939220f013ffff>8939220f003ffff>8939220f00fffff>8939220f03bffff>8939220f077ffff>8939220f02bffff>8939220f02fffff>8939220f02bffff>8939220f067ffff
evening,225325,113,100,174,3.297,8939220f567ffff>8939220f52bffff>8939220f193ffff>8939220f52fffff>8939220f197ffff>8939220e25bffff>8939220e24bffff>8939220e243ffff>8939220e24fffff>8939220e247ffff
